[56750.655165] AICWFDBG(LOGDEBUG)\x09scan channel:52(5260) \x0d
[56750.655185] AICWFDBG(LOGDEBUG)\x09scan channel:56(5280) \x0d
[56750.655200] AICWFDBG(LOGDEBUG)\x09scan channel:60(5300) \x0d
[56750.655214] AICWFDBG(LOGDEBUG)\x09scan channel:64(5320) \x0d
[56750.655230] AICWFDBG(LOGDEBUG)\x09scan channel:149(5745) \x0d
[56750.655249] AICWFDBG(LOGDEBUG)\x09scan channel:153(5765) \x0d
[56750.655264] AICWFDBG(LOGDEBUG)\x09scan channel:157(5785) \x0d
[56750.655280] AICWFDBG(LOGDEBUG)\x09scan channel:161(5805) \x0d
[56750.655302] AICWFDBG(LOGDEBUG)\x09scan channel:165(5825) \x0d
[56750.655324] AICWFDBG(LOGTRACE)\x09rwnx_send_msg (4105)SCANU_START_CFM_ADDTIONAL reqcfm:1 in_irq:0 in_softirq:0 in_atomic:0\x0d
[56750.655349] AICWFDBG(LOGTRACE)\x09rwnx_cmd_malloc get cmd_array[0]:00000000f100465a \x0d
[56750.656055] AICWFDBG(LOGDEBUG)\x09rwnx_rx_handle_msg msg->id:0x1009 \x0d
[56750.656142] AICWFDBG(LOGTRACE)\x09rwnx_cmd_free cmd_array[0]:00000000f100465a \x0d
[56750.677112] AICWFDBG(LOGDEBUG)\x09rwnx_rx_handle_msg msg->id:0x1004 \x0d
[56750.711241] AICWFDBG(LOGDEBUG)\x09rwnx_rx_handle_msg msg->id:0x4f \x0d
[56750.718360] AICWFDBG(LOGDEBUG)\x09rwnx_rx_handle_msg msg->id:0x1004 \x0d
[56750.746931] AICWFDBG(LOGDEBUG)\x09rwnx_rx_handle_msg msg->id:0x4f \x0d
[56750.747249] AICWFDBG(LOGDEBUG)\x09rwnx_rx_handle_msg msg->id:0x1004 \x0d
[56750.753830] AICWFDBG(LOGDEBUG)\x09rwnx_rx_handle_msg msg->id:0x1004 \x0d
[56750.779552] AICWFDBG(LOGDEBUG)\x09rwnx_rx_handle_msg msg->id:0x1004 \x0d
[56750.781980] AICWFDBG(LOGDEBUG)\x09rwnx_rx_handle_msg msg->id:0x4f \x0d
[56750.816997] AICWFDBG(LOGDEBUG)\x09rwnx_rx_handle_msg msg->id:0x4f \x0d
[56750.852004] AICWFDBG(LOGDEBUG)\x09rwnx_rx_handle_msg msg->id:0x4f \x0d
[56750.907059] AICWFDBG(LOGDEBUG)\x09rwnx_rx_handle_msg msg->id:0x4f \x0d
[56750.942049] AICWFDBG(LOGDEBUG)\x09rwnx_rx_handle_msg msg->id:0x4f \x0d
[56750.977066] AICWFDBG(LOGDEBUG)\x09rwnx_rx_handle_msg msg->id:0x4f \x0d
[56750.980138] AICWFDBG(LOGDEBUG)\x09rwnx_rx_handle_msg msg->id:0x1004 \x0d
[56750.980618] AICWFDBG(LOGDEBUG)\x09rwnx_rx_handle_msg msg->id:0x1004 \x0d
[56751.012075] AICWFDBG(LOGDEBUG)\x09rwnx_rx_handle_msg msg->id:0x4f \x0d
[56751.047115] AICWFDBG(LOGDEBUG)\x09rwnx_rx_handle_msg msg->id:0x4f \x0d
[56751.102123] AICWFDBG(LOGDEBUG)\x09rwnx_rx_handle_msg msg->id:0x4f \x0d
[56751.137137] AICWFDBG(LOGDEBUG)\x09rwnx_rx_handle_msg msg->id:0x4f \x0d
[56751.192048] AICWFDBG(LOGDEBUG)\x09rwnx_rx_handle_msg msg->id:0x4f \x0d
[56751.193774] AICWFDBG(LOGDEBUG)\x09rwnx_rx_handle_msg msg->id:0x1004 \x0d
[56751.247214] AICWFDBG(LOGDEBUG)\x09rwnx_rx_handle_msg msg->id:0x4f \x0d
[56751.282265] AICWFDBG(LOGDEBUG)\x09rwnx_rx_handle_msg msg->id:0x4f \x0d
[56751.337269] AICWFDBG(LOGDEBUG)\x09rwnx_rx_handle_msg msg->id:0x4f \x0d
[56751.339433] AICWFDBG(LOGDEBUG)\x09rwnx_rx_handle_msg msg->id:0x1004 \x0d
[56751.365341] AICWFDBG(LOGDEBUG)\x09rwnx_rx_handle_msg msg->id:0x1004 \x0d
[56751.366033] AICWFDBG(LOGDEBUG)\x09rwnx_rx_handle_msg msg->id:0x1004 \x0d
[56751.372266] AICWFDBG(LOGDEBUG)\x09rwnx_rx_handle_msg msg->id:0x4f \x0d
[56751.407285] AICWFDBG(LOGDEBUG)\x09rwnx_rx_handle_msg msg->id:0x4f \x0d
[56751.442330] AICWFDBG(LOGDEBUG)\x09rwnx_rx_handle_msg msg->id:0x4f \x0d
[56751.477347] AICWFDBG(LOGDEBUG)\x09rwnx_rx_handle_msg msg->id:0x4f \x0d
[56751.512363] AICWFDBG(LOGDEBUG)\x09rwnx_rx_handle_msg msg->id:0x4f \x0d
[56751.547370] AICWFDBG(LOGDEBUG)\x09rwnx_rx_handle_msg msg->id:0x4f \x0d
[56751.602738] AICWFDBG(LOGDEBUG)\x09rwnx_rx_handle_msg msg->id:0x4f \x0d
[56751.657450] AICWFDBG(LOGDEBUG)\x09rwnx_rx_handle_msg msg->id:0x4f \x0d
[56751.661864] read descriptors
[56751.661981] read strings
[56751.664086] init: processing action (sys.usb.config=adb && sys.usb.configfs=1 && sys.usb.ffs.ready=1) from (/system/etc/init/hw/init.usb.configfs.rc:21)
[56751.668248] init: Command 'symlink /config/usb_gadget/g1/functions/ffs.adb /config/usb_gadget/g1/configs/b.1/f1' action=sys.usb.config=adb && sys.usb.configfs=1 && sys.usb.ffs.ready=1 (/system/etc/init/hw/init.usb.configfs.rc:23) took 1ms and failed: symlink() failed: File exists
[56751.668911] init: Command 'write /config/usb_gadget/g1/UDC ${sys.usb.controller}' action=sys.usb.config=adb && sys.usb.configfs=1 && sys.usb.ffs.ready=1 (/system/etc/init/hw/init.usb.configfs.rc:24) took 0ms and failed: property 'sys.usb.controller' doesn't exist while expanding '${sys.usb.controller}'
[56751.721433] AICWFDBG(LOGDEBUG)\x09rwnx_rx_handle_msg msg->id:0x4f \x0d
[56751.747475] AICWFDBG(LOGDEBUG)\x09rwnx_rx_handle_msg msg->id:0x4f \x0d
[56751.747662] AICWFDBG(LOGDEBUG)\x09rwnx_rx_handle_msg msg->id:0x1001 \x0d
[56751.747694] AICWFDBG(LOGTRACE)\x09>>> rwnx_rx_scanu_start_cfm()
[56752.708421] read descriptors
[56752.708517] read strings
[56752.710251] init: processing action (sys.usb.config=adb && sys.usb.configfs=1 && sys.usb.ffs.ready=1) from (/system/etc/init/hw/init.usb.configfs.rc:21)
[56753.761465] read descriptors
[56753.761542] read strings
[56754.811883] read descriptors
[56754.811997] read strings
[56754.814050] init: processing action (sys.usb.config=adb && sys.usb.configfs=1 && sys.usb.ffs.ready=1) from (/system/etc/init/hw/init.usb.configfs.rc:21)
[56754.817996] init: Command 'symlink /config/usb_gadget/g1/functions/ffs.adb /config/usb_gadget/g1/configs/b.1/f1' action=sys.usb.config=adb && sys.usb.configfs=1 && sys.usb.ffs.ready=1 (/system/etc/init/hw/init.usb.configfs.rc:23) took 1ms and failed: symlink() failed: File exists
[56754.818662] init: Command 'write /config/usb_gadget/g1/UDC ${sys.usb.controller}' action=sys.usb.config=adb && sys.usb.configfs=1 && sys.usb.ffs.ready=1 (/system/etc/init/hw/init.usb.configfs.rc:24) took 0ms and failed: property 'sys.usb.controller' doesn't exist while expanding '${sys.usb.controller}'
[56755.868513] read descriptors
[56755.868645] read strings
[56755.870523] init: processing action (sys.usb.config=adb && sys.usb.configfs=1 && sys.usb.ffs.ready=1) from (/system/etc/init/hw/init.usb.configfs.rc:21)
[56755.874557] init: Command 'symlink /config/usb_gadget/g1/functions/ffs.adb /config/usb_gadget/g1/configs/b.1/f1' action=sys.usb.config=adb && sys.usb.configfs=1 && sys.usb.ffs.ready=1 (/system/etc/init/hw/init.usb.configfs.rc:23) took 1ms and failed: symlink() failed: File exists
[56755.875225] init: Command 'write /config/usb_gadget/g1/UDC ${sys.usb.controller}' action=sys.usb.config=adb && sys.usb.configfs=1 && sys.usb.ffs.ready=1 (/system/etc/init/hw/init.usb.configfs.rc:24) took 0ms and failed: property 'sys.usb.controller' doesn't exist while expanding '${sys.usb.controller}'
[56756.908523] read descriptors
[56756.908614] read strings
[56756.910484] init: processing action (sys.usb.config=adb && sys.usb.configfs=1 && sys.usb.ffs.ready=1) from (/system/etc/init/hw/init.usb.configfs.rc:21)
[56756.914472] init: Command 'symlink /config/usb_gadget/g1/functions/ffs.adb /config/usb_gadget/g1/configs/b.1/f1' action=sys.usb.config=adb && sys.usb.configfs=1 && sys.usb.ffs.ready=1 (/system/etc/init/hw/init.usb.configfs.rc:23) took 1ms and failed: symlink() failed: File exists
[56756.915152] init: Command 'write /config/usb_gadget/g1/UDC ${sys.usb.controller}' action=sys.usb.config=adb && sys.usb.configfs=1 && sys.usb.ffs.ready=1 (/system/etc/init/hw/init.usb.configfs.rc:24) took 0ms and failed: property 'sys.usb.controller' doesn't exist while expanding '${sys.usb.controller}'
[56757.971935] read descriptors
[56757.972051] read strings
[56757.974105] init: processing action (sys.usb.config=adb && sys.usb.configfs=1 && sys.usb.ffs.ready=1) from (/system/etc/init/hw/init.usb.configfs.rc:21)
[56759.055196] read descriptors
[56759.055307] read strings
[56760.128076] read descriptors
[56760.128232] read strings
[56760.129195] init: processing action (sys.usb.config=adb && sys.usb.configfs=1 && sys.usb.ffs.ready=1) from (/system/etc/init/hw/init.usb.configfs.rc:21)
[56760.131351] init: Command 'symlink /config/usb_gadget/g1/functions/ffs.adb /config/usb_gadget/g1/configs/b.1/f1' action=sys.usb.config=adb && sys.usb.configfs=1 && sys.usb.ffs.ready=1 (/system/etc/init/hw/init.usb.configfs.rc:23) took 0ms and failed: symlink() failed: File exists
[56760.131740] init: Command 'write /config/usb_gadget/g1/UDC ${sys.usb.controller}' action=sys.usb.config=adb && sys.usb.configfs=1 && sys.usb.ffs.ready=1 (/system/etc/init/hw/init.usb.configfs.rc:24) took 0ms and failed: property 'sys.usb.controller' doesn't exist while expanding '${sys.usb.controller}'
[56760.661551] AICWFDBG(LOGTRACE)\x09>>> rwnx_cfg80211_scan()
[56760.661645] AICWFDBG(LOGTRACE)\x09>>> rwnx_send_scanu_req()
[56760.661676] AICWFDBG(LOGDEBUG)\x09scan channel:1(2412) \x0d
[56760.661705] AICWFDBG(LOGDEBUG)\x09scan channel:2(2417) \x0d
[56760.661730] AICWFDBG(LOGDEBUG)\x09scan channel:3(2422) \x0d
[56760.661753] AICWFDBG(LOGDEBUG)\x09scan channel:4(2427) \x0d
[56760.661778] AICWFDBG(LOGDEBUG)\x09scan channel:5(2432) \x0d
[56760.661802] AICWFDBG(LOGDEBUG)\x09scan channel:6(2437) \x0d
[56760.661833] AICWFDBG(LOGDEBUG)\x09scan channel:7(2442) \x0d
[56760.661856] AICWFDBG(LOGDEBUG)\x09scan channel:8(2447) \x0d
[56760.661878] AICWFDBG(LOGDEBUG)\x09scan channel:9(2452) \x0d
[56760.661908] AICWFDBG(LOGDEBUG)\x09scan channel:10(2457) \x0d
[56760.661931] AICWFDBG(LOGDEBUG)\x09scan channel:11(2462) \x0d
[56760.661958] AICWFDBG(LOGDEBUG)\x09scan channel:12(2467) \x0d
[56760.661983] AICWFDBG(LOGDEBUG)\x09scan channel:13(2472) \x0d
[56760.662006] AICWFDBG(LOGDEBUG)\x09scan channel:36(5180) \x0d
[56760.662033] AICWFDBG(LOGDEBUG)\x09scan channel:40(5200) \x0d
[56760.662054] AICWFDBG(LOGDEBUG)\x09scan channel:44(5220) \x0d
[56760.662077] AICWFDBG(LOGDEBUG)\x09scan channel:48(5240) \x0d
[56760.662100] AICWFDBG(LOGDEBUG)\x09scan channel:52(5260) \x0d
[56760.662122] AICWFDBG(LOGDEBUG)\x09scan channel:56(5280) \x0d
[56760.662153] AICWFDBG(LOGDEBUG)\x09scan channel:60(5300) \x0d
[56760.662176] AICWFDBG(LOGDEBUG)\x09scan channel:64(5320) \x0d
[56760.662199] AICWFDBG(LOGDEBUG)\x09scan channel:149(5745) \x0d
[56760.662228] AICWFDBG(LOGDEBUG)\x09scan channel:153(5765) \x0d
[56760.662251] AICWFDBG(LOGDEBUG)\x09scan channel:157(5785) \x0d
[56760.662278] AICWFDBG(LOGDEBUG)\x09scan channel:161(5805) \x0d
[56760.662302] AICWFDBG(LOGDEBUG)\x09scan channel:165(5825) \x0d
[56760.662331] AICWFDBG(LOGTRACE)\x09rwnx_send_msg (4105)SCANU_START_CFM_ADDTIONAL reqcfm:1 in_irq:0 in_softirq:0 in_atomic:0\x0d
[56760.662378] AICWFDBG(LOGTRACE)\x09rwnx_cmd_malloc get cmd_array[0]:00000000f100465a \x0d
[56760.663308] AICWFDBG(LOGDEBUG)\x09rwnx_rx_handle_msg msg->id:0x1009 \x0d
[56760.663411] AICWFDBG(LOGTRACE)\x09rwnx_cmd_free cmd_array[0]:00000000f100465a \x0d
[56760.686761] AICWFDBG(LOGDEBUG)\x09rwnx_rx_handle_msg msg->id:0x1004 \x0d
[56760.718261] AICWFDBG(LOGDEBUG)\x09rwnx_rx_handle_msg msg->id:0x4f \x0d
[56760.725382] AICWFDBG(LOGDEBUG)\x09rwnx_rx_handle_msg msg->id:0x1004 \x0d
[56760.731804] AICWFDBG(LOGDEBUG)\x09rwnx_rx_handle_msg msg->id:0x1004 \x0d
[56760.738671] AICWFDBG(LOGDEBUG)\x09rwnx_rx_handle_msg msg->id:0x1004 \x0d
[56760.753391] AICWFDBG(LOGDEBUG)\x09rwnx_rx_handle_msg msg->id:0x4f \x0d
[56760.760977] AICWFDBG(LOGDEBUG)\x09rwnx_rx_handle_msg msg->id:0x1004 \x0d
[56760.782013] AICWFDBG(LOGDEBUG)\x09rwnx_rx_handle_msg msg->id:0x1004 \x0d
[56760.789064] AICWFDBG(LOGDEBUG)\x09rwnx_rx_handle_msg msg->id:0x4f \x0d
[56760.789328] AICWFDBG(LOGDEBUG)\x09rwnx_rx_handle_msg msg->id:0x1004 \x0d
[56760.824150] AICWFDBG(LOGDEBUG)\x09rwnx_rx_handle_msg msg->id:0x4f \x0d
[56760.859170] AICWFDBG(LOGDEBUG)\x09rwnx_rx_handle_msg msg->id:0x4f \x0d
[56760.914191] AICWFDBG(LOGDEBUG)\x09rwnx_rx_handle_msg msg->id:0x4f \x0d
[56760.949160] AICWFDBG(LOGDEBUG)\x09rwnx_rx_handle_msg msg->id:0x4f \x0d
[56760.968510] AICWFDBG(LOGDEBUG)\x09rwnx_rx_handle_msg msg->id:0x1004 \x0d
[56760.984287] AICWFDBG(LOGDEBUG)\x09rwnx_rx_handle_msg msg->id:0x4f \x0d
[56760.986745] AICWFDBG(LOGDEBUG)\x09rwnx_rx_handle_msg msg->id:0x1004 \x0d
[56760.987425] AICWFDBG(LOGDEBUG)\x09rwnx_rx_handle_msg msg->id:0x1004 \x0d
[56761.009432] AICWFDBG(LOGDEBUG)\x09rwnx_rx_handle_msg msg->id:0x1004 \x0d
[56761.012532] AICWFDBG(LOGDEBUG)\x09rwnx_rx_handle_msg msg->id:0x1004 \x0d
[56761.019242] AICWFDBG(LOGDEBUG)\x09rwnx_rx_handle_msg msg->id:0x4f \x0d
[56761.054313] AICWFDBG(LOGDEBUG)\x09rwnx_rx_handle_msg msg->id:0x4f \x0d
[56761.107878] AICWFDBG(LOGDEBUG)\x09rwnx_rx_handle_msg msg->id:0x1004 \x0d
[56761.109204] AICWFDBG(LOGDEBUG)\x09rwnx_rx_handle_msg msg->id:0x4f \x0d
[56761.144359] AICWFDBG(LOGDEBUG)\x09rwnx_rx_handle_msg msg->id:0x4f \x0d
[56761.198437] read descriptors
[56761.198561] read strings
[56761.199356] AICWFDBG(LOGDEBUG)\x09rwnx_rx_handle_msg msg->id:0x4f \x0d
[56761.200658] init: processing action (sys.usb.config=adb && sys.usb.configfs=1 && sys.usb.ffs.ready=1) from (/system/etc/init/hw/init.usb.configfs.rc:21)
[56761.201292] AICWFDBG(LOGDEBUG)\x09rwnx_rx_handle_msg msg->id:0x1004 \x0d
[56761.204626] init: Command 'symlink /config/usb_gadget/g1/functions/ffs.adb /config/usb_gadget/g1/configs/b.1/f1' action=sys.usb.config=adb && sys.usb.configfs=1 && sys.usb.ffs.ready=1 (/system/etc/init/hw/init.usb.configfs.rc:23) took 1ms and failed: symlink() failed: File exists
[56761.205299] init: Command 'write /config/usb_gadget/g1/UDC ${sys.usb.controller}' action=sys.usb.config=adb && sys.usb.configfs=1 && sys.usb.ffs.ready=1 (/system/etc/init/hw/init.usb.configfs.rc:24) took 0ms and failed: property 'sys.usb.controller' doesn't exist while expanding '${sys.usb.controller}'
[56761.213865] AICWFDBG(LOGDEBUG)\x09rwnx_rx_handle_msg msg->id:0x1004 \x0d
[56761.254456] AICWFDBG(LOGDEBUG)\x09rwnx_rx_handle_msg msg->id:0x4f \x0d
[56761.289254] AICWFDBG(LOGDEBUG)\x09rwnx_rx_handle_msg msg->id:0x4f \x0d
[56761.344467] AICWFDBG(LOGDEBUG)\x09rwnx_rx_handle_msg msg->id:0x4f \x0d
[56761.346532] AICWFDBG(LOGDEBUG)\x09rwnx_rx_handle_msg msg->id:0x1004 \x0d
[56761.379448] AICWFDBG(LOGDEBUG)\x09rwnx_rx_handle_msg msg->id:0x4f \x0d
[56761.414525] AICWFDBG(LOGDEBUG)\x09rwnx_rx_handle_msg msg->id:0x4f \x0d
[56761.449431] AICWFDBG(LOGDEBUG)\x09rwnx_rx_handle_msg msg->id:0x4f \x0d
[56761.484511] AICWFDBG(LOGDEBUG)\x09rwnx_rx_handle_msg msg->id:0x4f \x0d
[56761.519513] AICWFDBG(LOGDEBUG)\x09rwnx_rx_handle_msg msg->id:0x4f \x0d
[56761.554534] AICWFDBG(LOGDEBUG)\x09rwnx_rx_handle_msg msg->id:0x4f \x0d
[56761.609519] AICWFDBG(LOGDEBUG)\x09rwnx_rx_handle_msg msg->id:0x4f \x0d
[56761.664590] AICWFDBG(LOGDEBUG)\x09rwnx_rx_handle_msg msg->id:0x4f \x0d
[56761.719592] AICWFDBG(LOGDEBUG)\x09rwnx_rx_handle_msg msg->id:0x4f \x0d
[56761.754627] AICWFDBG(LOGDEBUG)\x09rwnx_rx_handle_msg msg->id:0x4f \x0d
[56761.754720] AICWFDBG(LOGDEBUG)\x09rwnx_rx_handle_msg msg->id:0x1001 \x0d
[56761.754749] AICWFDBG(LOGTRACE)\x09>>> rwnx_rx_scanu_start_cfm()
[56762.268508] read descriptors
[56762.268604] read strings
[56762.270459] init: processing action (sys.usb.config=adb && sys.usb.configfs=1 && sys.usb.ffs.ready=1) from (/system/etc/init/hw/init.usb.configfs.rc:21)
[56762.274441] init: Command 'symlink /config/usb_gadget/g1/functions/ffs.adb /config/usb_gadget/g1/configs/b.1/f1' action=sys.usb.config=adb && sys.usb.configfs=1 && sys.usb.ffs.ready=1 (/system/etc/init/hw/init.usb.configfs.rc:23) took 1ms and failed: symlink() failed: File exists
[56762.275112] init: Command 'write /config/usb_gadget/g1/UDC ${sys.usb.controller}' action=sys.usb.config=adb && sys.usb.configfs=1 && sys.usb.ffs.ready=1 (/system/etc/init/hw/init.usb.configfs.rc:24) took 0ms and failed: property 'sys.usb.controller' doesn't exist while expanding '${sys.usb.controller}'
[56763.315193] read descriptors
[56763.315311] read strings
[56763.317535] init: processing action (sys.usb.config=adb && sys.usb.configfs=1 && sys.usb.ffs.ready=1) from (/system/etc/init/hw/init.usb.configfs.rc:21)
[56764.355360] read descriptors
[56764.355475] read strings
[56765.431972] read descriptors
[56765.432085] read strings
[56765.434060] init: processing action (sys.usb.config=adb && sys.usb.configfs=1 && sys.usb.ffs.ready=1) from (/system/etc/init/hw/init.usb.configfs.rc:21)
[56765.438094] init: Command 'symlink /config/usb_gadget/g1/functions/ffs.adb /config/usb_gadget/g1/configs/b.1/f1' action=sys.usb.config=adb && sys.usb.configfs=1 && sys.usb.ffs.ready=1 (/system/etc/init/hw/init.usb.configfs.rc:23) took 1ms and failed: symlink() failed: File exists
[56765.438760] init: Command 'write /config/usb_gadget/g1/UDC ${sys.usb.controller}' action=sys.usb.config=adb && sys.usb.configfs=1 && sys.usb.ffs.ready=1 (/system/etc/init/hw/init.usb.configfs.rc:24) took 0ms and failed: property 'sys.usb.controller' doesn't exist while expanding '${sys.usb.controller}'
[56766.471391] read descriptors
[56766.471457] read strings
[56766.472669] init: processing action (sys.usb.config=adb && sys.usb.configfs=1 && sys.usb.ffs.ready=1) from (/system/etc/init/hw/init.usb.configfs.rc:21)
[56766.474860] init: Command 'symlink /config/usb_gadget/g1/functions/ffs.adb /config/usb_gadget/g1/configs/b.1/f1' action=sys.usb.config=adb && sys.usb.configfs=1 && sys.usb.ffs.ready=1 (/system/etc/init/hw/init.usb.configfs.rc:23) took 0ms and failed: symlink() failed: File exists
[56766.475232] init: Command 'write /config/usb_gadget/g1/UDC ${sys.usb.controller}' action=sys.usb.config=adb && sys.usb.configfs=1 && sys.usb.ffs.ready=1 (/system/etc/init/hw/init.usb.configfs.rc:24) took 0ms and failed: property 'sys.usb.controller' doesn't exist while expanding '${sys.usb.controller}'
[56767.508429] read descriptors
[56767.508521] read strings
[56767.510363] init: processing action (sys.usb.config=adb && sys.usb.configfs=1 && sys.usb.ffs.ready=1) from (/system/etc/init/hw/init.usb.configfs.rc:21)
[56767.514324] init: Command 'symlink /config/usb_gadget/g1/functions/ffs.adb /config/usb_gadget/g1/configs/b.1/f1' action=sys.usb.config=adb && sys.usb.configfs=1 && sys.usb.ffs.ready=1 (/system/etc/init/hw/init.usb.configfs.rc:23) took 1ms and failed: symlink() failed: File exists
[56767.514998] init: Command 'write /config/usb_gadget/g1/UDC ${sys.usb.controller}' action=sys.usb.config=adb && sys.usb.configfs=1 && sys.usb.ffs.ready=1 (/system/etc/init/hw/init.usb.configfs.rc:24) took 0ms and failed: property 'sys.usb.controller' doesn't exist while expanding '${sys.usb.controller}'
[56768.561956] read descriptors
[56768.562075] read strings
[56768.564199] init: processing action (sys.usb.config=adb && sys.usb.configfs=1 && sys.usb.ffs.ready=1) from (/system/etc/init/hw/init.usb.configfs.rc:21)
[56769.624762] read descriptors
[56769.624827] read strings
[56770.664044] AICWFDBG(LOGTRACE)\x09>>> rwnx_cfg80211_scan()
[56770.664136] AICWFDBG(LOGTRACE)\x09>>> rwnx_send_scanu_req()
[56770.664170] AICWFDBG(LOGDEBUG)\x09scan channel:1(2412) \x0d
[56770.664201] AICWFDBG(LOGDEBUG)\x09scan channel:2(2417) \x0d
[56770.664358] AICWFDBG(LOGDEBUG)\x09scan channel:3(2422) \x0d
[56770.664397] AICWFDBG(LOGDEBUG)\x09scan channel:4(2427) \x0d
[56770.664419] AICWFDBG(LOGDEBUG)\x09scan channel:5(2432) \x0d
[56770.664442] AICWFDBG(LOGDEBUG)\x09scan channel:6(2437) \x0d
[56770.664467] AICWFDBG(LOGDEBUG)\x09scan channel:7(2442) \x0d
[56770.664489] AICWFDBG(LOGDEBUG)\x09scan channel:8(2447) \x0d
[56770.664521] AICWFDBG(LOGDEBUG)\x09scan channel:9(2452) \x0d
[56770.664543] AICWFDBG(LOGDEBUG)\x09scan channel:10(2457) \x0d
[56770.664565] AICWFDBG(LOGDEBUG)\x09scan channel:11(2462) \x0d
[56770.664595] AICWFDBG(LOGDEBUG)\x09scan channel:12(2467) \x0d
[56770.664617] AICWFDBG(LOGDEBUG)\x09scan channel:13(2472) \x0d
[56770.664647] AICWFDBG(LOGDEBUG)\x09scan channel:36(5180) \x0d
[56770.664668] AICWFDBG(LOGDEBUG)\x09scan channel:40(5200) \x0d
[56770.664690] AICWFDBG(LOGDEBUG)\x09scan channel:44(5220) \x0d
[56770.664722] AICWFDBG(LOGDEBUG)\x09scan channel:48(5240) \x0d
[56770.664744] AICWFDBG(LOGDEBUG)\x09scan channel:52(5260) \x0d
[56770.664765] AICWFDBG(LOGDEBUG)\x09scan channel:56(5280) \x0d
[56770.664787] AICWFDBG(LOGDEBUG)\x09scan channel:60(5300) \x0d
[56770.664809] AICWFDBG(LOGDEBUG)\x09scan channel:64(5320) \x0d
[56770.664835] AICWFDBG(LOGDEBUG)\x09scan channel:149(5745) \x0d
[56770.664863] AICWFDBG(LOGDEBUG)\x09scan channel:153(5765) \x0d
[56770.664885] AICWFDBG(LOGDEBUG)\x09scan channel:157(5785) \x0d
[56770.664912] AICWFDBG(LOGDEBUG)\x09scan channel:161(5805) \x0d
[56770.664934] AICWFDBG(LOGDEBUG)\x09scan channel:165(5825) \x0d
[56770.664969] AICWFDBG(LOGTRACE)\x09rwnx_send_msg (4105)SCANU_START_CFM_ADDTIONAL reqcfm:1 in_irq:0 in_softirq:0 in_atomic:0\x0d
[56770.665005] AICWFDBG(LOGTRACE)\x09rwnx_cmd_malloc get cmd_array[0]:00000000f100465a \x0d
[56770.666146] AICWFDBG(LOGDEBUG)\x09rwnx_rx_handle_msg msg->id:0x1009 \x0d
[56770.666339] AICWFDBG(LOGTRACE)\x09rwnx_cmd_free cmd_array[0]:00000000f100465a \x0d
[56770.668813] read descriptors
[56770.668889] read strings
[56770.671596] init: processing action (sys.usb.config=adb && sys.usb.configfs=1 && sys.usb.ffs.ready=1) from (/system/etc/init/hw/init.usb.configfs.rc:21)
[56770.675439] init: Command 'symlink /config/usb_gadget/g1/functions/ffs.adb /config/usb_gadget/g1/configs/b.1/f1' action=sys.usb.config=adb && sys.usb.configfs=1 && sys.usb.ffs.ready=1 (/system/etc/init/hw/init.usb.configfs.rc:23) took 1ms and failed: symlink() failed: File exists
[56770.676049] init: Command 'write /config/usb_gadget/g1/UDC ${sys.usb.controller}' action=sys.usb.config=adb && sys.usb.configfs=1 && sys.usb.ffs.ready=1 (/system/etc/init/hw/init.usb.configfs.rc:24) took 0ms and failed: property 'sys.usb.controller' doesn't exist while expanding '${sys.usb.controller}'
[56770.695963] AICWFDBG(LOGDEBUG)\x09rwnx_rx_handle_msg msg->id:0x1004 \x0d
[56770.699566] AICWFDBG(LOGDEBUG)\x09rwnx_rx_handle_msg msg->id:0x1004 \x0d
[56770.721757] AICWFDBG(LOGDEBUG)\x09rwnx_rx_handle_msg msg->id:0x4f \x0d
[56770.722094] AICWFDBG(LOGDEBUG)\x09rwnx_rx_handle_msg msg->id:0x1004 \x0d
[56770.728532] AICWFDBG(LOGDEBUG)\x09rwnx_rx_handle_msg msg->id:0x1004 \x0d
[56770.747226] AICWFDBG(LOGDEBUG)\x09rwnx_rx_handle_msg msg->id:0x1004 \x0d
[56770.756748] AICWFDBG(LOGDEBUG)\x09rwnx_rx_handle_msg msg->id:0x4f \x0d
[56770.763627] AICWFDBG(LOGDEBUG)\x09rwnx_rx_handle_msg msg->id:0x1004 \x0d
[56770.768771] AICWFDBG(LOGDEBUG)\x09rwnx_rx_handle_msg msg->id:0x1004 \x0d
[56770.791778] AICWFDBG(LOGDEBUG)\x09rwnx_rx_handle_msg msg->id:0x4f \x0d
[56770.826733] AICWFDBG(LOGDEBUG)\x09rwnx_rx_handle_msg msg->id:0x4f \x0d
[56770.861740] AICWFDBG(LOGDEBUG)\x09rwnx_rx_handle_msg msg->id:0x4f \x0d
[56770.916838] AICWFDBG(LOGDEBUG)\x09rwnx_rx_handle_msg msg->id:0x4f \x0d
[56770.951843] AICWFDBG(LOGDEBUG)\x09rwnx_rx_handle_msg msg->id:0x4f \x0d
[56770.986856] AICWFDBG(LOGDEBUG)\x09rwnx_rx_handle_msg msg->id:0x4f \x0d
[56770.989291] AICWFDBG(LOGDEBUG)\x09rwnx_rx_handle_msg msg->id:0x1004 \x0d
[56770.989787] AICWFDBG(LOGDEBUG)\x09rwnx_rx_handle_msg msg->id:0x1004 \x0d
[56771.021865] AICWFDBG(LOGDEBUG)\x09rwnx_rx_handle_msg msg->id:0x4f \x0d
[56771.056920] AICWFDBG(LOGDEBUG)\x09rwnx_rx_handle_msg msg->id:0x4f \x0d
[56771.111920] AICWFDBG(LOGDEBUG)\x09rwnx_rx_handle_msg msg->id:0x4f \x0d
[56771.146921] AICWFDBG(LOGDEBUG)\x09rwnx_rx_handle_msg msg->id:0x4f \x0d
[56771.201964] AICWFDBG(LOGDEBUG)\x09rwnx_rx_handle_msg msg->id:0x4f \x0d
[56771.203743] AICWFDBG(LOGDEBUG)\x09rwnx_rx_handle_msg msg->id:0x1004 \x0d
[56771.248471] AICWFDBG(LOGDEBUG)\x09rwnx_rx_handle_msg msg->id:0x1004 \x0d
[56771.257000] AICWFDBG(LOGDEBUG)\x09rwnx_rx_handle_msg msg->id:0x4f \x0d
[56771.292045] AICWFDBG(LOGDEBUG)\x09rwnx_rx_handle_msg msg->id:0x4f \x0d
[56771.347045] AICWFDBG(LOGDEBUG)\x09rwnx_rx_handle_msg msg->id:0x4f \x0d
[56771.349191] AICWFDBG(LOGDEBUG)\x09rwnx_rx_handle_msg msg->id:0x1004 \x0d
[56771.382067] AICWFDBG(LOGDEBUG)\x09rwnx_rx_handle_msg msg->id:0x4f \x0d
[56771.416991] AICWFDBG(LOGDEBUG)\x09rwnx_rx_handle_msg msg->id:0x4f \x0d
[56771.452019] AICWFDBG(LOGDEBUG)\x09rwnx_rx_handle_msg msg->id:0x4f \x0d
[56771.487148] AICWFDBG(LOGDEBUG)\x09rwnx_rx_handle_msg msg->id:0x4f \x0d
[56771.522158] AICWFDBG(LOGDEBUG)\x09rwnx_rx_handle_msg msg->id:0x4f \x0d
[56771.557168] AICWFDBG(LOGDEBUG)\x09rwnx_rx_handle_msg msg->id:0x4f \x0d
[56771.612243] AICWFDBG(LOGDEBUG)\x09rwnx_rx_handle_msg msg->id:0x4f \x0d
[56771.667227] AICWFDBG(LOGDEBUG)\x09rwnx_rx_handle_msg msg->id:0x4f \x0d
[56771.722237] AICWFDBG(LOGDEBUG)\x09rwnx_rx_handle_msg msg->id:0x4f \x0d
[56771.731745] read descriptors
[56771.731894] read strings
[56771.733974] init: processing action (sys.usb.config=adb && sys.usb.configfs=1 && sys.usb.ffs.ready=1) from (/system/etc/init/hw/init.usb.configfs.rc:21)
[56771.737982] init: Command 'symlink /config/usb_gadget/g1/functions/ffs.adb /config/usb_gadget/g1/configs/b.1/f1' action=sys.usb.config=adb && sys.usb.configfs=1 && sys.usb.ffs.ready=1 (/system/etc/init/hw/init.usb.configfs.rc:23) took 1ms and failed: symlink() failed: File exists
[56771.738667] init: Command 'write /config/usb_gadget/g1/UDC ${sys.usb.controller}' action=sys.usb.config=adb && sys.usb.configfs=1 && sys.usb.ffs.ready=1 (/system/etc/init/hw/init.usb.configfs.rc:24) took 0ms and failed: property 'sys.usb.controller' doesn't exist while expanding '${sys.usb.controller}'
[56771.757284] AICWFDBG(LOGDEBUG)\x09rwnx_rx_handle_msg msg->id:0x4f \x0d
[56771.757392] AICWFDBG(LOGDEBUG)\x09rwnx_rx_handle_msg msg->id:0x1001 \x0d
[56771.757426] AICWFDBG(LOGTRACE)\x09>>> rwnx_rx_scanu_start_cfm()
[56772.771737] read descriptors
[56772.771857] read strings
[56772.773876] init: processing action (sys.usb.config=adb && sys.usb.configfs=1 && sys.usb.ffs.ready=1) from (/system/etc/init/hw/init.usb.configfs.rc:21)
[56772.777934] init: Command 'symlink /config/usb_gadget/g1/functions/ffs.adb /config/usb_gadget/g1/configs/b.1/f1' action=sys.usb.config=adb && sys.usb.configfs=1 && sys.usb.ffs.ready=1 (/system/etc/init/hw/init.usb.configfs.rc:23) took 1ms and failed: symlink() failed: File exists
[56772.778612] init: Command 'write /config/usb_gadget/g1/UDC ${sys.usb.controller}' action=sys.usb.config=adb && sys.usb.configfs=1 && sys.usb.ffs.ready=1 (/system/etc/init/hw/init.usb.configfs.rc:24) took 0ms and failed: property 'sys.usb.controller' doesn't exist while expanding '${sys.usb.controller}'
[56773.811487] read descriptors
[56773.811554] read strings
[56773.812754] init: processing action (sys.usb.config=adb && sys.usb.configfs=1 && sys.usb.ffs.ready=1) from (/system/etc/init/hw/init.usb.configfs.rc:21)
[56774.858508] read descriptors
[56774.858610] read strings
[56775.915118] read descriptors
[56775.915233] read strings
[56775.917204] init: processing action (sys.usb.config=adb && sys.usb.configfs=1 && sys.usb.ffs.ready=1) from (/system/etc/init/hw/init.usb.configfs.rc:21)
[56775.921146] init: Command 'symlink /config/usb_gadget/g1/functions/ffs.adb /config/usb_gadget/g1/configs/b.1/f1' action=sys.usb.config=adb && sys.usb.configfs=1 && sys.usb.ffs.ready=1 (/system/etc/init/hw/init.usb.configfs.rc:23) took 1ms and failed: symlink() failed: File exists
[56775.921827] init: Command 'write /config/usb_gadget/g1/UDC ${sys.usb.controller}' action=sys.usb.config=adb && sys.usb.configfs=1 && sys.usb.ffs.ready=1 (/system/etc/init/hw/init.usb.configfs.rc:24) took 0ms and failed: property 'sys.usb.controller' doesn't exist while expanding '${sys.usb.controller}'
[56776.975151] read descriptors
[56776.975266] read strings
[56776.977271] init: processing action (sys.usb.config=adb && sys.usb.configfs=1 && sys.usb.ffs.ready=1) from (/system/etc/init/hw/init.usb.configfs.rc:21)
[56776.981329] init: Command 'symlink /config/usb_gadget/g1/functions/ffs.adb /config/usb_gadget/g1/configs/b.1/f1' action=sys.usb.config=adb && sys.usb.configfs=1 && sys.usb.ffs.ready=1 (/system/etc/init/hw/init.usb.configfs.rc:23) took 1ms and failed: symlink() failed: File exists
[56776.982022] init: Command 'write /config/usb_gadget/g1/UDC ${sys.usb.controller}' action=sys.usb.config=adb && sys.usb.configfs=1 && sys.usb.ffs.ready=1 (/system/etc/init/hw/init.usb.configfs.rc:24) took 0ms and failed: property 'sys.usb.controller' doesn't exist while expanding '${sys.usb.controller}'
[56778.018442] read descriptors
[56778.018542] read strings
[56778.020565] init: processing action (sys.usb.config=adb && sys.usb.configfs=1 && sys.usb.ffs.ready=1) from (/system/etc/init/hw/init.usb.configfs.rc:21)
[56778.024681] init: Command 'symlink /config/usb_gadget/g1/functions/ffs.adb /config/usb_gadget/g1/configs/b.1/f1' action=sys.usb.config=adb && sys.usb.configfs=1 && sys.usb.ffs.ready=1 (/system/etc/init/hw/init.usb.configfs.rc:23) took 1ms and failed: symlink() failed: File exists
[56778.025341] init: Command 'write /config/usb_gadget/g1/UDC ${sys.usb.controller}' action=sys.usb.config=adb && sys.usb.configfs=1 && sys.usb.ffs.ready=1 (/system/etc/init/hw/init.usb.configfs.rc:24) took 0ms and failed: property 'sys.usb.controller' doesn't exist while expanding '${sys.usb.controller}'
[56779.068465] read descriptors
[56779.068559] read strings
[56779.070308] init: processing action (sys.usb.config=adb && sys.usb.configfs=1 && sys.usb.ffs.ready=1) from (/system/etc/init/hw/init.usb.configfs.rc:21)
[56780.108534] read descriptors
[56780.108633] read strings
[56780.667510] AICWFDBG(LOGTRACE)\x09>>> rwnx_cfg80211_scan()
[56780.667737] AICWFDBG(LOGTRACE)\x09>>> rwnx_send_scanu_req()
[56780.667773] AICWFDBG(LOGDEBUG)\x09scan channel:1(2412) \x0d
[56780.667796] AICWFDBG(LOGDEBUG)\x09scan channel:2(2417) \x0d
[56780.667819] AICWFDBG(LOGDEBUG)\x09scan channel:3(2422) \x0d
[56780.667841] AICWFDBG(LOGDEBUG)\x09scan channel:4(2427) \x0d
[56780.667864] AICWFDBG(LOGDEBUG)\x09scan channel:5(2432) \x0d
[56780.667887] AICWFDBG(LOGDEBUG)\x09scan channel:6(2437) \x0d
[56780.667910] AICWFDBG(LOGDEBUG)\x09scan channel:7(2442) \x0d
[56780.667927] AICWFDBG(LOGDEBUG)\x09scan channel:8(2447) \x0d
[56780.667943] AICWFDBG(LOGDEBUG)\x09scan channel:9(2452) \x0d
[56780.667958] AICWFDBG(LOGDEBUG)\x09scan channel:10(2457) \x0d
[56780.667973] AICWFDBG(LOGDEBUG)\x09scan channel:11(2462) \x0d
[56780.667987] AICWFDBG(LOGDEBUG)\x09scan channel:12(2467) \x0d
[56780.668002] AICWFDBG(LOGDEBUG)\x09scan channel:13(2472) \x0d
[56780.668018] AICWFDBG(LOGDEBUG)\x09scan channel:36(5180) \x0d
[56780.668033] AICWFDBG(LOGDEBUG)\x09scan channel:40(5200) \x0d
[56780.668048] AICWFDBG(LOGDEBUG)\x09scan channel:44(5220) \x0d
[56780.668062] AICWFDBG(LOGDEBUG)\x09scan channel:48(5240) \x0d
[56780.668077] AICWFDBG(LOGDEBUG)\x09scan channel:52(5260) \x0d
[56780.668091] AICWFDBG(LOGDEBUG)\x09scan channel:56(5280) \x0d
[56780.668107] AICWFDBG(LOGDEBUG)\x09scan channel:60(5300) \x0d
[56780.668121] AICWFDBG(LOGDEBUG)\x09scan channel:64(5320) \x0d
[56780.668190] AICWFDBG(LOGDEBUG)\x09scan channel:149(5745) \x0d
[56780.668206] AICWFDBG(LOGDEBUG)\x09scan channel:153(5765) \x0d
[56780.668221] AICWFDBG(LOGDEBUG)\x09scan channel:157(5785) \x0d
[56780.668235] AICWFDBG(LOGDEBUG)\x09scan channel:161(5805) \x0d
[56780.668251] AICWFDBG(LOGDEBUG)\x09scan channel:165(5825) \x0d
[56780.668274] AICWFDBG(LOGTRACE)\x09rwnx_send_msg (4105)SCANU_START_CFM_ADDTIONAL reqcfm:1 in_irq:0 in_softirq:0 in_atomic:0\x0d
[56780.668299] AICWFDBG(LOGTRACE)\x09rwnx_cmd_malloc get cmd_array[0]:00000000f100465a \x0d
[56780.668938] AICWFDBG(LOGDEBUG)\x09rwnx_rx_handle_msg msg->id:0x1009 \x0d
[56780.669096] AICWFDBG(LOGTRACE)\x09rwnx_cmd_free cmd_array[0]:00000000f100465a \x0d
[56780.679837] AICWFDBG(LOGDEBUG)\x09rwnx_rx_handle_msg msg->id:0x1004 \x0d
[56780.696419] AICWFDBG(LOGDEBUG)\x09rwnx_rx_handle_msg msg->id:0x1004 \x0d
[56780.724129] AICWFDBG(LOGDEBUG)\x09rwnx_rx_handle_msg msg->id:0x4f \x0d
[56780.731307] AICWFDBG(LOGDEBUG)\x09rwnx_rx_handle_msg msg->id:0x1004 \x0d
[56780.749516] AICWFDBG(LOGDEBUG)\x09rwnx_rx_handle_msg msg->id:0x1004 \x0d
[56780.756698] AICWFDBG(LOGDEBUG)\x09rwnx_rx_handle_msg msg->id:0x1004 \x0d
[56780.759001] AICWFDBG(LOGDEBUG)\x09rwnx_rx_handle_msg msg->id:0x4f \x0d
[56780.765941] AICWFDBG(LOGDEBUG)\x09rwnx_rx_handle_msg msg->id:0x1004 \x0d
[56780.782113] AICWFDBG(LOGDEBUG)\x09rwnx_rx_handle_msg msg->id:0x1004 \x0d
[56780.794030] AICWFDBG(LOGDEBUG)\x09rwnx_rx_handle_msg msg->id:0x4f \x0d
[56780.829133] AICWFDBG(LOGDEBUG)\x09rwnx_rx_handle_msg msg->id:0x4f \x0d
[56780.864207] AICWFDBG(LOGDEBUG)\x09rwnx_rx_handle_msg msg->id:0x4f \x0d
[56780.919257] AICWFDBG(LOGDEBUG)\x09rwnx_rx_handle_msg msg->id:0x4f \x0d
[56780.954125] AICWFDBG(LOGDEBUG)\x09rwnx_rx_handle_msg msg->id:0x4f \x0d
[56780.989214] AICWFDBG(LOGDEBUG)\x09rwnx_rx_handle_msg msg->id:0x4f \x0d
[56780.991913] AICWFDBG(LOGDEBUG)\x09rwnx_rx_handle_msg msg->id:0x1004 \x0d
[56780.992559] AICWFDBG(LOGDEBUG)\x09rwnx_rx_handle_msg msg->id:0x1004 \x0d
[56781.024379] AICWFDBG(LOGDEBUG)\x09rwnx_rx_handle_msg msg->id:0x4f \x0d
[56781.059409] AICWFDBG(LOGDEBUG)\x09rwnx_rx_handle_msg msg->id:0x4f \x0d
[56781.114454] AICWFDBG(LOGDEBUG)\x09rwnx_rx_handle_msg msg->id:0x4f \x0d
[56781.149316] AICWFDBG(LOGDEBUG)\x09rwnx_rx_handle_msg msg->id:0x4f \x0d
[56781.161749] read descriptors
[56781.161866] read strings
[56781.163803] init: processing action (sys.usb.config=adb && sys.usb.configfs=1 && sys.usb.ffs.ready=1) from (/system/etc/init/hw/init.usb.configfs.rc:21)
[56781.167771] init: Command 'symlink /config/usb_gadget/g1/functions/ffs.adb /config/usb_gadget/g1/configs/b.1/f1' action=sys.usb.config=adb && sys.usb.configfs=1 && sys.usb.ffs.ready=1 (/system/etc/init/hw/init.usb.configfs.rc:23) took 1ms and failed: symlink() failed: File exists
[56781.168411] init: Command 'write /config/usb_gadget/g1/UDC ${sys.usb.controller}' action=sys.usb.config=adb && sys.usb.configfs=1 && sys.usb.ffs.ready=1 (/system/etc/init/hw/init.usb.configfs.rc:24) took 0ms and failed: property 'sys.usb.controller' doesn't exist while expanding '${sys.usb.controller}'
[56781.204451] AICWFDBG(LOGDEBUG)\x09rwnx_rx_handle_msg msg->id:0x4f \x0d
[56781.206369] AICWFDBG(LOGDEBUG)\x09rwnx_rx_handle_msg msg->id:0x1004 \x0d
[56781.259429] AICWFDBG(LOGDEBUG)\x09rwnx_rx_handle_msg msg->id:0x4f \x0d
[56781.294456] AICWFDBG(LOGDEBUG)\x09rwnx_rx_handle_msg msg->id:0x4f \x0d
[56781.349416] AICWFDBG(LOGDEBUG)\x09rwnx_rx_handle_msg msg->id:0x4f \x0d
[56781.351664] AICWFDBG(LOGDEBUG)\x09rwnx_rx_handle_msg msg->id:0x1004 \x0d
[56781.367930] AICWFDBG(LOGDEBUG)\x09rwnx_rx_handle_msg msg->id:0x1004 \x0d
[56781.368620] AICWFDBG(LOGDEBUG)\x09rwnx_rx_handle_msg msg->id:0x1004 \x0d
[56781.384494] AICWFDBG(LOGDEBUG)\x09rwnx_rx_handle_msg msg->id:0x4f \x0d
[56781.419484] AICWFDBG(LOGDEBUG)\x09rwnx_rx_handle_msg msg->id:0x4f \x0d
[56781.454502] AICWFDBG(LOGDEBUG)\x09rwnx_rx_handle_msg msg->id:0x4f \x0d
[56781.489522] AICWFDBG(LOGDEBUG)\x09rwnx_rx_handle_msg msg->id:0x4f \x0d
[56781.524444] AICWFDBG(LOGDEBUG)\x09rwnx_rx_handle_msg msg->id:0x4f \x0d
[56781.551051] AICWFDBG(LOGDEBUG)\x09rwnx_rx_handle_msg msg->id:0x1004 \x0d
[56781.559582] AICWFDBG(LOGDEBUG)\x09rwnx_rx_handle_msg msg->id:0x4f \x0d
[56781.614605] AICWFDBG(LOGDEBUG)\x09rwnx_rx_handle_msg msg->id:0x4f \x0d
[56781.669571] AICWFDBG(LOGDEBUG)\x09rwnx_rx_handle_msg msg->id:0x4f \x0d
[56781.724636] AICWFDBG(LOGDEBUG)\x09rwnx_rx_handle_msg msg->id:0x4f \x0d
[56781.759644] AICWFDBG(LOGDEBUG)\x09rwnx_rx_handle_msg msg->id:0x4f \x0d
[56781.759726] AICWFDBG(LOGDEBUG)\x09rwnx_rx_handle_msg msg->id:0x1001 \x0d
[56781.759766] AICWFDBG(LOGTRACE)\x09>>> rwnx_rx_scanu_start_cfm()
[56782.221491] read descriptors
[56782.221553] read strings
[56782.222646] init: processing action (sys.usb.config=adb && sys.usb.configfs=1 && sys.usb.ffs.ready=1) from (/system/etc/init/hw/init.usb.configfs.rc:21)
[56782.224842] init: Command 'symlink /config/usb_gadget/g1/functions/ffs.adb /config/usb_gadget/g1/configs/b.1/f1' action=sys.usb.config=adb && sys.usb.configfs=1 && sys.usb.ffs.ready=1 (/system/etc/init/hw/init.usb.configfs.rc:23) took 0ms and failed: symlink() failed: File exists
[56782.225208] init: Command 'write /config/usb_gadget/g1/UDC ${sys.usb.controller}' action=sys.usb.config=adb && sys.usb.configfs=1 && sys.usb.ffs.ready=1 (/system/etc/init/hw/init.usb.configfs.rc:24) took 0ms and failed: property 'sys.usb.controller' doesn't exist while expanding '${sys.usb.controller}'
[56783.278504] read descriptors
[56783.278619] read strings
[56783.280488] init: processing action (sys.usb.config=adb && sys.usb.configfs=1 && sys.usb.ffs.ready=1) from (/system/etc/init/hw/init.usb.configfs.rc:21)
[56783.284509] init: Command 'symlink /config/usb_gadget/g1/functions/ffs.adb /config/usb_gadget/g1/configs/b.1/f1' action=sys.usb.config=adb && sys.usb.configfs=1 && sys.usb.ffs.ready=1 (/system/etc/init/hw/init.usb.configfs.rc:23) took 1ms and failed: symlink() failed: File exists
[56783.285178] init: Command 'write /config/usb_gadget/g1/UDC ${sys.usb.controller}' action=sys.usb.config=adb && sys.usb.configfs=1 && sys.usb.ffs.ready=1 (/system/etc/init/hw/init.usb.configfs.rc:24) took 0ms and failed: property 'sys.usb.controller' doesn't exist while expanding '${sys.usb.controller}'
[56784.321766] read descriptors
[56784.321878] read strings
[56784.323946] init: processing action (sys.usb.config=adb && sys.usb.configfs=1 && sys.usb.ffs.ready=1) from (/system/etc/init/hw/init.usb.configfs.rc:21)
[56785.375212] read descriptors
[56785.375325] read strings
[56786.435127] read descriptors
[56786.435243] read strings
[56786.437194] init: processing action (sys.usb.config=adb && sys.usb.configfs=1 && sys.usb.ffs.ready=1) from (/system/etc/init/hw/init.usb.configfs.rc:21)
[56786.441226] init: Command 'symlink /config/usb_gadget/g1/functions/ffs.adb /config/usb_gadget/g1/configs/b.1/f1' action=sys.usb.config=adb && sys.usb.configfs=1 && sys.usb.ffs.ready=1 (/system/etc/init/hw/init.usb.configfs.rc:23) took 1ms and failed: symlink() failed: File exists
[56786.441874] init: Command 'write /config/usb_gadget/g1/UDC ${sys.usb.controller}' action=sys.usb.config=adb && sys.usb.configfs=1 && sys.usb.ffs.ready=1 (/system/etc/init/hw/init.usb.configfs.rc:24) took 0ms and failed: property 'sys.usb.controller' doesn't exist while expanding '${sys.usb.controller}'
[56787.488036] read descriptors
[56787.488093] read strings
[56787.489193] init: processing action (sys.usb.config=adb && sys.usb.configfs=1 && sys.usb.ffs.ready=1) from (/system/etc/init/hw/init.usb.configfs.rc:21)
[56787.491564] init: Command 'symlink /config/usb_gadget/g1/functions/ffs.adb /config/usb_gadget/g1/configs/b.1/f1' action=sys.usb.config=adb && sys.usb.configfs=1 && sys.usb.ffs.ready=1 (/system/etc/init/hw/init.usb.configfs.rc:23) took 0ms and failed: symlink() failed: File exists
[56787.491987] init: Command 'write /config/usb_gadget/g1/UDC ${sys.usb.controller}' action=sys.usb.config=adb && sys.usb.configfs=1 && sys.usb.ffs.ready=1 (/system/etc/init/hw/init.usb.configfs.rc:24) took 0ms and failed: property 'sys.usb.controller' doesn't exist while expanding '${sys.usb.controller}'
[56788.531752] read descriptors
[56788.531859] read strings
[56788.533882] init: processing action (sys.usb.config=adb && sys.usb.configfs=1 && sys.usb.ffs.ready=1) from (/system/etc/init/hw/init.usb.configfs.rc:21)
[56788.537910] init: Command 'symlink /config/usb_gadget/g1/functions/ffs.adb /config/usb_gadget/g1/configs/b.1/f1' action=sys.usb.config=adb && sys.usb.configfs=1 && sys.usb.ffs.ready=1 (/system/etc/init/hw/init.usb.configfs.rc:23) took 1ms and failed: symlink() failed: File exists
[56788.538596] init: Command 'write /config/usb_gadget/g1/UDC ${sys.usb.controller}' action=sys.usb.config=adb && sys.usb.configfs=1 && sys.usb.ffs.ready=1 (/system/etc/init/hw/init.usb.configfs.rc:24) took 0ms and failed: property 'sys.usb.controller' doesn't exist while expanding '${sys.usb.controller}'
[56789.605182] read descriptors
[56789.605293] read strings
[56789.607339] init: processing action (sys.usb.config=adb && sys.usb.configfs=1 && sys.usb.ffs.ready=1) from (/system/etc/init/hw/init.usb.configfs.rc:21)
[56790.668422] AICWFDBG(LOGTRACE)\x09>>> rwnx_cfg80211_scan()
[56790.668488] AICWFDBG(LOGTRACE)\x09>>> rwnx_send_scanu_req()
[56790.668514] AICWFDBG(LOGDEBUG)\x09scan channel:1(2412) \x0d
[56790.668532] AICWFDBG(LOGDEBUG)\x09scan channel:2(2417) \x0d
[56790.668547] AICWFDBG(LOGDEBUG)\x09scan channel:3(2422) \x0d
[56790.668563] AICWFDBG(LOGDEBUG)\x09scan channel:4(2427) \x0d
[56790.668578] AICWFDBG(LOGDEBUG)\x09scan channel:5(2432) \x0d
[56790.668592] AICWFDBG(LOGDEBUG)\x09scan channel:6(2437) \x0d
[56790.668608] AICWFDBG(LOGDEBUG)\x09scan channel:7(2442) \x0d
[56790.668623] AICWFDBG(LOGDEBUG)\x09scan channel:8(2447) \x0d
[56790.668637] AICWFDBG(LOGDEBUG)\x09scan channel:9(2452) \x0d
[56790.668652] AICWFDBG(LOGDEBUG)\x09scan channel:10(2457) \x0d
[56790.668668] AICWFDBG(LOGDEBUG)\x09scan channel:11(2462) \x0d
[56790.668682] AICWFDBG(LOGDEBUG)\x09scan channel:12(2467) \x0d
[56790.668697] AICWFDBG(LOGDEBUG)\x09scan channel:13(2472) \x0d
[56790.668712] AICWFDBG(LOGDEBUG)\x09scan channel:36(5180) \x0d
[56790.668728] AICWFDBG(LOGDEBUG)\x09scan channel:40(5200) \x0d
[56790.668743] AICWFDBG(LOGDEBUG)\x09scan channel:44(5220) \x0d
[56790.668758] AICWFDBG(LOGDEBUG)\x09scan channel:48(5240) \x0d
[56790.668774] AICWFDBG(LOGDEBUG)\x09scan channel:52(5260) \x0d
[56790.668789] AICWFDBG(LOGDEBUG)\x09scan channel:56(5280) \x0d
[56790.668804] AICWFDBG(LOGDEBUG)\x09scan channel:60(5300) \x0d
[56790.668820] AICWFDBG(LOGDEBUG)\x09scan channel:64(5320) \x0d
[56790.668835] AICWFDBG(LOGDEBUG)\x09scan channel:149(5745) \x0d
[56790.668850] AICWFDBG(LOGDEBUG)\x09scan channel:153(5765) \x0d
[56790.668866] AICWFDBG(LOGDEBUG)\x09scan channel:157(5785) \x0d
[56790.668880] AICWFDBG(LOGDEBUG)\x09scan channel:161(5805) \x0d
[56790.668895] AICWFDBG(LOGDEBUG)\x09scan channel:165(5825) \x0d
[56790.668916] AICWFDBG(LOGTRACE)\x09rwnx_send_msg (4105)SCANU_START_CFM_ADDTIONAL reqcfm:1 in_irq:0 in_softirq:0 in_atomic:0\x0d
[56790.668941] AICWFDBG(LOGTRACE)\x09rwnx_cmd_malloc get cmd_array[0]:00000000f100465a \x0d
[56790.669726] AICWFDBG(LOGDEBUG)\x09rwnx_rx_handle_msg msg->id:0x1009 \x0d
[56790.669812] AICWFDBG(LOGTRACE)\x09rwnx_cmd_free cmd_array[0]:00000000f100465a \x0d
[56790.675084] read descriptors
[56790.675151] read strings
[56790.689394] AICWFDBG(LOGDEBUG)\x09rwnx_rx_handle_msg msg->id:0x1004 \x0d
[56790.714773] AICWFDBG(LOGDEBUG)\x09rwnx_rx_handle_msg msg->id:0x1004 \x0d
[56790.724792] AICWFDBG(LOGDEBUG)\x09rwnx_rx_handle_msg msg->id:0x4f \x0d
[56790.737130] AICWFDBG(LOGDEBUG)\x09rwnx_rx_handle_msg msg->id:0x1004 \x0d
[56790.759839] AICWFDBG(LOGDEBUG)\x09rwnx_rx_handle_msg msg->id:0x4f \x0d
[56790.771640] AICWFDBG(LOGDEBUG)\x09rwnx_rx_handle_msg msg->id:0x1004 \x0d
[56790.784438] AICWFDBG(LOGDEBUG)\x09rwnx_rx_handle_msg msg->id:0x1004 \x0d
[56790.791836] AICWFDBG(LOGDEBUG)\x09rwnx_rx_handle_msg msg->id:0x1004 \x0d
[56790.794900] AICWFDBG(LOGDEBUG)\x09rwnx_rx_handle_msg msg->id:0x4f \x0d
[56790.829936] AICWFDBG(LOGDEBUG)\x09rwnx_rx_handle_msg msg->id:0x4f \x0d
[56790.864936] AICWFDBG(LOGDEBUG)\x09rwnx_rx_handle_msg msg->id:0x4f \x0d
[56790.919978] AICWFDBG(LOGDEBUG)\x09rwnx_rx_handle_msg msg->id:0x4f \x0d
[56790.954983] AICWFDBG(LOGDEBUG)\x09rwnx_rx_handle_msg msg->id:0x4f \x0d
[56790.989989] AICWFDBG(LOGDEBUG)\x09rwnx_rx_handle_msg msg->id:0x4f \x0d
[56790.992861] AICWFDBG(LOGDEBUG)\x09rwnx_rx_handle_msg msg->id:0x1004 \x0d
[56790.994504] AICWFDBG(LOGDEBUG)\x09rwnx_rx_handle_msg msg->id:0x1004 \x0d
[56790.998182] AICWFDBG(LOGDEBUG)\x09rwnx_rx_handle_msg msg->id:0x1004 \x0d
[56791.012468] AICWFDBG(LOGDEBUG)\x09rwnx_rx_handle_msg msg->id:0x1004 \x0d
[56791.015117] AICWFDBG(LOGDEBUG)\x09rwnx_rx_handle_msg msg->id:0x1004 \x0d
[56791.025003] AICWFDBG(LOGDEBUG)\x09rwnx_rx_handle_msg msg->id:0x4f \x0d
[56791.059915] AICWFDBG(LOGDEBUG)\x09rwnx_rx_handle_msg msg->id:0x4f \x0d
[56791.110630] AICWFDBG(LOGDEBUG)\x09rwnx_rx_handle_msg msg->id:0x1004 \x0d
[56791.115040] AICWFDBG(LOGDEBUG)\x09rwnx_rx_handle_msg msg->id:0x4f \x0d
[56791.150067] AICWFDBG(LOGDEBUG)\x09rwnx_rx_handle_msg msg->id:0x4f \x0d
[56791.205094] AICWFDBG(LOGDEBUG)\x09rwnx_rx_handle_msg msg->id:0x4f \x0d
[56791.206774] AICWFDBG(LOGDEBUG)\x09rwnx_rx_handle_msg msg->id:0x1004 \x0d
[56791.216297] AICWFDBG(LOGDEBUG)\x09rwnx_rx_handle_msg msg->id:0x1004 \x0d
[56791.260149] AICWFDBG(LOGDEBUG)\x09rwnx_rx_handle_msg msg->id:0x4f \x0d
[56791.295149] AICWFDBG(LOGDEBUG)\x09rwnx_rx_handle_msg msg->id:0x4f \x0d
[56791.350187] AICWFDBG(LOGDEBUG)\x09rwnx_rx_handle_msg msg->id:0x4f \x0d
[56791.352411] AICWFDBG(LOGDEBUG)\x09rwnx_rx_handle_msg msg->id:0x1004 \x0d
[56791.385195] AICWFDBG(LOGDEBUG)\x09rwnx_rx_handle_msg msg->id:0x4f \x0d
[56791.420211] AICWFDBG(LOGDEBUG)\x09rwnx_rx_handle_msg msg->id:0x4f \x0d
[56791.455252] AICWFDBG(LOGDEBUG)\x09rwnx_rx_handle_msg msg->id:0x4f \x0d
[56791.490289] AICWFDBG(LOGDEBUG)\x09rwnx_rx_handle_msg msg->id:0x4f \x0d
[56791.525304] AICWFDBG(LOGDEBUG)\x09rwnx_rx_handle_msg msg->id:0x4f \x0d
[56791.560401] AICWFDBG(LOGDEBUG)\x09rwnx_rx_handle_msg msg->id:0x4f \x0d
[56791.615338] AICWFDBG(LOGDEBUG)\x09rwnx_rx_handle_msg msg->id:0x4f \x0d
[56791.670228] AICWFDBG(LOGDEBUG)\x09rwnx_rx_handle_msg msg->id:0x4f \x0d
[56791.725241] AICWFDBG(LOGDEBUG)\x09rwnx_rx_handle_msg msg->id:0x4f \x0d
[56791.731387] read descriptors
[56791.731450] read strings
[56791.732470] init: processing action (sys.usb.config=adb && sys.usb.configfs=1 && sys.usb.ffs.ready=1) from (/system/etc/init/hw/init.usb.configfs.rc:21)
[56791.734436] init: Command 'symlink /config/usb_gadget/g1/functions/ffs.adb /config/usb_gadget/g1/configs/b.1/f1' action=sys.usb.config=adb && sys.usb.configfs=1 && sys.usb.ffs.ready=1 (/system/etc/init/hw/init.usb.configfs.rc:23) took 0ms and failed: symlink() failed: File exists
[56791.734831] init: Command 'write /config/usb_gadget/g1/UDC ${sys.usb.controller}' action=sys.usb.config=adb && sys.usb.configfs=1 && sys.usb.ffs.ready=1 (/system/etc/init/hw/init.usb.configfs.rc:24) took 0ms and failed: property 'sys.usb.controller' doesn't exist while expanding '${sys.usb.controller}'
[56791.760413] AICWFDBG(LOGDEBUG)\x09rwnx_rx_handle_msg msg->id:0x4f \x0d
[56791.760505] AICWFDBG(LOGDEBUG)\x09rwnx_rx_handle_msg msg->id:0x1001 \x0d
[56791.760533] AICWFDBG(LOGTRACE)\x09>>> rwnx_rx_scanu_start_cfm()
[56792.805272] read descriptors
[56792.805373] read strings
[56792.807346] init: processing action (sys.usb.config=adb && sys.usb.configfs=1 && sys.usb.ffs.ready=1) from (/system/etc/init/hw/init.usb.configfs.rc:21)
[56792.811142] init: Command 'symlink /config/usb_gadget/g1/functions/ffs.adb /config/usb_gadget/g1/configs/b.1/f1' action=sys.usb.config=adb && sys.usb.configfs=1 && sys.usb.ffs.ready=1 (/system/etc/init/hw/init.usb.configfs.rc:23) took 1ms and failed: symlink() failed: File exists
[56792.811954] init: Command 'write /config/usb_gadget/g1/UDC ${sys.usb.controller}' action=sys.usb.config=adb && sys.usb.configfs=1 && sys.usb.ffs.ready=1 (/system/etc/init/hw/init.usb.configfs.rc:24) took 0ms and failed: property 'sys.usb.controller' doesn't exist while expanding '${sys.usb.controller}'
[56793.851805] read descriptors
[56793.851922] read strings
[56793.854028] init: processing action (sys.usb.config=adb && sys.usb.configfs=1 && sys.usb.ffs.ready=1) from (/system/etc/init/hw/init.usb.configfs.rc:21)
[56793.857936] init: Command 'symlink /config/usb_gadget/g1/functions/ffs.adb /config/usb_gadget/g1/configs/b.1/f1' action=sys.usb.config=adb && sys.usb.configfs=1 && sys.usb.ffs.ready=1 (/system/etc/init/hw/init.usb.configfs.rc:23) took 1ms and failed: symlink() failed: File exists
[56793.858597] init: Command 'write /config/usb_gadget/g1/UDC ${sys.usb.controller}' action=sys.usb.config=adb && sys.usb.configfs=1 && sys.usb.ffs.ready=1 (/system/etc/init/hw/init.usb.configfs.rc:24) took 0ms and failed: property 'sys.usb.controller' doesn't exist while expanding '${sys.usb.controller}'
[56794.918427] read descriptors
[56794.918544] read strings
[56794.920663] init: processing action (sys.usb.config=adb && sys.usb.configfs=1 && sys.usb.ffs.ready=1) from (/system/etc/init/hw/init.usb.configfs.rc:21)
[56795.965108] read descriptors
[56795.965225] read strings
[56797.001630] read descriptors
[56797.001720] read strings
[56797.003365] init: processing action (sys.usb.config=adb && sys.usb.configfs=1 && sys.usb.ffs.ready=1) from (/system/etc/init/hw/init.usb.configfs.rc:21)
[56797.006431] init: Command 'symlink /config/usb_gadget/g1/functions/ffs.adb /config/usb_gadget/g1/configs/b.1/f1' action=sys.usb.config=adb && sys.usb.configfs=1 && sys.usb.ffs.ready=1 (/system/etc/init/hw/init.usb.configfs.rc:23) took 0ms and failed: symlink() failed: File exists
[56797.006946] init: Command 'write /config/usb_gadget/g1/UDC ${sys.usb.controller}' action=sys.usb.config=adb && sys.usb.configfs=1 && sys.usb.ffs.ready=1 (/system/etc/init/hw/init.usb.configfs.rc:24) took 0ms and failed: property 'sys.usb.controller' doesn't exist while expanding '${sys.usb.controller}'
[56798.055088] read descriptors
[56798.055209] read strings
[56798.057168] init: processing action (sys.usb.config=adb && sys.usb.configfs=1 && sys.usb.ffs.ready=1) from (/system/etc/init/hw/init.usb.configfs.rc:21)
[56798.061226] init: Command 'symlink /config/usb_gadget/g1/functions/ffs.adb /config/usb_gadget/g1/configs/b.1/f1' action=sys.usb.config=adb && sys.usb.configfs=1 && sys.usb.ffs.ready=1 (/system/etc/init/hw/init.usb.configfs.rc:23) took 1ms and failed: symlink() failed: File exists
[56798.061923] init: Command 'write /config/usb_gadget/g1/UDC ${sys.usb.controller}' action=sys.usb.config=adb && sys.usb.configfs=1 && sys.usb.ffs.ready=1 (/system/etc/init/hw/init.usb.configfs.rc:24) took 0ms and failed: property 'sys.usb.controller' doesn't exist while expanding '${sys.usb.controller}'
[56799.108366] read descriptors
[56799.108463] read strings
[56799.110315] init: processing action (sys.usb.config=adb && sys.usb.configfs=1 && sys.usb.ffs.ready=1) from (/system/etc/init/hw/init.usb.configfs.rc:21)
[56799.114219] init: Command 'symlink /config/usb_gadget/g1/functions/ffs.adb /config/usb_gadget/g1/configs/b.1/f1' action=sys.usb.config=adb && sys.usb.configfs=1 && sys.usb.ffs.ready=1 (/system/etc/init/hw/init.usb.configfs.rc:23) took 1ms and failed: symlink() failed: File exists
[56799.114971] init: Command 'write /config/usb_gadget/g1/UDC ${sys.usb.controller}' action=sys.usb.config=adb && sys.usb.configfs=1 && sys.usb.ffs.ready=1 (/system/etc/init/hw/init.usb.configfs.rc:24) took 0ms and failed: property 'sys.usb.controller' doesn't exist while expanding '${sys.usb.controller}'
[56800.148580] read descriptors
[56800.148672] read strings
[56800.150607] init: processing action (sys.usb.config=adb && sys.usb.configfs=1 && sys.usb.ffs.ready=1) from (/system/etc/init/hw/init.usb.configfs.rc:21)
[56800.654515] AICWFDBG(LOGTRACE)\x09>>> rwnx_cfg80211_scan()
[56800.654567] AICWFDBG(LOGTRACE)\x09>>> rwnx_send_scanu_req()
[56800.654581] AICWFDBG(LOGDEBUG)\x09scan channel:1(2412) \x0d
[56800.654601] AICWFDBG(LOGDEBUG)\x09scan channel:2(2417) \x0d
[56800.654610] AICWFDBG(LOGDEBUG)\x09scan channel:3(2422) \x0d
[56800.654620] AICWFDBG(LOGDEBUG)\x09scan channel:4(2427) \x0d
[56800.654629] AICWFDBG(LOGDEBUG)\x09scan channel:5(2432) \x0d
[56800.654638] AICWFDBG(LOGDEBUG)\x09scan channel:6(2437) \x0d
[56800.654647] AICWFDBG(LOGDEBUG)\x09scan channel:7(2442) \x0d
[56800.654657] AICWFDBG(LOGDEBUG)\x09scan channel:8(2447) \x0d
[56800.654674] AICWFDBG(LOGDEBUG)\x09scan channel:9(2452) \x0d
[56800.654682] AICWFDBG(LOGDEBUG)\x09scan channel:10(2457) \x0d
[56800.654691] AICWFDBG(LOGDEBUG)\x09scan channel:11(2462) \x0d
[56800.654700] AICWFDBG(LOGDEBUG)\x09scan channel:12(2467) \x0d
[56800.654708] AICWFDBG(LOGDEBUG)\x09scan channel:13(2472) \x0d
[56800.654717] AICWFDBG(LOGDEBUG)\x09scan channel:36(5180) \x0d
[56800.654733] AICWFDBG(LOGDEBUG)\x09scan channel:40(5200) \x0d
[56800.654742] AICWFDBG(LOGDEBUG)\x09scan channel:44(5220) \x0d
[56800.654750] AICWFDBG(LOGDEBUG)\x09scan channel:48(5240) \x0d
[56800.654759] AICWFDBG(LOGDEBUG)\x09scan channel:52(5260) \x0d
[56800.654767] AICWFDBG(LOGDEBUG)\x09scan channel:56(5280) \x0d
[56800.654775] AICWFDBG(LOGDEBUG)\x09scan channel:60(5300) \x0d
[56800.654790] AICWFDBG(LOGDEBUG)\x09scan channel:64(5320) \x0d
[56800.654799] AICWFDBG(LOGDEBUG)\x09scan channel:149(5745) \x0d
[56800.654807] AICWFDBG(LOGDEBUG)\x09scan channel:153(5765) \x0d
[56800.654816] AICWFDBG(LOGDEBUG)\x09scan channel:157(5785) \x0d
[56800.654824] AICWFDBG(LOGDEBUG)\x09scan channel:161(5805) \x0d
[56800.654833] AICWFDBG(LOGDEBUG)\x09scan channel:165(5825) \x0d
[56800.654845] AICWFDBG(LOGTRACE)\x09rwnx_send_msg (4105)SCANU_START_CFM_ADDTIONAL reqcfm:1 in_irq:0 in_softirq:0 in_atomic:0\x0d
[56800.654872] AICWFDBG(LOGTRACE)\x09rwnx_cmd_malloc get cmd_array[0]:00000000f100465a \x0d
[56800.655413] AICWFDBG(LOGDEBUG)\x09rwnx_rx_handle_msg msg->id:0x1009 \x0d
[56800.655472] AICWFDBG(LOGTRACE)\x09rwnx_cmd_free cmd_array[0]:00000000f100465a \x0d
[56800.698441] AICWFDBG(LOGDEBUG)\x09rwnx_rx_handle_msg msg->id:0x1004 \x0d
[56800.710576] AICWFDBG(LOGDEBUG)\x09rwnx_rx_handle_msg msg->id:0x4f \x0d
[56800.717770] AICWFDBG(LOGDEBUG)\x09rwnx_rx_handle_msg msg->id:0x1004 \x0d
[56800.724432] AICWFDBG(LOGDEBUG)\x09rwnx_rx_handle_msg msg->id:0x1004 \x0d
[56800.745592] AICWFDBG(LOGDEBUG)\x09rwnx_rx_handle_msg msg->id:0x4f \x0d
[56800.752594] AICWFDBG(LOGDEBUG)\x09rwnx_rx_handle_msg msg->id:0x1004 \x0d
[56800.757426] AICWFDBG(LOGDEBUG)\x09rwnx_rx_handle_msg msg->id:0x1004 \x0d
[56800.780716] AICWFDBG(LOGDEBUG)\x09rwnx_rx_handle_msg msg->id:0x4f \x0d
[56800.819385] AICWFDBG(LOGDEBUG)\x09rwnx_rx_handle_msg msg->id:0x4f \x0d
[56800.819710] AICWFDBG(LOGDEBUG)\x09rwnx_rx_handle_msg msg->id:0x1004 \x0d
[56800.854448] AICWFDBG(LOGDEBUG)\x09rwnx_rx_handle_msg msg->id:0x4f \x0d
[56800.909396] AICWFDBG(LOGDEBUG)\x09rwnx_rx_handle_msg msg->id:0x4f \x0d
[56800.944493] AICWFDBG(LOGDEBUG)\x09rwnx_rx_handle_msg msg->id:0x4f \x0d
[56800.979482] AICWFDBG(LOGDEBUG)\x09rwnx_rx_handle_msg msg->id:0x4f \x0d
[56800.981916] AICWFDBG(LOGDEBUG)\x09rwnx_rx_handle_msg msg->id:0x1004 \x0d
[56800.982547] AICWFDBG(LOGDEBUG)\x09rwnx_rx_handle_msg msg->id:0x1004 \x0d
[56801.005969] AICWFDBG(LOGDEBUG)\x09rwnx_rx_handle_msg msg->id:0x1004 \x0d
[56801.014512] AICWFDBG(LOGDEBUG)\x09rwnx_rx_handle_msg msg->id:0x4f \x0d
[56801.049464] AICWFDBG(LOGDEBUG)\x09rwnx_rx_handle_msg msg->id:0x4f \x0d
[56801.104544] AICWFDBG(LOGDEBUG)\x09rwnx_rx_handle_msg msg->id:0x4f \x0d
[56801.139563] AICWFDBG(LOGDEBUG)\x09rwnx_rx_handle_msg msg->id:0x4f \x0d
[56801.191457] read descriptors
[56801.191520] read strings
[56801.194522] AICWFDBG(LOGDEBUG)\x09rwnx_rx_handle_msg msg->id:0x4f \x0d
[56801.196577] AICWFDBG(LOGDEBUG)\x09rwnx_rx_handle_msg msg->id:0x1004 \x0d
[56801.249612] AICWFDBG(LOGDEBUG)\x09rwnx_rx_handle_msg msg->id:0x4f \x0d
[56801.284653] AICWFDBG(LOGDEBUG)\x09rwnx_rx_handle_msg msg->id:0x4f \x0d
[56801.339690] AICWFDBG(LOGDEBUG)\x09rwnx_rx_handle_msg msg->id:0x4f \x0d
[56801.341933] AICWFDBG(LOGDEBUG)\x09rwnx_rx_handle_msg msg->id:0x1004 \x0d
[56801.374691] AICWFDBG(LOGDEBUG)\x09rwnx_rx_handle_msg msg->id:0x4f \x0d
[56801.409681] AICWFDBG(LOGDEBUG)\x09rwnx_rx_handle_msg msg->id:0x4f \x0d
[56801.444713] AICWFDBG(LOGDEBUG)\x09rwnx_rx_handle_msg msg->id:0x4f \x0d
[56801.479741] AICWFDBG(LOGDEBUG)\x09rwnx_rx_handle_msg msg->id:0x4f \x0d
[56801.514770] AICWFDBG(LOGDEBUG)\x09rwnx_rx_handle_msg msg->id:0x4f \x0d
[56801.518749] AICWFDBG(LOGDEBUG)\x09rwnx_rx_handle_msg msg->id:0x1004 \x0d
[56801.549770] AICWFDBG(LOGDEBUG)\x09rwnx_rx_handle_msg msg->id:0x4f \x0d
[56801.604692] AICWFDBG(LOGDEBUG)\x09rwnx_rx_handle_msg msg->id:0x4f \x0d
[56801.659836] AICWFDBG(LOGDEBUG)\x09rwnx_rx_handle_msg msg->id:0x4f \x0d
[56801.714855] AICWFDBG(LOGDEBUG)\x09rwnx_rx_handle_msg msg->id:0x4f \x0d
[56801.749874] AICWFDBG(LOGDEBUG)\x09rwnx_rx_handle_msg msg->id:0x4f \x0d
[56801.749973] AICWFDBG(LOGDEBUG)\x09rwnx_rx_handle_msg msg->id:0x1001 \x0d
[56801.750004] AICWFDBG(LOGTRACE)\x09>>> rwnx_rx_scanu_start_cfm()
[56802.228378] read descriptors
[56802.228462] read strings
[56802.229416] init: processing action (sys.usb.config=adb && sys.usb.configfs=1 && sys.usb.ffs.ready=1) from (/system/etc/init/hw/init.usb.configfs.rc:21)
[56802.231592] init: Command 'symlink /config/usb_gadget/g1/functions/ffs.adb /config/usb_gadget/g1/configs/b.1/f1' action=sys.usb.config=adb && sys.usb.configfs=1 && sys.usb.ffs.ready=1 (/system/etc/init/hw/init.usb.configfs.rc:23) took 0ms and failed: symlink() failed: File exists
[56802.231961] init: Command 'write /config/usb_gadget/g1/UDC ${sys.usb.controller}' action=sys.usb.config=adb && sys.usb.configfs=1 && sys.usb.ffs.ready=1 (/system/etc/init/hw/init.usb.configfs.rc:24) took 0ms and failed: property 'sys.usb.controller' doesn't exist while expanding '${sys.usb.controller}'
[56803.265048] read descriptors
[56803.265210] read strings
[56803.267190] init: processing action (sys.usb.config=adb && sys.usb.configfs=1 && sys.usb.ffs.ready=1) from (/system/etc/init/hw/init.usb.configfs.rc:21)
[56803.270994] init: Command 'symlink /config/usb_gadget/g1/functions/ffs.adb /config/usb_gadget/g1/configs/b.1/f1' action=sys.usb.config=adb && sys.usb.configfs=1 && sys.usb.ffs.ready=1 (/system/etc/init/hw/init.usb.configfs.rc:23) took 1ms and failed: symlink() failed: File exists
[56803.271711] init: Command 'write /config/usb_gadget/g1/UDC ${sys.usb.controller}' action=sys.usb.config=adb && sys.usb.configfs=1 && sys.usb.ffs.ready=1 (/system/etc/init/hw/init.usb.configfs.rc:24) took 0ms and failed: property 'sys.usb.controller' doesn't exist while expanding '${sys.usb.controller}'
[56804.308461] read descriptors
[56804.308554] read strings
[56804.310306] init: processing action (sys.usb.config=adb && sys.usb.configfs=1 && sys.usb.ffs.ready=1) from (/system/etc/init/hw/init.usb.configfs.rc:21)
[56804.314326] init: Command 'symlink /config/usb_gadget/g1/functions/ffs.adb /config/usb_gadget/g1/configs/b.1/f1' action=sys.usb.config=adb && sys.usb.configfs=1 && sys.usb.ffs.ready=1 (/system/etc/init/hw/init.usb.configfs.rc:23) took 1ms and failed: symlink() failed: File exists
[56804.315036] init: Command 'write /config/usb_gadget/g1/UDC ${sys.usb.controller}' action=sys.usb.config=adb && sys.usb.configfs=1 && sys.usb.ffs.ready=1 (/system/etc/init/hw/init.usb.configfs.rc:24) took 0ms and failed: property 'sys.usb.controller' doesn't exist while expanding '${sys.usb.controller}'
[56805.361946] read descriptors
[56805.362045] read strings
[56805.363965] init: processing action (sys.usb.config=adb && sys.usb.configfs=1 && sys.usb.ffs.ready=1) from (/system/etc/init/hw/init.usb.configfs.rc:21)
[56806.431894] read descriptors
[56806.431995] read strings
[56807.501874] read descriptors
[56807.501994] read strings
[56807.504023] init: processing action (sys.usb.config=adb && sys.usb.configfs=1 && sys.usb.ffs.ready=1) from (/system/etc/init/hw/init.usb.configfs.rc:21)
[56807.508005] init: Command 'symlink /config/usb_gadget/g1/functions/ffs.adb /config/usb_gadget/g1/configs/b.1/f1' action=sys.usb.config=adb && sys.usb.configfs=1 && sys.usb.ffs.ready=1 (/system/etc/init/hw/init.usb.configfs.rc:23) took 1ms and failed: symlink() failed: File exists
[56807.508655] init: Command 'write /config/usb_gadget/g1/UDC ${sys.usb.controller}' action=sys.usb.config=adb && sys.usb.configfs=1 && sys.usb.ffs.ready=1 (/system/etc/init/hw/init.usb.configfs.rc:24) took 0ms and failed: property 'sys.usb.controller' doesn't exist while expanding '${sys.usb.controller}'
[56808.541745] read descriptors
[56808.541926] read strings
[56808.543894] init: processing action (sys.usb.config=adb && sys.usb.configfs=1 && sys.usb.ffs.ready=1) from (/system/etc/init/hw/init.usb.configfs.rc:21)
[56808.547838] init: Command 'symlink /config/usb_gadget/g1/functions/ffs.adb /config/usb_gadget/g1/configs/b.1/f1' action=sys.usb.config=adb && sys.usb.configfs=1 && sys.usb.ffs.ready=1 (/system/etc/init/hw/init.usb.configfs.rc:23) took 1ms and failed: symlink() failed: File exists
[56808.548475] init: Command 'write /config/usb_gadget/g1/UDC ${sys.usb.controller}' action=sys.usb.config=adb && sys.usb.configfs=1 && sys.usb.ffs.ready=1 (/system/etc/init/hw/init.usb.configfs.rc:24) took 0ms and failed: property 'sys.usb.controller' doesn't exist while expanding '${sys.usb.controller}'
[56809.581719] read descriptors
[56809.581876] read strings
[56809.583888] init: processing action (sys.usb.config=adb && sys.usb.configfs=1 && sys.usb.ffs.ready=1) from (/system/etc/init/hw/init.usb.configfs.rc:21)
[56809.587908] init: Command 'symlink /config/usb_gadget/g1/functions/ffs.adb /config/usb_gadget/g1/configs/b.1/f1' action=sys.usb.config=adb && sys.usb.configfs=1 && sys.usb.ffs.ready=1 (/system/etc/init/hw/init.usb.configfs.rc:23) took 1ms and failed: symlink() failed: File exists
[56809.588551] init: Command 'write /config/usb_gadget/g1/UDC ${sys.usb.controller}' action=sys.usb.config=adb && sys.usb.configfs=1 && sys.usb.ffs.ready=1 (/system/etc/init/hw/init.usb.configfs.rc:24) took 0ms and failed: property 'sys.usb.controller' doesn't exist while expanding '${sys.usb.controller}'
[56810.645601] read descriptors
[56810.645731] read strings
[56810.647941] init: processing action (sys.usb.config=adb && sys.usb.configfs=1 && sys.usb.ffs.ready=1) from (/system/etc/init/hw/init.usb.configfs.rc:21)
[56810.663776] AICWFDBG(LOGTRACE)\x09>>> rwnx_cfg80211_scan()
[56810.663831] AICWFDBG(LOGTRACE)\x09>>> rwnx_send_scanu_req()
[56810.663846] AICWFDBG(LOGDEBUG)\x09scan channel:1(2412) \x0d
[56810.663857] AICWFDBG(LOGDEBUG)\x09scan channel:2(2417) \x0d
[56810.663865] AICWFDBG(LOGDEBUG)\x09scan channel:3(2422) \x0d
[56810.663883] AICWFDBG(LOGDEBUG)\x09scan channel:4(2427) \x0d
[56810.663892] AICWFDBG(LOGDEBUG)\x09scan channel:5(2432) \x0d
[56810.663900] AICWFDBG(LOGDEBUG)\x09scan channel:6(2437) \x0d
[56810.663908] AICWFDBG(LOGDEBUG)\x09scan channel:7(2442) \x0d
[56810.663917] AICWFDBG(LOGDEBUG)\x09scan channel:8(2447) \x0d
[56810.663925] AICWFDBG(LOGDEBUG)\x09scan channel:9(2452) \x0d
[56810.663934] AICWFDBG(LOGDEBUG)\x09scan channel:10(2457) \x0d
[56810.663953] AICWFDBG(LOGDEBUG)\x09scan channel:11(2462) \x0d
[56810.663961] AICWFDBG(LOGDEBUG)\x09scan channel:12(2467) \x0d
[56810.663970] AICWFDBG(LOGDEBUG)\x09scan channel:13(2472) \x0d
[56810.663979] AICWFDBG(LOGDEBUG)\x09scan channel:36(5180) \x0d
[56810.663987] AICWFDBG(LOGDEBUG)\x09scan channel:40(5200) \x0d
[56810.663996] AICWFDBG(LOGDEBUG)\x09scan channel:44(5220) \x0d
[56810.664013] AICWFDBG(LOGDEBUG)\x09scan channel:48(5240) \x0d
[56810.664022] AICWFDBG(LOGDEBUG)\x09scan channel:52(5260) \x0d
[56810.664030] AICWFDBG(LOGDEBUG)\x09scan channel:56(5280) \x0d
[56810.664039] AICWFDBG(LOGDEBUG)\x09scan channel:60(5300) \x0d
[56810.664048] AICWFDBG(LOGDEBUG)\x09scan channel:64(5320) \x0d
[56810.664056] AICWFDBG(LOGDEBUG)\x09scan channel:149(5745) \x0d
[56810.664073] AICWFDBG(LOGDEBUG)\x09scan channel:153(5765) \x0d
[56810.664082] AICWFDBG(LOGDEBUG)\x09scan channel:157(5785) \x0d
[56810.664091] AICWFDBG(LOGDEBUG)\x09scan channel:161(5805) \x0d
[56810.664101] AICWFDBG(LOGDEBUG)\x09scan channel:165(5825) \x0d
[56810.664113] AICWFDBG(LOGTRACE)\x09rwnx_send_msg (4105)SCANU_START_CFM_ADDTIONAL reqcfm:1 in_irq:0 in_softirq:0 in_atomic:0\x0d
[56810.664137] AICWFDBG(LOGTRACE)\x09rwnx_cmd_malloc get cmd_array[0]:00000000f100465a \x0d
[56810.664796] AICWFDBG(LOGDEBUG)\x09rwnx_rx_handle_msg msg->id:0x1009 \x0d
[56810.664862] AICWFDBG(LOGTRACE)\x09rwnx_cmd_free cmd_array[0]:00000000f100465a \x0d
[56810.682354] AICWFDBG(LOGDEBUG)\x09rwnx_rx_handle_msg msg->id:0x1004 \x0d
[56810.719997] AICWFDBG(LOGDEBUG)\x09rwnx_rx_handle_msg msg->id:0x4f \x0d
[56810.727404] AICWFDBG(LOGDEBUG)\x09rwnx_rx_handle_msg msg->id:0x1004 \x0d
[56810.752041] AICWFDBG(LOGDEBUG)\x09rwnx_rx_handle_msg msg->id:0x1004 \x0d
[56810.755031] AICWFDBG(LOGDEBUG)\x09rwnx_rx_handle_msg msg->id:0x4f \x0d
[56810.760421] AICWFDBG(LOGDEBUG)\x09rwnx_rx_handle_msg msg->id:0x1004 \x0d
[56810.766762] AICWFDBG(LOGDEBUG)\x09rwnx_rx_handle_msg msg->id:0x1004 \x0d
[56810.784854] AICWFDBG(LOGDEBUG)\x09rwnx_rx_handle_msg msg->id:0x1004 \x0d
[56810.790043] AICWFDBG(LOGDEBUG)\x09rwnx_rx_handle_msg msg->id:0x4f \x0d
[56810.825067] AICWFDBG(LOGDEBUG)\x09rwnx_rx_handle_msg msg->id:0x4f \x0d
[56810.860068] AICWFDBG(LOGDEBUG)\x09rwnx_rx_handle_msg msg->id:0x4f \x0d
[56810.915104] AICWFDBG(LOGDEBUG)\x09rwnx_rx_handle_msg msg->id:0x4f \x0d
[56810.950116] AICWFDBG(LOGDEBUG)\x09rwnx_rx_handle_msg msg->id:0x4f \x0d
[56810.985128] AICWFDBG(LOGDEBUG)\x09rwnx_rx_handle_msg msg->id:0x4f \x0d
[56810.987488] AICWFDBG(LOGDEBUG)\x09rwnx_rx_handle_msg msg->id:0x1004 \x0d
[56810.988020] AICWFDBG(LOGDEBUG)\x09rwnx_rx_handle_msg msg->id:0x1004 \x0d
[56811.020180] AICWFDBG(LOGDEBUG)\x09rwnx_rx_handle_msg msg->id:0x4f \x0d
[56811.055181] AICWFDBG(LOGDEBUG)\x09rwnx_rx_handle_msg msg->id:0x4f \x0d
[56811.110192] AICWFDBG(LOGDEBUG)\x09rwnx_rx_handle_msg msg->id:0x4f \x0d
[56811.145200] AICWFDBG(LOGDEBUG)\x09rwnx_rx_handle_msg msg->id:0x4f \x0d
[56811.200236] AICWFDBG(LOGDEBUG)\x09rwnx_rx_handle_msg msg->id:0x4f \x0d
[56811.202280] AICWFDBG(LOGDEBUG)\x09rwnx_rx_handle_msg msg->id:0x1004 \x0d
[56811.255186] AICWFDBG(LOGDEBUG)\x09rwnx_rx_handle_msg msg->id:0x4f \x0d
[56811.290193] AICWFDBG(LOGDEBUG)\x09rwnx_rx_handle_msg msg->id:0x4f \x0d
[56811.345325] AICWFDBG(LOGDEBUG)\x09rwnx_rx_handle_msg msg->id:0x4f \x0d
[56811.347433] AICWFDBG(LOGDEBUG)\x09rwnx_rx_handle_msg msg->id:0x1004 \x0d
[56811.370595] AICWFDBG(LOGDEBUG)\x09rwnx_rx_handle_msg msg->id:0x1004 \x0d
[56811.371306] AICWFDBG(LOGDEBUG)\x09rwnx_rx_handle_msg msg->id:0x1004 \x0d
[56811.380341] AICWFDBG(LOGDEBUG)\x09rwnx_rx_handle_msg msg->id:0x4f \x0d
[56811.415383] AICWFDBG(LOGDEBUG)\x09rwnx_rx_handle_msg msg->id:0x4f \x0d
[56811.450408] AICWFDBG(LOGDEBUG)\x09rwnx_rx_handle_msg msg->id:0x4f \x0d
[56811.485410] AICWFDBG(LOGDEBUG)\x09rwnx_rx_handle_msg msg->id:0x4f \x0d
[56811.520495] AICWFDBG(LOGDEBUG)\x09rwnx_rx_handle_msg msg->id:0x4f \x0d
[56811.553749] AICWFDBG(LOGDEBUG)\x09rwnx_rx_handle_msg msg->id:0x1004 \x0d
[56811.555435] AICWFDBG(LOGDEBUG)\x09rwnx_rx_handle_msg msg->id:0x4f \x0d
[56811.610505] AICWFDBG(LOGDEBUG)\x09rwnx_rx_handle_msg msg->id:0x4f \x0d
[56811.665545] AICWFDBG(LOGDEBUG)\x09rwnx_rx_handle_msg msg->id:0x4f \x0d
[56811.720866] AICWFDBG(LOGDEBUG)\x09rwnx_rx_handle_msg msg->id:0x4f \x0d
[56811.721947] read descriptors
[56811.722062] read strings
[56811.755497] AICWFDBG(LOGDEBUG)\x09rwnx_rx_handle_msg msg->id:0x4f \x0d
[56811.755572] AICWFDBG(LOGDEBUG)\x09rwnx_rx_handle_msg msg->id:0x1001 \x0d
[56811.755601] AICWFDBG(LOGTRACE)\x09>>> rwnx_rx_scanu_start_cfm()
[56812.768393] read descriptors
[56812.768489] read strings
[56812.770287] init: processing action (sys.usb.config=adb && sys.usb.configfs=1 && sys.usb.ffs.ready=1) from (/system/etc/init/hw/init.usb.configfs.rc:21)
[56812.774194] init: Command 'symlink /config/usb_gadget/g1/functions/ffs.adb /config/usb_gadget/g1/configs/b.1/f1' action=sys.usb.config=adb && sys.usb.configfs=1 && sys.usb.ffs.ready=1 (/system/etc/init/hw/init.usb.configfs.rc:23) took 1ms and failed: symlink() failed: File exists
[56812.775134] init: Command 'write /config/usb_gadget/g1/UDC ${sys.usb.controller}' action=sys.usb.config=adb && sys.usb.configfs=1 && sys.usb.ffs.ready=1 (/system/etc/init/hw/init.usb.configfs.rc:24) took 0ms and failed: property 'sys.usb.controller' doesn't exist while expanding '${sys.usb.controller}'
[56813.818621] read descriptors
[56813.818739] read strings
[56813.820629] init: processing action (sys.usb.config=adb && sys.usb.configfs=1 && sys.usb.ffs.ready=1) from (/system/etc/init/hw/init.usb.configfs.rc:21)
[56813.824636] init: Command 'symlink /config/usb_gadget/g1/functions/ffs.adb /config/usb_gadget/g1/configs/b.1/f1' action=sys.usb.config=adb && sys.usb.configfs=1 && sys.usb.ffs.ready=1 (/system/etc/init/hw/init.usb.configfs.rc:23) took 1ms and failed: symlink() failed: File exists
[56813.825293] init: Command 'write /config/usb_gadget/g1/UDC ${sys.usb.controller}' action=sys.usb.config=adb && sys.usb.configfs=1 && sys.usb.ffs.ready=1 (/system/etc/init/hw/init.usb.configfs.rc:24) took 0ms and failed: property 'sys.usb.controller' doesn't exist while expanding '${sys.usb.controller}'
[56814.864750] read descriptors
[56814.864815] read strings
[56814.865948] init: processing action (sys.usb.config=adb && sys.usb.configfs=1 && sys.usb.ffs.ready=1) from (/system/etc/init/hw/init.usb.configfs.rc:21)
[56814.868093] init: Command 'symlink /config/usb_gadget/g1/functions/ffs.adb /config/usb_gadget/g1/configs/b.1/f1' action=sys.usb.config=adb && sys.usb.configfs=1 && sys.usb.ffs.ready=1 (/system/etc/init/hw/init.usb.configfs.rc:23) took 0ms and failed: symlink() failed: File exists
[56814.868523] init: Command 'write /config/usb_gadget/g1/UDC ${sys.usb.controller}' action=sys.usb.config=adb && sys.usb.configfs=1 && sys.usb.ffs.ready=1 (/system/etc/init/hw/init.usb.configfs.rc:24) took 0ms and failed: property 'sys.usb.controller' doesn't exist while expanding '${sys.usb.controller}'
[56815.921828] read descriptors
[56815.921939] read strings
[56815.923923] init: processing action (sys.usb.config=adb && sys.usb.configfs=1 && sys.usb.ffs.ready=1) from (/system/etc/init/hw/init.usb.configfs.rc:21)
[56816.991857] read descriptors
[56816.991978] read strings
[56818.055191] read descriptors
[56818.055308] read strings
[56818.057236] init: processing action (sys.usb.config=adb && sys.usb.configfs=1 && sys.usb.ffs.ready=1) from (/system/etc/init/hw/init.usb.configfs.rc:21)
[56818.061230] init: Command 'symlink /config/usb_gadget/g1/functions/ffs.adb /config/usb_gadget/g1/configs/b.1/f1' action=sys.usb.config=adb && sys.usb.configfs=1 && sys.usb.ffs.ready=1 (/system/etc/init/hw/init.usb.configfs.rc:23) took 1ms and failed: symlink() failed: File exists
[56818.061905] init: Command 'write /config/usb_gadget/g1/UDC ${sys.usb.controller}' action=sys.usb.config=adb && sys.usb.configfs=1 && sys.usb.ffs.ready=1 (/system/etc/init/hw/init.usb.configfs.rc:24) took 0ms and failed: property 'sys.usb.controller' doesn't exist while expanding '${sys.usb.controller}'
[56819.115105] read descriptors
[56819.115216] read strings
[56819.117143] init: processing action (sys.usb.config=adb && sys.usb.configfs=1 && sys.usb.ffs.ready=1) from (/system/etc/init/hw/init.usb.configfs.rc:21)
[56819.121180] init: Command 'symlink /config/usb_gadget/g1/functions/ffs.adb /config/usb_gadget/g1/configs/b.1/f1' action=sys.usb.config=adb && sys.usb.configfs=1 && sys.usb.ffs.ready=1 (/system/etc/init/hw/init.usb.configfs.rc:23) took 1ms and failed: symlink() failed: File exists
[56819.121856] init: Command 'write /config/usb_gadget/g1/UDC ${sys.usb.controller}' action=sys.usb.config=adb && sys.usb.configfs=1 && sys.usb.ffs.ready=1 (/system/etc/init/hw/init.usb.configfs.rc:24) took 0ms and failed: property 'sys.usb.controller' doesn't exist while expanding '${sys.usb.controller}'
[56820.158563] read descriptors
[56820.158682] read strings
[56820.160718] init: processing action (sys.usb.config=adb && sys.usb.configfs=1 && sys.usb.ffs.ready=1) from (/system/etc/init/hw/init.usb.configfs.rc:21)
[56820.164836] init: Command 'symlink /config/usb_gadget/g1/functions/ffs.adb /config/usb_gadget/g1/configs/b.1/f1' action=sys.usb.config=adb && sys.usb.configfs=1 && sys.usb.ffs.ready=1 (/system/etc/init/hw/init.usb.configfs.rc:23) took 1ms and failed: symlink() failed: File exists
[56820.165282] init: Command 'write /config/usb_gadget/g1/UDC ${sys.usb.controller}' action=sys.usb.config=adb && sys.usb.configfs=1 && sys.usb.ffs.ready=1 (/system/etc/init/hw/init.usb.configfs.rc:24) took 0ms and failed: property 'sys.usb.controller' doesn't exist while expanding '${sys.usb.controller}'
[56820.676712] AICWFDBG(LOGTRACE)\x09>>> rwnx_cfg80211_scan()
[56820.676786] AICWFDBG(LOGTRACE)\x09>>> rwnx_send_scanu_req()
[56820.676823] AICWFDBG(LOGDEBUG)\x09scan channel:1(2412) \x0d
[56820.676839] AICWFDBG(LOGDEBUG)\x09scan channel:2(2417) \x0d
[56820.676854] AICWFDBG(LOGDEBUG)\x09scan channel:3(2422) \x0d
[56820.676878] AICWFDBG(LOGDEBUG)\x09scan channel:4(2427) \x0d
[56820.676893] AICWFDBG(LOGDEBUG)\x09scan channel:5(2432) \x0d
[56820.676907] AICWFDBG(LOGDEBUG)\x09scan channel:6(2437) \x0d
[56820.676923] AICWFDBG(LOGDEBUG)\x09scan channel:7(2442) \x0d
[56820.676944] AICWFDBG(LOGDEBUG)\x09scan channel:8(2447) \x0d
[56820.676958] AICWFDBG(LOGDEBUG)\x09scan channel:9(2452) \x0d
[56820.676973] AICWFDBG(LOGDEBUG)\x09scan channel:10(2457) \x0d
[56820.676988] AICWFDBG(LOGDEBUG)\x09scan channel:11(2462) \x0d
[56820.677008] AICWFDBG(LOGDEBUG)\x09scan channel:12(2467) \x0d
[56820.677024] AICWFDBG(LOGDEBUG)\x09scan channel:13(2472) \x0d
[56820.677039] AICWFDBG(LOGDEBUG)\x09scan channel:36(5180) \x0d
[56820.677066] AICWFDBG(LOGDEBUG)\x09scan channel:40(5200) \x0d
[56820.677082] AICWFDBG(LOGDEBUG)\x09scan channel:44(5220) \x0d
[56820.677097] AICWFDBG(LOGDEBUG)\x09scan channel:48(5240) \x0d
[56820.677112] AICWFDBG(LOGDEBUG)\x09scan channel:52(5260) \x0d
[56820.677133] AICWFDBG(LOGDEBUG)\x09scan channel:56(5280) \x0d
[56820.677148] AICWFDBG(LOGDEBUG)\x09scan channel:60(5300) \x0d
[56820.677163] AICWFDBG(LOGDEBUG)\x09scan channel:64(5320) \x0d
[56820.677178] AICWFDBG(LOGDEBUG)\x09scan channel:149(5745) \x0d
[56820.677200] AICWFDBG(LOGDEBUG)\x09scan channel:153(5765) \x0d
[56820.677215] AICWFDBG(LOGDEBUG)\x09scan channel:157(5785) \x0d
[56820.677230] AICWFDBG(LOGDEBUG)\x09scan channel:161(5805) \x0d
[56820.677245] AICWFDBG(LOGDEBUG)\x09scan channel:165(5825) \x0d
[56820.677270] AICWFDBG(LOGTRACE)\x09rwnx_send_msg (4105)SCANU_START_CFM_ADDTIONAL reqcfm:1 in_irq:0 in_softirq:0 in_atomic:0\x0d
[56820.677295] AICWFDBG(LOGTRACE)\x09rwnx_cmd_malloc get cmd_array[0]:00000000f100465a \x0d
[56820.678039] AICWFDBG(LOGDEBUG)\x09rwnx_rx_handle_msg msg->id:0x1009 \x0d
[56820.678132] AICWFDBG(LOGTRACE)\x09rwnx_cmd_free cmd_array[0]:00000000f100465a \x0d
[56820.692078] AICWFDBG(LOGDEBUG)\x09rwnx_rx_handle_msg msg->id:0x1004 \x0d
[56820.733925] AICWFDBG(LOGDEBUG)\x09rwnx_rx_handle_msg msg->id:0x4f \x0d
[56820.741175] AICWFDBG(LOGDEBUG)\x09rwnx_rx_handle_msg msg->id:0x1004 \x0d
[56820.768855] AICWFDBG(LOGDEBUG)\x09rwnx_rx_handle_msg msg->id:0x4f \x0d
[56820.775844] AICWFDBG(LOGDEBUG)\x09rwnx_rx_handle_msg msg->id:0x1004 \x0d
[56820.786875] AICWFDBG(LOGDEBUG)\x09rwnx_rx_handle_msg msg->id:0x1004 \x0d
[56820.794387] AICWFDBG(LOGDEBUG)\x09rwnx_rx_handle_msg msg->id:0x1004 \x0d
[56820.803894] AICWFDBG(LOGDEBUG)\x09rwnx_rx_handle_msg msg->id:0x4f \x0d
[56820.839020] AICWFDBG(LOGDEBUG)\x09rwnx_rx_handle_msg msg->id:0x4f \x0d
[56820.874064] AICWFDBG(LOGDEBUG)\x09rwnx_rx_handle_msg msg->id:0x4f \x0d
[56820.929693] AICWFDBG(LOGDEBUG)\x09rwnx_rx_handle_msg msg->id:0x4f \x0d
[56820.964750] AICWFDBG(LOGDEBUG)\x09rwnx_rx_handle_msg msg->id:0x4f \x0d
[56820.999770] AICWFDBG(LOGDEBUG)\x09rwnx_rx_handle_msg msg->id:0x4f \x0d
[56821.005003] AICWFDBG(LOGDEBUG)\x09rwnx_rx_handle_msg msg->id:0x1004 \x0d
[56821.005461] AICWFDBG(LOGDEBUG)\x09rwnx_rx_handle_msg msg->id:0x1004 \x0d
[56821.013668] AICWFDBG(LOGDEBUG)\x09rwnx_rx_handle_msg msg->id:0x1004 \x0d
[56821.018144] AICWFDBG(LOGDEBUG)\x09rwnx_rx_handle_msg msg->id:0x1004 \x0d
[56821.025466] AICWFDBG(LOGDEBUG)\x09rwnx_rx_handle_msg msg->id:0x1004 \x0d
[56821.034768] AICWFDBG(LOGDEBUG)\x09rwnx_rx_handle_msg msg->id:0x4f \x0d
[56821.069785] AICWFDBG(LOGDEBUG)\x09rwnx_rx_handle_msg msg->id:0x4f \x0d
[56821.113275] AICWFDBG(LOGDEBUG)\x09rwnx_rx_handle_msg msg->id:0x1004 \x0d
[56821.124822] AICWFDBG(LOGDEBUG)\x09rwnx_rx_handle_msg msg->id:0x4f \x0d
[56821.159837] AICWFDBG(LOGDEBUG)\x09rwnx_rx_handle_msg msg->id:0x4f \x0d
[56821.214894] AICWFDBG(LOGDEBUG)\x09rwnx_rx_handle_msg msg->id:0x4f \x0d
[56821.216890] AICWFDBG(LOGDEBUG)\x09rwnx_rx_handle_msg msg->id:0x1004 \x0d
[56821.218768] AICWFDBG(LOGDEBUG)\x09rwnx_rx_handle_msg msg->id:0x1004 \x0d
[56821.221972] read descriptors
[56821.222072] read strings
[56821.224098] init: processing action (sys.usb.config=adb && sys.usb.configfs=1 && sys.usb.ffs.ready=1) from (/system/etc/init/hw/init.usb.configfs.rc:21)
[56821.269933] AICWFDBG(LOGDEBUG)\x09rwnx_rx_handle_msg msg->id:0x4f \x0d
[56821.304951] AICWFDBG(LOGDEBUG)\x09rwnx_rx_handle_msg msg->id:0x4f \x0d
[56821.359904] AICWFDBG(LOGDEBUG)\x09rwnx_rx_handle_msg msg->id:0x4f \x0d
[56821.362063] AICWFDBG(LOGDEBUG)\x09rwnx_rx_handle_msg msg->id:0x1004 \x0d
[56821.394912] AICWFDBG(LOGDEBUG)\x09rwnx_rx_handle_msg msg->id:0x4f \x0d
[56821.429993] AICWFDBG(LOGDEBUG)\x09rwnx_rx_handle_msg msg->id:0x4f \x0d
[56821.465007] AICWFDBG(LOGDEBUG)\x09rwnx_rx_handle_msg msg->id:0x4f \x0d
[56821.500111] AICWFDBG(LOGDEBUG)\x09rwnx_rx_handle_msg msg->id:0x4f \x0d
[56821.535060] AICWFDBG(LOGDEBUG)\x09rwnx_rx_handle_msg msg->id:0x4f \x0d
[56821.570091] AICWFDBG(LOGDEBUG)\x09rwnx_rx_handle_msg msg->id:0x4f \x0d
[56821.625104] AICWFDBG(LOGDEBUG)\x09rwnx_rx_handle_msg msg->id:0x4f \x0d
[56821.680114] AICWFDBG(LOGDEBUG)\x09rwnx_rx_handle_msg msg->id:0x4f \x0d
[56821.735141] AICWFDBG(LOGDEBUG)\x09rwnx_rx_handle_msg msg->id:0x4f \x0d
[56821.770155] AICWFDBG(LOGDEBUG)\x09rwnx_rx_handle_msg msg->id:0x4f \x0d
[56821.770250] AICWFDBG(LOGDEBUG)\x09rwnx_rx_handle_msg msg->id:0x1001 \x0d
[56821.770280] AICWFDBG(LOGTRACE)\x09>>> rwnx_rx_scanu_start_cfm()
[56822.271720] read descriptors
[56822.271837] read strings
[56823.325209] read descriptors
[56823.325323] read strings
[56823.327261] init: processing action (sys.usb.config=adb && sys.usb.configfs=1 && sys.usb.ffs.ready=1) from (/system/etc/init/hw/init.usb.configfs.rc:21)
[56823.331025] init: Command 'symlink /config/usb_gadget/g1/functions/ffs.adb /config/usb_gadget/g1/configs/b.1/f1' action=sys.usb.config=adb && sys.usb.configfs=1 && sys.usb.ffs.ready=1 (/system/etc/init/hw/init.usb.configfs.rc:23) took 1ms and failed: symlink() failed: File exists
[56823.331690] init: Command 'write /config/usb_gadget/g1/UDC ${sys.usb.controller}' action=sys.usb.config=adb && sys.usb.configfs=1 && sys.usb.ffs.ready=1 (/system/etc/init/hw/init.usb.configfs.rc:24) took 0ms and failed: property 'sys.usb.controller' doesn't exist while expanding '${sys.usb.controller}'
[56824.384736] read descriptors
[56824.384826] read strings
[56824.386027] init: processing action (sys.usb.config=adb && sys.usb.configfs=1 && sys.usb.ffs.ready=1) from (/system/etc/init/hw/init.usb.configfs.rc:21)
[56824.388186] init: Command 'symlink /config/usb_gadget/g1/functions/ffs.adb /config/usb_gadget/g1/configs/b.1/f1' action=sys.usb.config=adb && sys.usb.configfs=1 && sys.usb.ffs.ready=1 (/system/etc/init/hw/init.usb.configfs.rc:23) took 0ms and failed: symlink() failed: File exists
[56824.388521] init: Command 'write /config/usb_gadget/g1/UDC ${sys.usb.controller}' action=sys.usb.config=adb && sys.usb.configfs=1 && sys.usb.ffs.ready=1 (/system/etc/init/hw/init.usb.configfs.rc:24) took 0ms and failed: property 'sys.usb.controller' doesn't exist while expanding '${sys.usb.controller}'
[56825.435190] read descriptors
[56825.435304] read strings
[56825.437337] init: processing action (sys.usb.config=adb && sys.usb.configfs=1 && sys.usb.ffs.ready=1) from (/system/etc/init/hw/init.usb.configfs.rc:21)
[56825.441929] init: Command 'symlink /config/usb_gadget/g1/functions/ffs.adb /config/usb_gadget/g1/configs/b.1/f1' action=sys.usb.config=adb && sys.usb.configfs=1 && sys.usb.ffs.ready=1 (/system/etc/init/hw/init.usb.configfs.rc:23) took 1ms and failed: symlink() failed: File exists
[56825.442589] init: Command 'write /config/usb_gadget/g1/UDC ${sys.usb.controller}' action=sys.usb.config=adb && sys.usb.configfs=1 && sys.usb.ffs.ready=1 (/system/etc/init/hw/init.usb.configfs.rc:24) took 0ms and failed: property 'sys.usb.controller' doesn't exist while expanding '${sys.usb.controller}'
[56826.511906] read descriptors
[56826.512016] read strings
[56826.514099] init: processing action (sys.usb.config=adb && sys.usb.configfs=1 && sys.usb.ffs.ready=1) from (/system/etc/init/hw/init.usb.configfs.rc:21)
[56827.565104] read descriptors
[56827.565225] read strings
[56828.611886] read descriptors
[56828.611997] read strings
[56828.614048] init: processing action (sys.usb.config=adb && sys.usb.configfs=1 && sys.usb.ffs.ready=1) from (/system/etc/init/hw/init.usb.configfs.rc:21)
[56828.618043] init: Command 'symlink /config/usb_gadget/g1/functions/ffs.adb /config/usb_gadget/g1/configs/b.1/f1' action=sys.usb.config=adb && sys.usb.configfs=1 && sys.usb.ffs.ready=1 (/system/etc/init/hw/init.usb.configfs.rc:23) took 1ms and failed: symlink() failed: File exists
[56828.618722] init: Command 'write /config/usb_gadget/g1/UDC ${sys.usb.controller}' action=sys.usb.config=adb && sys.usb.configfs=1 && sys.usb.ffs.ready=1 (/system/etc/init/hw/init.usb.configfs.rc:24) took 0ms and failed: property 'sys.usb.controller' doesn't exist while expanding '${sys.usb.controller}'
[56829.694840] read descriptors
[56829.694903] read strings
[56829.696078] init: processing action (sys.usb.config=adb && sys.usb.configfs=1 && sys.usb.ffs.ready=1) from (/system/etc/init/hw/init.usb.configfs.rc:21)
[56829.698295] init: Command 'symlink /config/usb_gadget/g1/functions/ffs.adb /config/usb_gadget/g1/configs/b.1/f1' action=sys.usb.config=adb && sys.usb.configfs=1 && sys.usb.ffs.ready=1 (/system/etc/init/hw/init.usb.configfs.rc:23) took 0ms and failed: symlink() failed: File exists
[56829.698677] init: Command 'write /config/usb_gadget/g1/UDC ${sys.usb.controller}' action=sys.usb.config=adb && sys.usb.configfs=1 && sys.usb.ffs.ready=1 (/system/etc/init/hw/init.usb.configfs.rc:24) took 0ms and failed: property 'sys.usb.controller' doesn't exist while expanding '${sys.usb.controller}'
[56830.681265] AICWFDBG(LOGTRACE)\x09>>> rwnx_cfg80211_scan()
[56830.681328] AICWFDBG(LOGTRACE)\x09>>> rwnx_send_scanu_req()
[56830.681362] AICWFDBG(LOGDEBUG)\x09scan channel:1(2412) \x0d
[56830.681381] AICWFDBG(LOGDEBUG)\x09scan channel:2(2417) \x0d
[56830.681397] AICWFDBG(LOGDEBUG)\x09scan channel:3(2422) \x0d
[56830.681422] AICWFDBG(LOGDEBUG)\x09scan channel:4(2427) \x0d
[56830.681436] AICWFDBG(LOGDEBUG)\x09scan channel:5(2432) \x0d
[56830.681451] AICWFDBG(LOGDEBUG)\x09scan channel:6(2437) \x0d
[56830.681467] AICWFDBG(LOGDEBUG)\x09scan channel:7(2442) \x0d
[56830.681488] AICWFDBG(LOGDEBUG)\x09scan channel:8(2447) \x0d
[56830.681503] AICWFDBG(LOGDEBUG)\x09scan channel:9(2452) \x0d
[56830.681518] AICWFDBG(LOGDEBUG)\x09scan channel:10(2457) \x0d
[56830.681533] AICWFDBG(LOGDEBUG)\x09scan channel:11(2462) \x0d
[56830.681550] AICWFDBG(LOGDEBUG)\x09scan channel:12(2467) \x0d
[56830.681564] AICWFDBG(LOGDEBUG)\x09scan channel:13(2472) \x0d
[56830.681579] AICWFDBG(LOGDEBUG)\x09scan channel:36(5180) \x0d
[56830.681594] AICWFDBG(LOGDEBUG)\x09scan channel:40(5200) \x0d
[56830.681615] AICWFDBG(LOGDEBUG)\x09scan channel:44(5220) \x0d
[56830.681630] AICWFDBG(LOGDEBUG)\x09scan channel:48(5240) \x0d
[56830.681645] AICWFDBG(LOGDEBUG)\x09scan channel:52(5260) \x0d
[56830.681660] AICWFDBG(LOGDEBUG)\x09scan channel:56(5280) \x0d
[56830.681681] AICWFDBG(LOGDEBUG)\x09scan channel:60(5300) \x0d
[56830.681696] AICWFDBG(LOGDEBUG)\x09scan channel:64(5320) \x0d
[56830.681711] AICWFDBG(LOGDEBUG)\x09scan channel:149(5745) \x0d
[56830.681725] AICWFDBG(LOGDEBUG)\x09scan channel:153(5765) \x0d
[56830.681744] AICWFDBG(LOGDEBUG)\x09scan channel:157(5785) \x0d
[56830.681759] AICWFDBG(LOGDEBUG)\x09scan channel:161(5805) \x0d
[56830.681774] AICWFDBG(LOGDEBUG)\x09scan channel:165(5825) \x0d
[56830.681803] AICWFDBG(LOGTRACE)\x09rwnx_send_msg (4105)SCANU_START_CFM_ADDTIONAL reqcfm:1 in_irq:0 in_softirq:0 in_atomic:0\x0d
[56830.681827] AICWFDBG(LOGTRACE)\x09rwnx_cmd_malloc get cmd_array[0]:00000000f100465a \x0d
[56830.682541] AICWFDBG(LOGDEBUG)\x09rwnx_rx_handle_msg msg->id:0x1009 \x0d
[56830.682618] AICWFDBG(LOGTRACE)\x09rwnx_cmd_free cmd_array[0]:00000000f100465a \x0d
[56830.731874] read descriptors
[56830.731984] read strings
[56830.734009] init: processing action (sys.usb.config=adb && sys.usb.configfs=1 && sys.usb.ffs.ready=1) from (/system/etc/init/hw/init.usb.configfs.rc:21)
[56830.738017] init: Command 'symlink /config/usb_gadget/g1/functions/ffs.adb /config/usb_gadget/g1/configs/b.1/f1' action=sys.usb.config=adb && sys.usb.configfs=1 && sys.usb.ffs.ready=1 (/system/etc/init/hw/init.usb.configfs.rc:23) took 1ms and failed: symlink() failed: File exists
[56830.738069] AICWFDBG(LOGDEBUG)\x09rwnx_rx_handle_msg msg->id:0x4f \x0d
[56830.738718] init: Command 'write /config/usb_gadget/g1/UDC ${sys.usb.controller}' action=sys.usb.config=adb && sys.usb.configfs=1 && sys.usb.ffs.ready=1 (/system/etc/init/hw/init.usb.configfs.rc:24) took 0ms and failed: property 'sys.usb.controller' doesn't exist while expanding '${sys.usb.controller}'
[56830.745203] AICWFDBG(LOGDEBUG)\x09rwnx_rx_handle_msg msg->id:0x1004 \x0d
[56830.752612] AICWFDBG(LOGDEBUG)\x09rwnx_rx_handle_msg msg->id:0x1004 \x0d
[56830.773034] AICWFDBG(LOGDEBUG)\x09rwnx_rx_handle_msg msg->id:0x4f \x0d
[56830.784857] AICWFDBG(LOGDEBUG)\x09rwnx_rx_handle_msg msg->id:0x1004 \x0d
[56830.808017] AICWFDBG(LOGDEBUG)\x09rwnx_rx_handle_msg msg->id:0x4f \x0d
[56830.821979] AICWFDBG(LOGDEBUG)\x09rwnx_rx_handle_msg msg->id:0x1004 \x0d
[56830.843103] AICWFDBG(LOGDEBUG)\x09rwnx_rx_handle_msg msg->id:0x4f \x0d
[56830.877986] AICWFDBG(LOGDEBUG)\x09rwnx_rx_handle_msg msg->id:0x4f \x0d
[56830.933012] AICWFDBG(LOGDEBUG)\x09rwnx_rx_handle_msg msg->id:0x4f \x0d
[56830.968105] AICWFDBG(LOGDEBUG)\x09rwnx_rx_handle_msg msg->id:0x4f \x0d
[56831.003164] AICWFDBG(LOGDEBUG)\x09rwnx_rx_handle_msg msg->id:0x4f \x0d
[56831.005908] AICWFDBG(LOGDEBUG)\x09rwnx_rx_handle_msg msg->id:0x1004 \x0d
[56831.006396] AICWFDBG(LOGDEBUG)\x09rwnx_rx_handle_msg msg->id:0x1004 \x0d
[56831.008555] AICWFDBG(LOGDEBUG)\x09rwnx_rx_handle_msg msg->id:0x1004 \x0d
[56831.038181] AICWFDBG(LOGDEBUG)\x09rwnx_rx_handle_msg msg->id:0x4f \x0d
[56831.073198] AICWFDBG(LOGDEBUG)\x09rwnx_rx_handle_msg msg->id:0x4f \x0d
[56831.128277] AICWFDBG(LOGDEBUG)\x09rwnx_rx_handle_msg msg->id:0x4f \x0d
[56831.163242] AICWFDBG(LOGDEBUG)\x09rwnx_rx_handle_msg msg->id:0x4f \x0d
[56831.218186] AICWFDBG(LOGDEBUG)\x09rwnx_rx_handle_msg msg->id:0x4f \x0d
[56831.220308] AICWFDBG(LOGDEBUG)\x09rwnx_rx_handle_msg msg->id:0x1004 \x0d
[56831.253577] AICWFDBG(LOGDEBUG)\x09rwnx_rx_handle_msg msg->id:0x1004 \x0d
[56831.273319] AICWFDBG(LOGDEBUG)\x09rwnx_rx_handle_msg msg->id:0x4f \x0d
[56831.308414] AICWFDBG(LOGDEBUG)\x09rwnx_rx_handle_msg msg->id:0x4f \x0d
[56831.363371] AICWFDBG(LOGDEBUG)\x09rwnx_rx_handle_msg msg->id:0x4f \x0d
[56831.365601] AICWFDBG(LOGDEBUG)\x09rwnx_rx_handle_msg msg->id:0x1004 \x0d
[56831.398371] AICWFDBG(LOGDEBUG)\x09rwnx_rx_handle_msg msg->id:0x4f \x0d
[56831.433437] AICWFDBG(LOGDEBUG)\x09rwnx_rx_handle_msg msg->id:0x4f \x0d
[56831.468481] AICWFDBG(LOGDEBUG)\x09rwnx_rx_handle_msg msg->id:0x4f \x0d
[56831.503324] AICWFDBG(LOGDEBUG)\x09rwnx_rx_handle_msg msg->id:0x4f \x0d
[56831.538464] AICWFDBG(LOGDEBUG)\x09rwnx_rx_handle_msg msg->id:0x4f \x0d
[56831.573484] AICWFDBG(LOGDEBUG)\x09rwnx_rx_handle_msg msg->id:0x4f \x0d
[56831.628479] AICWFDBG(LOGDEBUG)\x09rwnx_rx_handle_msg msg->id:0x4f \x0d
[56831.683533] AICWFDBG(LOGDEBUG)\x09rwnx_rx_handle_msg msg->id:0x4f \x0d
[56831.738595] AICWFDBG(LOGDEBUG)\x09rwnx_rx_handle_msg msg->id:0x4f \x0d
[56831.773606] AICWFDBG(LOGDEBUG)\x09rwnx_rx_handle_msg msg->id:0x4f \x0d
[56831.773702] AICWFDBG(LOGDEBUG)\x09rwnx_rx_handle_msg msg->id:0x1001 \x0d
[56831.773732] AICWFDBG(LOGTRACE)\x09>>> rwnx_rx_scanu_start_cfm()
[56831.785296] read descriptors
[56831.785469] read strings
[56831.787535] init: processing action (sys.usb.config=adb && sys.usb.configfs=1 && sys.usb.ffs.ready=1) from (/system/etc/init/hw/init.usb.configfs.rc:21)
[56832.828458] read descriptors
[56832.828553] read strings
[56833.874763] read descriptors
[56833.874836] read strings
[56833.876004] init: processing action (sys.usb.config=adb && sys.usb.configfs=1 && sys.usb.ffs.ready=1) from (/system/etc/init/hw/init.usb.configfs.rc:21)
[56833.878383] init: Command 'symlink /config/usb_gadget/g1/functions/ffs.adb /config/usb_gadget/g1/configs/b.1/f1' action=sys.usb.config=adb && sys.usb.configfs=1 && sys.usb.ffs.ready=1 (/system/etc/init/hw/init.usb.configfs.rc:23) took 0ms and failed: symlink() failed: File exists
[56833.878813] init: Command 'write /config/usb_gadget/g1/UDC ${sys.usb.controller}' action=sys.usb.config=adb && sys.usb.configfs=1 && sys.usb.ffs.ready=1 (/system/etc/init/hw/init.usb.configfs.rc:24) took 0ms and failed: property 'sys.usb.controller' doesn't exist while expanding '${sys.usb.controller}'
[56834.922007] read descriptors
[56834.922108] read strings
[56834.923959] init: processing action (sys.usb.config=adb && sys.usb.configfs=1 && sys.usb.ffs.ready=1) from (/system/etc/init/hw/init.usb.configfs.rc:21)
[56834.928051] init: Command 'symlink /config/usb_gadget/g1/functions/ffs.adb /config/usb_gadget/g1/configs/b.1/f1' action=sys.usb.config=adb && sys.usb.configfs=1 && sys.usb.ffs.ready=1 (/system/etc/init/hw/init.usb.configfs.rc:23) took 1ms and failed: symlink() failed: File exists
[56834.928698] init: Command 'write /config/usb_gadget/g1/UDC ${sys.usb.controller}' action=sys.usb.config=adb && sys.usb.configfs=1 && sys.usb.ffs.ready=1 (/system/etc/init/hw/init.usb.configfs.rc:24) took 0ms and failed: property 'sys.usb.controller' doesn't exist while expanding '${sys.usb.controller}'
[56835.965080] read descriptors
[56835.965176] read strings
[56835.967225] init: processing action (sys.usb.config=adb && sys.usb.configfs=1 && sys.usb.ffs.ready=1) from (/system/etc/init/hw/init.usb.configfs.rc:21)
[56835.971000] init: Command 'symlink /config/usb_gadget/g1/functions/ffs.adb /config/usb_gadget/g1/configs/b.1/f1' action=sys.usb.config=adb && sys.usb.configfs=1 && sys.usb.ffs.ready=1 (/system/etc/init/hw/init.usb.configfs.rc:23) took 1ms and failed: symlink() failed: File exists
[56835.971695] init: Command 'write /config/usb_gadget/g1/UDC ${sys.usb.controller}' action=sys.usb.config=adb && sys.usb.configfs=1 && sys.usb.ffs.ready=1 (/system/etc/init/hw/init.usb.configfs.rc:24) took 0ms and failed: property 'sys.usb.controller' doesn't exist while expanding '${sys.usb.controller}'
[56837.008378] read descriptors
[56837.008475] read strings
[56837.010339] init: processing action (sys.usb.config=adb && sys.usb.configfs=1 && sys.usb.ffs.ready=1) from (/system/etc/init/hw/init.usb.configfs.rc:21)
[56838.071866] read descriptors
[56838.071983] read strings
[56839.115118] read descriptors
[56839.115241] read strings
[56839.117309] init: processing action (sys.usb.config=adb && sys.usb.configfs=1 && sys.usb.ffs.ready=1) from (/system/etc/init/hw/init.usb.configfs.rc:21)
[56839.121288] init: Command 'symlink /config/usb_gadget/g1/functions/ffs.adb /config/usb_gadget/g1/configs/b.1/f1' action=sys.usb.config=adb && sys.usb.configfs=1 && sys.usb.ffs.ready=1 (/system/etc/init/hw/init.usb.configfs.rc:23) took 1ms and failed: symlink() failed: File exists
[56839.121964] init: Command 'write /config/usb_gadget/g1/UDC ${sys.usb.controller}' action=sys.usb.config=adb && sys.usb.configfs=1 && sys.usb.ffs.ready=1 (/system/etc/init/hw/init.usb.configfs.rc:24) took 0ms and failed: property 'sys.usb.controller' doesn't exist while expanding '${sys.usb.controller}'
[56840.165069] read descriptors
[56840.165175] read strings
[56840.167193] init: processing action (sys.usb.config=adb && sys.usb.configfs=1 && sys.usb.ffs.ready=1) from (/system/etc/init/hw/init.usb.configfs.rc:21)
[56840.170832] init: Command 'symlink /config/usb_gadget/g1/functions/ffs.adb /config/usb_gadget/g1/configs/b.1/f1' action=sys.usb.config=adb && sys.usb.configfs=1 && sys.usb.ffs.ready=1 (/system/etc/init/hw/init.usb.configfs.rc:23) took 1ms and failed: symlink() failed: File exists
[56840.171594] init: Command 'write /config/usb_gadget/g1/UDC ${sys.usb.controller}' action=sys.usb.config=adb && sys.usb.configfs=1 && sys.usb.ffs.ready=1 (/system/etc/init/hw/init.usb.configfs.rc:24) took 0ms and failed: property 'sys.usb.controller' doesn't exist while expanding '${sys.usb.controller}'
[56840.684969] AICWFDBG(LOGTRACE)\x09>>> rwnx_cfg80211_scan()
[56840.685066] AICWFDBG(LOGTRACE)\x09>>> rwnx_send_scanu_req()
[56840.685098] AICWFDBG(LOGDEBUG)\x09scan channel:1(2412) \x0d
[56840.685126] AICWFDBG(LOGDEBUG)\x09scan channel:2(2417) \x0d
[56840.685149] AICWFDBG(LOGDEBUG)\x09scan channel:3(2422) \x0d
[56840.685171] AICWFDBG(LOGDEBUG)\x09scan channel:4(2427) \x0d
[56840.685205] AICWFDBG(LOGDEBUG)\x09scan channel:5(2432) \x0d
[56840.685229] AICWFDBG(LOGDEBUG)\x09scan channel:6(2437) \x0d
[56840.685258] AICWFDBG(LOGDEBUG)\x09scan channel:7(2442) \x0d
[56840.685279] AICWFDBG(LOGDEBUG)\x09scan channel:8(2447) \x0d
[56840.685301] AICWFDBG(LOGDEBUG)\x09scan channel:9(2452) \x0d
[56840.685334] AICWFDBG(LOGDEBUG)\x09scan channel:10(2457) \x0d
[56840.685357] AICWFDBG(LOGDEBUG)\x09scan channel:11(2462) \x0d
[56840.685382] AICWFDBG(LOGDEBUG)\x09scan channel:12(2467) \x0d
[56840.685405] AICWFDBG(LOGDEBUG)\x09scan channel:13(2472) \x0d
[56840.685429] AICWFDBG(LOGDEBUG)\x09scan channel:36(5180) \x0d
[56840.685460] AICWFDBG(LOGDEBUG)\x09scan channel:40(5200) \x0d
[56840.685482] AICWFDBG(LOGDEBUG)\x09scan channel:44(5220) \x0d
[56840.685513] AICWFDBG(LOGDEBUG)\x09scan channel:48(5240) \x0d
[56840.685535] AICWFDBG(LOGDEBUG)\x09scan channel:52(5260) \x0d
[56840.685558] AICWFDBG(LOGDEBUG)\x09scan channel:56(5280) \x0d
[56840.685589] AICWFDBG(LOGDEBUG)\x09scan channel:60(5300) \x0d
[56840.685613] AICWFDBG(LOGDEBUG)\x09scan channel:64(5320) \x0d
[56840.685639] AICWFDBG(LOGDEBUG)\x09scan channel:149(5745) \x0d
[56840.685662] AICWFDBG(LOGDEBUG)\x09scan channel:153(5765) \x0d
[56840.685685] AICWFDBG(LOGDEBUG)\x09scan channel:157(5785) \x0d
[56840.685717] AICWFDBG(LOGDEBUG)\x09scan channel:161(5805) \x0d
[56840.685740] AICWFDBG(LOGDEBUG)\x09scan channel:165(5825) \x0d
[56840.685781] AICWFDBG(LOGTRACE)\x09rwnx_send_msg (4105)SCANU_START_CFM_ADDTIONAL reqcfm:1 in_irq:0 in_softirq:0 in_atomic:0\x0d
[56840.685817] AICWFDBG(LOGTRACE)\x09rwnx_cmd_malloc get cmd_array[0]:00000000f100465a \x0d
[56840.686731] AICWFDBG(LOGDEBUG)\x09rwnx_rx_handle_msg msg->id:0x1009 \x0d
[56840.686834] AICWFDBG(LOGTRACE)\x09rwnx_cmd_free cmd_array[0]:00000000f100465a \x0d
[56840.703024] AICWFDBG(LOGDEBUG)\x09rwnx_rx_handle_msg msg->id:0x1004 \x0d
[56840.733812] AICWFDBG(LOGDEBUG)\x09rwnx_rx_handle_msg msg->id:0x1004 \x0d
[56840.735919] AICWFDBG(LOGDEBUG)\x09rwnx_rx_handle_msg msg->id:0x1004 \x0d
[56840.741691] AICWFDBG(LOGDEBUG)\x09rwnx_rx_handle_msg msg->id:0x4f \x0d
[56840.748868] AICWFDBG(LOGDEBUG)\x09rwnx_rx_handle_msg msg->id:0x1004 \x0d
[56840.754462] AICWFDBG(LOGDEBUG)\x09rwnx_rx_handle_msg msg->id:0x1004 \x0d
[56840.761954] AICWFDBG(LOGDEBUG)\x09rwnx_rx_handle_msg msg->id:0x1004 \x0d
[56840.776701] AICWFDBG(LOGDEBUG)\x09rwnx_rx_handle_msg msg->id:0x4f \x0d
[56840.811860] AICWFDBG(LOGDEBUG)\x09rwnx_rx_handle_msg msg->id:0x4f \x0d
[56840.846872] AICWFDBG(LOGDEBUG)\x09rwnx_rx_handle_msg msg->id:0x4f \x0d
[56840.881932] AICWFDBG(LOGDEBUG)\x09rwnx_rx_handle_msg msg->id:0x4f \x0d
[56840.936949] AICWFDBG(LOGDEBUG)\x09rwnx_rx_handle_msg msg->id:0x4f \x0d
[56840.971871] AICWFDBG(LOGDEBUG)\x09rwnx_rx_handle_msg msg->id:0x4f \x0d
[56841.006894] AICWFDBG(LOGDEBUG)\x09rwnx_rx_handle_msg msg->id:0x4f \x0d
[56841.009652] AICWFDBG(LOGDEBUG)\x09rwnx_rx_handle_msg msg->id:0x1004 \x0d
[56841.010268] AICWFDBG(LOGDEBUG)\x09rwnx_rx_handle_msg msg->id:0x1004 \x0d
[56841.013721] AICWFDBG(LOGDEBUG)\x09rwnx_rx_handle_msg msg->id:0x1004 \x0d
[56841.043487] AICWFDBG(LOGDEBUG)\x09rwnx_rx_handle_msg msg->id:0x4f \x0d
[56841.043804] AICWFDBG(LOGDEBUG)\x09rwnx_rx_handle_msg msg->id:0x1004 \x0d
[56841.080664] AICWFDBG(LOGDEBUG)\x09rwnx_rx_handle_msg msg->id:0x4f \x0d
[56841.135787] AICWFDBG(LOGDEBUG)\x09rwnx_rx_handle_msg msg->id:0x4f \x0d
[56841.170989] AICWFDBG(LOGDEBUG)\x09rwnx_rx_handle_msg msg->id:0x4f \x0d
[56841.215078] read descriptors
[56841.215191] read strings
[56841.217066] init: processing action (sys.usb.config=adb && sys.usb.configfs=1 && sys.usb.ffs.ready=1) from (/system/etc/init/hw/init.usb.configfs.rc:21)
[56841.221104] init: Command 'symlink /config/usb_gadget/g1/functions/ffs.adb /config/usb_gadget/g1/configs/b.1/f1' action=sys.usb.config=adb && sys.usb.configfs=1 && sys.usb.ffs.ready=1 (/system/etc/init/hw/init.usb.configfs.rc:23) took 1ms and failed: symlink() failed: File exists
[56841.221779] init: Command 'write /config/usb_gadget/g1/UDC ${sys.usb.controller}' action=sys.usb.config=adb && sys.usb.configfs=1 && sys.usb.ffs.ready=1 (/system/etc/init/hw/init.usb.configfs.rc:24) took 0ms and failed: property 'sys.usb.controller' doesn't exist while expanding '${sys.usb.controller}'
[56841.225876] AICWFDBG(LOGDEBUG)\x09rwnx_rx_handle_msg msg->id:0x4f \x0d
[56841.227877] AICWFDBG(LOGDEBUG)\x09rwnx_rx_handle_msg msg->id:0x1004 \x0d
[56841.280973] AICWFDBG(LOGDEBUG)\x09rwnx_rx_handle_msg msg->id:0x4f \x0d
[56841.315935] AICWFDBG(LOGDEBUG)\x09rwnx_rx_handle_msg msg->id:0x4f \x0d
[56841.370996] AICWFDBG(LOGDEBUG)\x09rwnx_rx_handle_msg msg->id:0x4f \x0d
[56841.373216] AICWFDBG(LOGDEBUG)\x09rwnx_rx_handle_msg msg->id:0x1004 \x0d
[56841.373909] AICWFDBG(LOGDEBUG)\x09rwnx_rx_handle_msg msg->id:0x1004 \x0d
[56841.374928] AICWFDBG(LOGDEBUG)\x09rwnx_rx_handle_msg msg->id:0x1004 \x0d
[56841.405938] AICWFDBG(LOGDEBUG)\x09rwnx_rx_handle_msg msg->id:0x4f \x0d
[56841.441006] AICWFDBG(LOGDEBUG)\x09rwnx_rx_handle_msg msg->id:0x4f \x0d
[56841.476002] AICWFDBG(LOGDEBUG)\x09rwnx_rx_handle_msg msg->id:0x4f \x0d
[56841.511157] AICWFDBG(LOGDEBUG)\x09rwnx_rx_handle_msg msg->id:0x4f \x0d
[56841.546040] AICWFDBG(LOGDEBUG)\x09rwnx_rx_handle_msg msg->id:0x4f \x0d
[56841.556305] AICWFDBG(LOGDEBUG)\x09rwnx_rx_handle_msg msg->id:0x1004 \x0d
[56841.581001] AICWFDBG(LOGDEBUG)\x09rwnx_rx_handle_msg msg->id:0x4f \x0d
[56841.636079] AICWFDBG(LOGDEBUG)\x09rwnx_rx_handle_msg msg->id:0x4f \x0d
[56841.691030] AICWFDBG(LOGDEBUG)\x09rwnx_rx_handle_msg msg->id:0x4f \x0d
[56841.746157] AICWFDBG(LOGDEBUG)\x09rwnx_rx_handle_msg msg->id:0x4f \x0d
[56841.781162] AICWFDBG(LOGDEBUG)\x09rwnx_rx_handle_msg msg->id:0x4f \x0d
[56841.781257] AICWFDBG(LOGDEBUG)\x09rwnx_rx_handle_msg msg->id:0x1001 \x0d
[56841.781285] AICWFDBG(LOGTRACE)\x09>>> rwnx_rx_scanu_start_cfm()
[56842.261774] read descriptors
[56842.261878] read strings
[56842.263830] init: processing action (sys.usb.config=adb && sys.usb.configfs=1 && sys.usb.ffs.ready=1) from (/system/etc/init/hw/init.usb.configfs.rc:21)
[56843.308453] read descriptors
[56843.308546] read strings
[56844.348409] read descriptors
[56844.348506] read strings
[56844.350293] init: processing action (sys.usb.config=adb && sys.usb.configfs=1 && sys.usb.ffs.ready=1) from (/system/etc/init/hw/init.usb.configfs.rc:21)
[56844.354298] init: Command 'symlink /config/usb_gadget/g1/functions/ffs.adb /config/usb_gadget/g1/configs/b.1/f1' action=sys.usb.config=adb && sys.usb.configfs=1 && sys.usb.ffs.ready=1 (/system/etc/init/hw/init.usb.configfs.rc:23) took 1ms and failed: symlink() failed: File exists
[56844.355027] init: Command 'write /config/usb_gadget/g1/UDC ${sys.usb.controller}' action=sys.usb.config=adb && sys.usb.configfs=1 && sys.usb.ffs.ready=1 (/system/etc/init/hw/init.usb.configfs.rc:24) took 0ms and failed: property 'sys.usb.controller' doesn't exist while expanding '${sys.usb.controller}'
[56845.398621] read descriptors
[56845.398729] read strings
[56845.400663] init: processing action (sys.usb.config=adb && sys.usb.configfs=1 && sys.usb.ffs.ready=1) from (/system/etc/init/hw/init.usb.configfs.rc:21)
[56845.404748] init: Command 'symlink /config/usb_gadget/g1/functions/ffs.adb /config/usb_gadget/g1/configs/b.1/f1' action=sys.usb.config=adb && sys.usb.configfs=1 && sys.usb.ffs.ready=1 (/system/etc/init/hw/init.usb.configfs.rc:23) took 1ms and failed: symlink() failed: File exists
[56845.405414] init: Command 'write /config/usb_gadget/g1/UDC ${sys.usb.controller}' action=sys.usb.config=adb && sys.usb.configfs=1 && sys.usb.ffs.ready=1 (/system/etc/init/hw/init.usb.configfs.rc:24) took 0ms and failed: property 'sys.usb.controller' doesn't exist while expanding '${sys.usb.controller}'
[56846.438434] read descriptors
[56846.438548] read strings
[56846.440506] init: processing action (sys.usb.config=adb && sys.usb.configfs=1 && sys.usb.ffs.ready=1) from (/system/etc/init/hw/init.usb.configfs.rc:21)
[56846.444499] init: Command 'symlink /config/usb_gadget/g1/functions/ffs.adb /config/usb_gadget/g1/configs/b.1/f1' action=sys.usb.config=adb && sys.usb.configfs=1 && sys.usb.ffs.ready=1 (/system/etc/init/hw/init.usb.configfs.rc:23) took 1ms and failed: symlink() failed: File exists
[56846.445193] init: Command 'write /config/usb_gadget/g1/UDC ${sys.usb.controller}' action=sys.usb.config=adb && sys.usb.configfs=1 && sys.usb.ffs.ready=1 (/system/etc/init/hw/init.usb.configfs.rc:24) took 0ms and failed: property 'sys.usb.controller' doesn't exist while expanding '${sys.usb.controller}'
[56847.478423] read descriptors
[56847.478525] read strings
[56847.480539] init: processing action (sys.usb.config=adb && sys.usb.configfs=1 && sys.usb.ffs.ready=1) from (/system/etc/init/hw/init.usb.configfs.rc:21)
[56848.545252] read descriptors
[56848.545367] read strings
[56849.615097] read descriptors
[56849.615211] read strings
[56849.617311] init: processing action (sys.usb.config=adb && sys.usb.configfs=1 && sys.usb.ffs.ready=1) from (/system/etc/init/hw/init.usb.configfs.rc:21)
[56849.621285] init: Command 'symlink /config/usb_gadget/g1/functions/ffs.adb /config/usb_gadget/g1/configs/b.1/f1' action=sys.usb.config=adb && sys.usb.configfs=1 && sys.usb.ffs.ready=1 (/system/etc/init/hw/init.usb.configfs.rc:23) took 1ms and failed: symlink() failed: File exists
[56849.621939] init: Command 'write /config/usb_gadget/g1/UDC ${sys.usb.controller}' action=sys.usb.config=adb && sys.usb.configfs=1 && sys.usb.ffs.ready=1 (/system/etc/init/hw/init.usb.configfs.rc:24) took 0ms and failed: property 'sys.usb.controller' doesn't exist while expanding '${sys.usb.controller}'
[56850.665303] read descriptors
[56850.665421] read strings
[56850.667515] init: processing action (sys.usb.config=adb && sys.usb.configfs=1 && sys.usb.ffs.ready=1) from (/system/etc/init/hw/init.usb.configfs.rc:21)
[56850.671905] init: Command 'symlink /config/usb_gadget/g1/functions/ffs.adb /config/usb_gadget/g1/configs/b.1/f1' action=sys.usb.config=adb && sys.usb.configfs=1 && sys.usb.ffs.ready=1 (/system/etc/init/hw/init.usb.configfs.rc:23) took 1ms and failed: symlink() failed: File exists
[56850.672568] init: Command 'write /config/usb_gadget/g1/UDC ${sys.usb.controller}' action=sys.usb.config=adb && sys.usb.configfs=1 && sys.usb.ffs.ready=1 (/system/etc/init/hw/init.usb.configfs.rc:24) took 0ms and failed: property 'sys.usb.controller' doesn't exist while expanding '${sys.usb.controller}'
[56850.689849] AICWFDBG(LOGTRACE)\x09>>> rwnx_cfg80211_scan()
[56850.689948] AICWFDBG(LOGTRACE)\x09>>> rwnx_send_scanu_req()
[56850.689993] AICWFDBG(LOGDEBUG)\x09scan channel:1(2412) \x0d
[56850.690018] AICWFDBG(LOGDEBUG)\x09scan channel:2(2417) \x0d
[56850.690041] AICWFDBG(LOGDEBUG)\x09scan channel:3(2422) \x0d
[56850.690068] AICWFDBG(LOGDEBUG)\x09scan channel:4(2427) \x0d
[56850.690090] AICWFDBG(LOGDEBUG)\x09scan channel:5(2432) \x0d
[56850.690118] AICWFDBG(LOGDEBUG)\x09scan channel:6(2437) \x0d
[56850.690142] AICWFDBG(LOGDEBUG)\x09scan channel:7(2442) \x0d
[56850.690165] AICWFDBG(LOGDEBUG)\x09scan channel:8(2447) \x0d
[56850.690196] AICWFDBG(LOGDEBUG)\x09scan channel:9(2452) \x0d
[56850.690218] AICWFDBG(LOGDEBUG)\x09scan channel:10(2457) \x0d
[56850.690250] AICWFDBG(LOGDEBUG)\x09scan channel:11(2462) \x0d
[56850.690274] AICWFDBG(LOGDEBUG)\x09scan channel:12(2467) \x0d
[56850.690297] AICWFDBG(LOGDEBUG)\x09scan channel:13(2472) \x0d
[56850.690324] AICWFDBG(LOGDEBUG)\x09scan channel:36(5180) \x0d
[56850.690346] AICWFDBG(LOGDEBUG)\x09scan channel:40(5200) \x0d
[56850.690376] AICWFDBG(LOGDEBUG)\x09scan channel:44(5220) \x0d
[56850.690399] AICWFDBG(LOGDEBUG)\x09scan channel:48(5240) \x0d
[56850.690422] AICWFDBG(LOGDEBUG)\x09scan channel:52(5260) \x0d
[56850.690452] AICWFDBG(LOGDEBUG)\x09scan channel:56(5280) \x0d
[56850.690475] AICWFDBG(LOGDEBUG)\x09scan channel:60(5300) \x0d
[56850.690506] AICWFDBG(LOGDEBUG)\x09scan channel:64(5320) \x0d
[56850.690529] AICWFDBG(LOGDEBUG)\x09scan channel:149(5745) \x0d
[56850.690551] AICWFDBG(LOGDEBUG)\x09scan channel:153(5765) \x0d
[56850.690579] AICWFDBG(LOGDEBUG)\x09scan channel:157(5785) \x0d
[56850.690601] AICWFDBG(LOGDEBUG)\x09scan channel:161(5805) \x0d
[56850.690631] AICWFDBG(LOGDEBUG)\x09scan channel:165(5825) \x0d
[56850.690662] AICWFDBG(LOGTRACE)\x09rwnx_send_msg (4105)SCANU_START_CFM_ADDTIONAL reqcfm:1 in_irq:0 in_softirq:0 in_atomic:0\x0d
[56850.690707] AICWFDBG(LOGTRACE)\x09rwnx_cmd_malloc get cmd_array[0]:00000000f100465a \x0d
[56850.691753] AICWFDBG(LOGDEBUG)\x09rwnx_rx_handle_msg msg->id:0x1009 \x0d
[56850.691876] AICWFDBG(LOGTRACE)\x09rwnx_cmd_free cmd_array[0]:00000000f100465a \x0d
[56850.701854] AICWFDBG(LOGDEBUG)\x09rwnx_rx_handle_msg msg->id:0x1004 \x0d
[56850.703821] AICWFDBG(LOGDEBUG)\x09rwnx_rx_handle_msg msg->id:0x1004 \x0d
[56850.720277] AICWFDBG(LOGDEBUG)\x09rwnx_rx_handle_msg msg->id:0x1004 \x0d
[56850.737959] AICWFDBG(LOGDEBUG)\x09rwnx_rx_handle_msg msg->id:0x1004 \x0d
[56850.748465] AICWFDBG(LOGDEBUG)\x09rwnx_rx_handle_msg msg->id:0x4f \x0d
[56850.755577] AICWFDBG(LOGDEBUG)\x09rwnx_rx_handle_msg msg->id:0x1004 \x0d
[56850.783465] AICWFDBG(LOGDEBUG)\x09rwnx_rx_handle_msg msg->id:0x4f \x0d
[56850.789497] AICWFDBG(LOGDEBUG)\x09rwnx_rx_handle_msg msg->id:0x1004 \x0d
[56850.794472] AICWFDBG(LOGDEBUG)\x09rwnx_rx_handle_msg msg->id:0x1004 \x0d
[56850.818482] AICWFDBG(LOGDEBUG)\x09rwnx_rx_handle_msg msg->id:0x4f \x0d
[56850.853512] AICWFDBG(LOGDEBUG)\x09rwnx_rx_handle_msg msg->id:0x4f \x0d
[56850.888502] AICWFDBG(LOGDEBUG)\x09rwnx_rx_handle_msg msg->id:0x4f \x0d
[56850.943544] AICWFDBG(LOGDEBUG)\x09rwnx_rx_handle_msg msg->id:0x4f \x0d
[56850.978586] AICWFDBG(LOGDEBUG)\x09rwnx_rx_handle_msg msg->id:0x4f \x0d
[56851.013474] AICWFDBG(LOGDEBUG)\x09rwnx_rx_handle_msg msg->id:0x4f \x0d
[56851.016410] AICWFDBG(LOGDEBUG)\x09rwnx_rx_handle_msg msg->id:0x1004 \x0d
[56851.016801] AICWFDBG(LOGDEBUG)\x09rwnx_rx_handle_msg msg->id:0x1004 \x0d
[56851.017387] AICWFDBG(LOGDEBUG)\x09rwnx_rx_handle_msg msg->id:0x1004 \x0d
[56851.019943] AICWFDBG(LOGDEBUG)\x09rwnx_rx_handle_msg msg->id:0x1004 \x0d
[56851.048611] AICWFDBG(LOGDEBUG)\x09rwnx_rx_handle_msg msg->id:0x4f \x0d
[56851.083557] AICWFDBG(LOGDEBUG)\x09rwnx_rx_handle_msg msg->id:0x4f \x0d
[56851.138590] AICWFDBG(LOGDEBUG)\x09rwnx_rx_handle_msg msg->id:0x4f \x0d
[56851.173667] AICWFDBG(LOGDEBUG)\x09rwnx_rx_handle_msg msg->id:0x4f \x0d
[56851.228652] AICWFDBG(LOGDEBUG)\x09rwnx_rx_handle_msg msg->id:0x4f \x0d
[56851.230654] AICWFDBG(LOGDEBUG)\x09rwnx_rx_handle_msg msg->id:0x1004 \x0d
[56851.283753] AICWFDBG(LOGDEBUG)\x09rwnx_rx_handle_msg msg->id:0x4f \x0d
[56851.318752] AICWFDBG(LOGDEBUG)\x09rwnx_rx_handle_msg msg->id:0x4f \x0d
[56851.373802] AICWFDBG(LOGDEBUG)\x09rwnx_rx_handle_msg msg->id:0x4f \x0d
[56851.375988] AICWFDBG(LOGDEBUG)\x09rwnx_rx_handle_msg msg->id:0x1004 \x0d
[56851.408359] AICWFDBG(LOGDEBUG)\x09rwnx_rx_handle_msg msg->id:0x1004 \x0d
[56851.408794] AICWFDBG(LOGDEBUG)\x09rwnx_rx_handle_msg msg->id:0x4f \x0d
[56851.409134] AICWFDBG(LOGDEBUG)\x09rwnx_rx_handle_msg msg->id:0x1004 \x0d
[56851.443900] AICWFDBG(LOGDEBUG)\x09rwnx_rx_handle_msg msg->id:0x4f \x0d
[56851.478941] AICWFDBG(LOGDEBUG)\x09rwnx_rx_handle_msg msg->id:0x4f \x0d
[56851.513952] AICWFDBG(LOGDEBUG)\x09rwnx_rx_handle_msg msg->id:0x4f \x0d
[56851.548928] AICWFDBG(LOGDEBUG)\x09rwnx_rx_handle_msg msg->id:0x4f \x0d
[56851.583975] AICWFDBG(LOGDEBUG)\x09rwnx_rx_handle_msg msg->id:0x4f \x0d
[56851.639085] AICWFDBG(LOGDEBUG)\x09rwnx_rx_handle_msg msg->id:0x4f \x0d
[56851.693926] AICWFDBG(LOGDEBUG)\x09rwnx_rx_handle_msg msg->id:0x4f \x0d
[56851.701399] read descriptors
[56851.701470] read strings
[56851.702683] init: processing action (sys.usb.config=adb && sys.usb.configfs=1 && sys.usb.ffs.ready=1) from (/system/etc/init/hw/init.usb.configfs.rc:21)
[56851.704869] init: Command 'symlink /config/usb_gadget/g1/functions/ffs.adb /config/usb_gadget/g1/configs/b.1/f1' action=sys.usb.config=adb && sys.usb.configfs=1 && sys.usb.ffs.ready=1 (/system/etc/init/hw/init.usb.configfs.rc:23) took 0ms and failed: symlink() failed: File exists
[56851.705242] init: Command 'write /config/usb_gadget/g1/UDC ${sys.usb.controller}' action=sys.usb.config=adb && sys.usb.configfs=1 && sys.usb.ffs.ready=1 (/system/etc/init/hw/init.usb.configfs.rc:24) took 0ms and failed: property 'sys.usb.controller' doesn't exist while expanding '${sys.usb.controller}'
[56851.749023] AICWFDBG(LOGDEBUG)\x09rwnx_rx_handle_msg msg->id:0x4f \x0d
[56851.784085] AICWFDBG(LOGDEBUG)\x09rwnx_rx_handle_msg msg->id:0x4f \x0d
[56851.784175] AICWFDBG(LOGDEBUG)\x09rwnx_rx_handle_msg msg->id:0x1001 \x0d
[56851.784336] AICWFDBG(LOGTRACE)\x09>>> rwnx_rx_scanu_start_cfm()
[56852.751723] read descriptors
[56852.751840] read strings
[56852.753853] init: processing action (sys.usb.config=adb && sys.usb.configfs=1 && sys.usb.ffs.ready=1) from (/system/etc/init/hw/init.usb.configfs.rc:21)
[56853.795095] read descriptors
[56853.795206] read strings
[56854.835242] read descriptors
[56854.835351] read strings
[56854.837370] init: processing action (sys.usb.config=adb && sys.usb.configfs=1 && sys.usb.ffs.ready=1) from (/system/etc/init/hw/init.usb.configfs.rc:21)
[56854.841659] init: Command 'symlink /config/usb_gadget/g1/functions/ffs.adb /config/usb_gadget/g1/configs/b.1/f1' action=sys.usb.config=adb && sys.usb.configfs=1 && sys.usb.ffs.ready=1 (/system/etc/init/hw/init.usb.configfs.rc:23) took 1ms and failed: symlink() failed: File exists
[56854.842349] init: Command 'write /config/usb_gadget/g1/UDC ${sys.usb.controller}' action=sys.usb.config=adb && sys.usb.configfs=1 && sys.usb.ffs.ready=1 (/system/etc/init/hw/init.usb.configfs.rc:24) took 0ms and failed: property 'sys.usb.controller' doesn't exist while expanding '${sys.usb.controller}'
[56855.874715] read descriptors
[56855.874778] read strings
[56855.875983] init: processing action (sys.usb.config=adb && sys.usb.configfs=1 && sys.usb.ffs.ready=1) from (/system/etc/init/hw/init.usb.configfs.rc:21)
[56855.878127] init: Command 'symlink /config/usb_gadget/g1/functions/ffs.adb /config/usb_gadget/g1/configs/b.1/f1' action=sys.usb.config=adb && sys.usb.configfs=1 && sys.usb.ffs.ready=1 (/system/etc/init/hw/init.usb.configfs.rc:23) took 0ms and failed: symlink() failed: File exists
[56855.878501] init: Command 'write /config/usb_gadget/g1/UDC ${sys.usb.controller}' action=sys.usb.config=adb && sys.usb.configfs=1 && sys.usb.ffs.ready=1 (/system/etc/init/hw/init.usb.configfs.rc:24) took 0ms and failed: property 'sys.usb.controller' doesn't exist while expanding '${sys.usb.controller}'
[56856.921942] read descriptors
[56856.922055] read strings
[56856.924136] init: processing action (sys.usb.config=adb && sys.usb.configfs=1 && sys.usb.ffs.ready=1) from (/system/etc/init/hw/init.usb.configfs.rc:21)
[56856.928032] init: Command 'symlink /config/usb_gadget/g1/functions/ffs.adb /config/usb_gadget/g1/configs/b.1/f1' action=sys.usb.config=adb && sys.usb.configfs=1 && sys.usb.ffs.ready=1 (/system/etc/init/hw/init.usb.configfs.rc:23) took 1ms and failed: symlink() failed: File exists
[56856.928657] init: Command 'write /config/usb_gadget/g1/UDC ${sys.usb.controller}' action=sys.usb.config=adb && sys.usb.configfs=1 && sys.usb.ffs.ready=1 (/system/etc/init/hw/init.usb.configfs.rc:24) took 0ms and failed: property 'sys.usb.controller' doesn't exist while expanding '${sys.usb.controller}'
[56857.958555] read descriptors
[56857.958669] read strings
[56857.960569] init: processing action (sys.usb.config=adb && sys.usb.configfs=1 && sys.usb.ffs.ready=1) from (/system/etc/init/hw/init.usb.configfs.rc:21)
[56858.998522] read descriptors
[56858.998637] read strings
[56860.045098] read descriptors
[56860.045211] read strings
[56860.047193] init: processing action (sys.usb.config=adb && sys.usb.configfs=1 && sys.usb.ffs.ready=1) from (/system/etc/init/hw/init.usb.configfs.rc:21)
[56860.050853] init: Command 'symlink /config/usb_gadget/g1/functions/ffs.adb /config/usb_gadget/g1/configs/b.1/f1' action=sys.usb.config=adb && sys.usb.configfs=1 && sys.usb.ffs.ready=1 (/system/etc/init/hw/init.usb.configfs.rc:23) took 1ms and failed: symlink() failed: File exists
[56860.051617] init: Command 'write /config/usb_gadget/g1/UDC ${sys.usb.controller}' action=sys.usb.config=adb && sys.usb.configfs=1 && sys.usb.ffs.ready=1 (/system/etc/init/hw/init.usb.configfs.rc:24) took 0ms and failed: property 'sys.usb.controller' doesn't exist while expanding '${sys.usb.controller}'
[56860.692908] AICWFDBG(LOGTRACE)\x09>>> rwnx_cfg80211_scan()
[56860.693006] AICWFDBG(LOGTRACE)\x09>>> rwnx_send_scanu_req()
[56860.693038] AICWFDBG(LOGDEBUG)\x09scan channel:1(2412) \x0d
[56860.693072] AICWFDBG(LOGDEBUG)\x09scan channel:2(2417) \x0d
[56860.693095] AICWFDBG(LOGDEBUG)\x09scan channel:3(2422) \x0d
[56860.693129] AICWFDBG(LOGDEBUG)\x09scan channel:4(2427) \x0d
[56860.693153] AICWFDBG(LOGDEBUG)\x09scan channel:5(2432) \x0d
[56860.693177] AICWFDBG(LOGDEBUG)\x09scan channel:6(2437) \x0d
[56860.693203] AICWFDBG(LOGDEBUG)\x09scan channel:7(2442) \x0d
[56860.693226] AICWFDBG(LOGDEBUG)\x09scan channel:8(2447) \x0d
[56860.693254] AICWFDBG(LOGDEBUG)\x09scan channel:9(2452) \x0d
[56860.693276] AICWFDBG(LOGDEBUG)\x09scan channel:10(2457) \x0d
[56860.693298] AICWFDBG(LOGDEBUG)\x09scan channel:11(2462) \x0d
[56860.693331] AICWFDBG(LOGDEBUG)\x09scan channel:12(2467) \x0d
[56860.693354] AICWFDBG(LOGDEBUG)\x09scan channel:13(2472) \x0d
[56860.693385] AICWFDBG(LOGDEBUG)\x09scan channel:36(5180) \x0d
[56860.693407] AICWFDBG(LOGDEBUG)\x09scan channel:40(5200) \x0d
[56860.693430] AICWFDBG(LOGDEBUG)\x09scan channel:44(5220) \x0d
[56860.693461] AICWFDBG(LOGDEBUG)\x09scan channel:48(5240) \x0d
[56860.693483] AICWFDBG(LOGDEBUG)\x09scan channel:52(5260) \x0d
[56860.693552] AICWFDBG(LOGDEBUG)\x09scan channel:56(5280) \x0d
[56860.693577] AICWFDBG(LOGDEBUG)\x09scan channel:60(5300) \x0d
[56860.693600] AICWFDBG(LOGDEBUG)\x09scan channel:64(5320) \x0d
[56860.693622] AICWFDBG(LOGDEBUG)\x09scan channel:149(5745) \x0d
[56860.693652] AICWFDBG(LOGDEBUG)\x09scan channel:153(5765) \x0d
[56860.693674] AICWFDBG(LOGDEBUG)\x09scan channel:157(5785) \x0d
[56860.693705] AICWFDBG(LOGDEBUG)\x09scan channel:161(5805) \x0d
[56860.693729] AICWFDBG(LOGDEBUG)\x09scan channel:165(5825) \x0d
[56860.693767] AICWFDBG(LOGTRACE)\x09rwnx_send_msg (4105)SCANU_START_CFM_ADDTIONAL reqcfm:1 in_irq:0 in_softirq:0 in_atomic:0\x0d
[56860.693801] AICWFDBG(LOGTRACE)\x09rwnx_cmd_malloc get cmd_array[0]:00000000f100465a \x0d
[56860.694757] AICWFDBG(LOGDEBUG)\x09rwnx_rx_handle_msg msg->id:0x1009 \x0d
[56860.694876] AICWFDBG(LOGTRACE)\x09rwnx_cmd_free cmd_array[0]:00000000f100465a \x0d
[56860.703650] AICWFDBG(LOGDEBUG)\x09rwnx_rx_handle_msg msg->id:0x1004 \x0d
[56860.737525] AICWFDBG(LOGDEBUG)\x09rwnx_rx_handle_msg msg->id:0x1004 \x0d
[56860.749812] AICWFDBG(LOGDEBUG)\x09rwnx_rx_handle_msg msg->id:0x4f \x0d
[56860.756689] AICWFDBG(LOGDEBUG)\x09rwnx_rx_handle_msg msg->id:0x1004 \x0d
[56860.769281] AICWFDBG(LOGDEBUG)\x09rwnx_rx_handle_msg msg->id:0x1004 \x0d
[56860.784853] AICWFDBG(LOGDEBUG)\x09rwnx_rx_handle_msg msg->id:0x4f \x0d
[56860.792026] AICWFDBG(LOGDEBUG)\x09rwnx_rx_handle_msg msg->id:0x1004 \x0d
[56860.819875] AICWFDBG(LOGDEBUG)\x09rwnx_rx_handle_msg msg->id:0x4f \x0d
[56860.825322] AICWFDBG(LOGDEBUG)\x09rwnx_rx_handle_msg msg->id:0x1004 \x0d
[56860.854878] AICWFDBG(LOGDEBUG)\x09rwnx_rx_handle_msg msg->id:0x4f \x0d
[56860.889896] AICWFDBG(LOGDEBUG)\x09rwnx_rx_handle_msg msg->id:0x4f \x0d
[56860.944937] AICWFDBG(LOGDEBUG)\x09rwnx_rx_handle_msg msg->id:0x4f \x0d
[56860.979938] AICWFDBG(LOGDEBUG)\x09rwnx_rx_handle_msg msg->id:0x4f \x0d
[56860.986268] AICWFDBG(LOGDEBUG)\x09rwnx_rx_handle_msg msg->id:0x1004 \x0d
[56861.014961] AICWFDBG(LOGDEBUG)\x09rwnx_rx_handle_msg msg->id:0x4f \x0d
[56861.020076] AICWFDBG(LOGDEBUG)\x09rwnx_rx_handle_msg msg->id:0x1004 \x0d
[56861.020510] AICWFDBG(LOGDEBUG)\x09rwnx_rx_handle_msg msg->id:0x1004 \x0d
[56861.025176] AICWFDBG(LOGDEBUG)\x09rwnx_rx_handle_msg msg->id:0x1004 \x0d
[56861.050058] AICWFDBG(LOGDEBUG)\x09rwnx_rx_handle_msg msg->id:0x4f \x0d
[56861.085018] AICWFDBG(LOGDEBUG)\x09rwnx_rx_handle_msg msg->id:0x4f \x0d
[56861.088518] read descriptors
[56861.088610] read strings
[56861.090522] init: processing action (sys.usb.config=adb && sys.usb.configfs=1 && sys.usb.ffs.ready=1) from (/system/etc/init/hw/init.usb.configfs.rc:21)
[56861.093107] init: Command 'symlink /config/usb_gadget/g1/functions/ffs.adb /config/usb_gadget/g1/configs/b.1/f1' action=sys.usb.config=adb && sys.usb.configfs=1 && sys.usb.ffs.ready=1 (/system/etc/init/hw/init.usb.configfs.rc:23) took 0ms and failed: symlink() failed: File exists
[56861.093477] init: Command 'write /config/usb_gadget/g1/UDC ${sys.usb.controller}' action=sys.usb.config=adb && sys.usb.configfs=1 && sys.usb.ffs.ready=1 (/system/etc/init/hw/init.usb.configfs.rc:24) took 0ms and failed: property 'sys.usb.controller' doesn't exist while expanding '${sys.usb.controller}'
[56861.139936] AICWFDBG(LOGDEBUG)\x09rwnx_rx_handle_msg msg->id:0x4f \x0d
[56861.174922] AICWFDBG(LOGDEBUG)\x09rwnx_rx_handle_msg msg->id:0x4f \x0d
[56861.229933] AICWFDBG(LOGDEBUG)\x09rwnx_rx_handle_msg msg->id:0x4f \x0d
[56861.231974] AICWFDBG(LOGDEBUG)\x09rwnx_rx_handle_msg msg->id:0x1004 \x0d
[56861.255725] AICWFDBG(LOGDEBUG)\x09rwnx_rx_handle_msg msg->id:0x1004 \x0d
[56861.285100] AICWFDBG(LOGDEBUG)\x09rwnx_rx_handle_msg msg->id:0x4f \x0d
[56861.320170] AICWFDBG(LOGDEBUG)\x09rwnx_rx_handle_msg msg->id:0x4f \x0d
[56861.375143] AICWFDBG(LOGDEBUG)\x09rwnx_rx_handle_msg msg->id:0x4f \x0d
[56861.377271] AICWFDBG(LOGDEBUG)\x09rwnx_rx_handle_msg msg->id:0x1004 \x0d
[56861.410152] AICWFDBG(LOGDEBUG)\x09rwnx_rx_handle_msg msg->id:0x4f \x0d
[56861.445200] AICWFDBG(LOGDEBUG)\x09rwnx_rx_handle_msg msg->id:0x4f \x0d
[56861.480230] AICWFDBG(LOGDEBUG)\x09rwnx_rx_handle_msg msg->id:0x4f \x0d
[56861.515242] AICWFDBG(LOGDEBUG)\x09rwnx_rx_handle_msg msg->id:0x4f \x0d
[56861.550246] AICWFDBG(LOGDEBUG)\x09rwnx_rx_handle_msg msg->id:0x4f \x0d
[56861.553138] AICWFDBG(LOGDEBUG)\x09rwnx_rx_handle_msg msg->id:0x1004 \x0d
[56861.585257] AICWFDBG(LOGDEBUG)\x09rwnx_rx_handle_msg msg->id:0x4f \x0d
[56861.640293] AICWFDBG(LOGDEBUG)\x09rwnx_rx_handle_msg msg->id:0x4f \x0d
[56861.695330] AICWFDBG(LOGDEBUG)\x09rwnx_rx_handle_msg msg->id:0x4f \x0d
[56861.750367] AICWFDBG(LOGDEBUG)\x09rwnx_rx_handle_msg msg->id:0x4f \x0d
[56861.785234] AICWFDBG(LOGDEBUG)\x09rwnx_rx_handle_msg msg->id:0x4f \x0d
[56861.785278] AICWFDBG(LOGDEBUG)\x09rwnx_rx_handle_msg msg->id:0x1001 \x0d
[56861.785302] AICWFDBG(LOGTRACE)\x09>>> rwnx_rx_scanu_start_cfm()
[56862.135192] read descriptors
[56862.135294] read strings
[56862.137191] init: processing action (sys.usb.config=adb && sys.usb.configfs=1 && sys.usb.ffs.ready=1) from (/system/etc/init/hw/init.usb.configfs.rc:21)
[56862.141230] init: Command 'symlink /config/usb_gadget/g1/functions/ffs.adb /config/usb_gadget/g1/configs/b.1/f1' action=sys.usb.config=adb && sys.usb.configfs=1 && sys.usb.ffs.ready=1 (/system/etc/init/hw/init.usb.configfs.rc:23) took 1ms and failed: symlink() failed: File exists
[56862.141929] init: Command 'write /config/usb_gadget/g1/UDC ${sys.usb.controller}' action=sys.usb.config=adb && sys.usb.configfs=1 && sys.usb.ffs.ready=1 (/system/etc/init/hw/init.usb.configfs.rc:24) took 0ms and failed: property 'sys.usb.controller' doesn't exist while expanding '${sys.usb.controller}'
[56863.201832] read descriptors
[56863.201949] read strings
[56863.204011] init: processing action (sys.usb.config=adb && sys.usb.configfs=1 && sys.usb.ffs.ready=1) from (/system/etc/init/hw/init.usb.configfs.rc:21)
[56864.241765] read descriptors
[56864.241878] read strings
[56865.308524] read descriptors
[56865.308620] read strings
[56865.310324] init: processing action (sys.usb.config=adb && sys.usb.configfs=1 && sys.usb.ffs.ready=1) from (/system/etc/init/hw/init.usb.configfs.rc:21)
[56865.314449] init: Command 'symlink /config/usb_gadget/g1/functions/ffs.adb /config/usb_gadget/g1/configs/b.1/f1' action=sys.usb.config=adb && sys.usb.configfs=1 && sys.usb.ffs.ready=1 (/system/etc/init/hw/init.usb.configfs.rc:23) took 1ms and failed: symlink() failed: File exists
[56865.315122] init: Command 'write /config/usb_gadget/g1/UDC ${sys.usb.controller}' action=sys.usb.config=adb && sys.usb.configfs=1 && sys.usb.ffs.ready=1 (/system/etc/init/hw/init.usb.configfs.rc:24) took 0ms and failed: property 'sys.usb.controller' doesn't exist while expanding '${sys.usb.controller}'
[56866.351775] read descriptors
[56866.351891] read strings
[56866.353941] init: processing action (sys.usb.config=adb && sys.usb.configfs=1 && sys.usb.ffs.ready=1) from (/system/etc/init/hw/init.usb.configfs.rc:21)
[56866.358013] init: Command 'symlink /config/usb_gadget/g1/functions/ffs.adb /config/usb_gadget/g1/configs/b.1/f1' action=sys.usb.config=adb && sys.usb.configfs=1 && sys.usb.ffs.ready=1 (/system/etc/init/hw/init.usb.configfs.rc:23) took 1ms and failed: symlink() failed: File exists
[56866.358702] init: Command 'write /config/usb_gadget/g1/UDC ${sys.usb.controller}' action=sys.usb.config=adb && sys.usb.configfs=1 && sys.usb.ffs.ready=1 (/system/etc/init/hw/init.usb.configfs.rc:24) took 0ms and failed: property 'sys.usb.controller' doesn't exist while expanding '${sys.usb.controller}'
[56867.398518] read descriptors
[56867.398640] read strings
[56867.400537] init: processing action (sys.usb.config=adb && sys.usb.configfs=1 && sys.usb.ffs.ready=1) from (/system/etc/init/hw/init.usb.configfs.rc:21)
[56867.404560] init: Command 'symlink /config/usb_gadget/g1/functions/ffs.adb /config/usb_gadget/g1/configs/b.1/f1' action=sys.usb.config=adb && sys.usb.configfs=1 && sys.usb.ffs.ready=1 (/system/etc/init/hw/init.usb.configfs.rc:23) took 1ms and failed: symlink() failed: File exists
[56867.405266] init: Command 'write /config/usb_gadget/g1/UDC ${sys.usb.controller}' action=sys.usb.config=adb && sys.usb.configfs=1 && sys.usb.ffs.ready=1 (/system/etc/init/hw/init.usb.configfs.rc:24) took 0ms and failed: property 'sys.usb.controller' doesn't exist while expanding '${sys.usb.controller}'
[56868.455160] read descriptors
[56868.455329] read strings
[56868.457389] init: processing action (sys.usb.config=adb && sys.usb.configfs=1 && sys.usb.ffs.ready=1) from (/system/etc/init/hw/init.usb.configfs.rc:21)
[56869.501463] read descriptors
[56869.501528] read strings
[56870.558513] read descriptors
[56870.558628] read strings
[56870.560692] init: processing action (sys.usb.config=adb && sys.usb.configfs=1 && sys.usb.ffs.ready=1) from (/system/etc/init/hw/init.usb.configfs.rc:21)
[56870.564778] init: Command 'symlink /config/usb_gadget/g1/functions/ffs.adb /config/usb_gadget/g1/configs/b.1/f1' action=sys.usb.config=adb && sys.usb.configfs=1 && sys.usb.ffs.ready=1 (/system/etc/init/hw/init.usb.configfs.rc:23) took 1ms and failed: symlink() failed: File exists
[56870.565458] init: Command 'write /config/usb_gadget/g1/UDC ${sys.usb.controller}' action=sys.usb.config=adb && sys.usb.configfs=1 && sys.usb.ffs.ready=1 (/system/etc/init/hw/init.usb.configfs.rc:24) took 0ms and failed: property 'sys.usb.controller' doesn't exist while expanding '${sys.usb.controller}'
[56870.694093] AICWFDBG(LOGTRACE)\x09>>> rwnx_cfg80211_scan()
[56870.694140] AICWFDBG(LOGTRACE)\x09>>> rwnx_send_scanu_req()
[56870.694164] AICWFDBG(LOGDEBUG)\x09scan channel:1(2412) \x0d
[56870.694174] AICWFDBG(LOGDEBUG)\x09scan channel:2(2417) \x0d
[56870.694239] AICWFDBG(LOGDEBUG)\x09scan channel:3(2422) \x0d
[56870.694249] AICWFDBG(LOGDEBUG)\x09scan channel:4(2427) \x0d
[56870.694258] AICWFDBG(LOGDEBUG)\x09scan channel:5(2432) \x0d
[56870.694267] AICWFDBG(LOGDEBUG)\x09scan channel:6(2437) \x0d
[56870.694282] AICWFDBG(LOGDEBUG)\x09scan channel:7(2442) \x0d
[56870.694303] AICWFDBG(LOGDEBUG)\x09scan channel:8(2447) \x0d
[56870.694320] AICWFDBG(LOGDEBUG)\x09scan channel:9(2452) \x0d
[56870.694345] AICWFDBG(LOGDEBUG)\x09scan channel:10(2457) \x0d
[56870.694361] AICWFDBG(LOGDEBUG)\x09scan channel:11(2462) \x0d
[56870.694372] AICWFDBG(LOGDEBUG)\x09scan channel:12(2467) \x0d
[56870.694381] AICWFDBG(LOGDEBUG)\x09scan channel:13(2472) \x0d
[56870.694391] AICWFDBG(LOGDEBUG)\x09scan channel:36(5180) \x0d
[56870.694409] AICWFDBG(LOGDEBUG)\x09scan channel:40(5200) \x0d
[56870.694418] AICWFDBG(LOGDEBUG)\x09scan channel:44(5220) \x0d
[56870.694427] AICWFDBG(LOGDEBUG)\x09scan channel:48(5240) \x0d
[56870.694436] AICWFDBG(LOGDEBUG)\x09scan channel:52(5260) \x0d
[56870.694444] AICWFDBG(LOGDEBUG)\x09scan channel:56(5280) \x0d
[56870.694454] AICWFDBG(LOGDEBUG)\x09scan channel:60(5300) \x0d
[56870.694473] AICWFDBG(LOGDEBUG)\x09scan channel:64(5320) \x0d
[56870.694482] AICWFDBG(LOGDEBUG)\x09scan channel:149(5745) \x0d
[56870.694490] AICWFDBG(LOGDEBUG)\x09scan channel:153(5765) \x0d
[56870.694499] AICWFDBG(LOGDEBUG)\x09scan channel:157(5785) \x0d
[56870.694507] AICWFDBG(LOGDEBUG)\x09scan channel:161(5805) \x0d
[56870.694516] AICWFDBG(LOGDEBUG)\x09scan channel:165(5825) \x0d
[56870.694537] AICWFDBG(LOGTRACE)\x09rwnx_send_msg (4105)SCANU_START_CFM_ADDTIONAL reqcfm:1 in_irq:0 in_softirq:0 in_atomic:0\x0d
[56870.694554] AICWFDBG(LOGTRACE)\x09rwnx_cmd_malloc get cmd_array[0]:00000000f100465a \x0d
[56870.695182] AICWFDBG(LOGDEBUG)\x09rwnx_rx_handle_msg msg->id:0x1009 \x0d
[56870.695334] AICWFDBG(LOGTRACE)\x09rwnx_cmd_free cmd_array[0]:00000000f100465a \x0d
[56870.703949] AICWFDBG(LOGDEBUG)\x09rwnx_rx_handle_msg msg->id:0x1004 \x0d
[56870.742420] AICWFDBG(LOGDEBUG)\x09rwnx_rx_handle_msg msg->id:0x1004 \x0d
[56870.750361] AICWFDBG(LOGDEBUG)\x09rwnx_rx_handle_msg msg->id:0x4f \x0d
[56870.757582] AICWFDBG(LOGDEBUG)\x09rwnx_rx_handle_msg msg->id:0x1004 \x0d
[56870.764690] AICWFDBG(LOGDEBUG)\x09rwnx_rx_handle_msg msg->id:0x1004 \x0d
[56870.785371] AICWFDBG(LOGDEBUG)\x09rwnx_rx_handle_msg msg->id:0x4f \x0d
[56870.790284] AICWFDBG(LOGDEBUG)\x09rwnx_rx_handle_msg msg->id:0x1004 \x0d
[56870.820391] AICWFDBG(LOGDEBUG)\x09rwnx_rx_handle_msg msg->id:0x4f \x0d
[56870.855408] AICWFDBG(LOGDEBUG)\x09rwnx_rx_handle_msg msg->id:0x4f \x0d
[56870.890450] AICWFDBG(LOGDEBUG)\x09rwnx_rx_handle_msg msg->id:0x4f \x0d
[56870.945492] AICWFDBG(LOGDEBUG)\x09rwnx_rx_handle_msg msg->id:0x4f \x0d
[56870.980462] AICWFDBG(LOGDEBUG)\x09rwnx_rx_handle_msg msg->id:0x4f \x0d
[56871.015502] AICWFDBG(LOGDEBUG)\x09rwnx_rx_handle_msg msg->id:0x4f \x0d
[56871.020324] AICWFDBG(LOGDEBUG)\x09rwnx_rx_handle_msg msg->id:0x1004 \x0d
[56871.021152] AICWFDBG(LOGDEBUG)\x09rwnx_rx_handle_msg msg->id:0x1004 \x0d
[56871.021753] AICWFDBG(LOGDEBUG)\x09rwnx_rx_handle_msg msg->id:0x1004 \x0d
[56871.046052] AICWFDBG(LOGDEBUG)\x09rwnx_rx_handle_msg msg->id:0x1004 \x0d
[56871.050514] AICWFDBG(LOGDEBUG)\x09rwnx_rx_handle_msg msg->id:0x4f \x0d
[56871.085522] AICWFDBG(LOGDEBUG)\x09rwnx_rx_handle_msg msg->id:0x4f \x0d
[56871.140598] AICWFDBG(LOGDEBUG)\x09rwnx_rx_handle_msg msg->id:0x4f \x0d
[56871.175593] AICWFDBG(LOGDEBUG)\x09rwnx_rx_handle_msg msg->id:0x4f \x0d
[56871.230612] AICWFDBG(LOGDEBUG)\x09rwnx_rx_handle_msg msg->id:0x4f \x0d
[56871.232617] AICWFDBG(LOGDEBUG)\x09rwnx_rx_handle_msg msg->id:0x1004 \x0d
[56871.285594] AICWFDBG(LOGDEBUG)\x09rwnx_rx_handle_msg msg->id:0x4f \x0d
[56871.320548] AICWFDBG(LOGDEBUG)\x09rwnx_rx_handle_msg msg->id:0x4f \x0d
[56871.375715] AICWFDBG(LOGDEBUG)\x09rwnx_rx_handle_msg msg->id:0x4f \x0d
[56871.410715] AICWFDBG(LOGDEBUG)\x09rwnx_rx_handle_msg msg->id:0x4f \x0d
[56871.445725] AICWFDBG(LOGDEBUG)\x09rwnx_rx_handle_msg msg->id:0x4f \x0d
[56871.480741] AICWFDBG(LOGDEBUG)\x09rwnx_rx_handle_msg msg->id:0x4f \x0d
[56871.515751] AICWFDBG(LOGDEBUG)\x09rwnx_rx_handle_msg msg->id:0x4f \x0d
[56871.550796] AICWFDBG(LOGDEBUG)\x09rwnx_rx_handle_msg msg->id:0x4f \x0d
[56871.558952] AICWFDBG(LOGDEBUG)\x09rwnx_rx_handle_msg msg->id:0x1004 \x0d
[56871.585821] AICWFDBG(LOGDEBUG)\x09rwnx_rx_handle_msg msg->id:0x4f \x0d
[56871.640850] AICWFDBG(LOGDEBUG)\x09rwnx_rx_handle_msg msg->id:0x4f \x0d
[56871.641981] read descriptors
[56871.642098] read strings
[56871.644117] init: processing action (sys.usb.config=adb && sys.usb.configfs=1 && sys.usb.ffs.ready=1) from (/system/etc/init/hw/init.usb.configfs.rc:21)
[56871.648102] init: Command 'symlink /config/usb_gadget/g1/functions/ffs.adb /config/usb_gadget/g1/configs/b.1/f1' action=sys.usb.config=adb && sys.usb.configfs=1 && sys.usb.ffs.ready=1 (/system/etc/init/hw/init.usb.configfs.rc:23) took 1ms and failed: symlink() failed: File exists
[56871.648798] init: Command 'write /config/usb_gadget/g1/UDC ${sys.usb.controller}' action=sys.usb.config=adb && sys.usb.configfs=1 && sys.usb.ffs.ready=1 (/system/etc/init/hw/init.usb.configfs.rc:24) took 0ms and failed: property 'sys.usb.controller' doesn't exist while expanding '${sys.usb.controller}'
[56871.695863] AICWFDBG(LOGDEBUG)\x09rwnx_rx_handle_msg msg->id:0x4f \x0d
[56871.750944] AICWFDBG(LOGDEBUG)\x09rwnx_rx_handle_msg msg->id:0x4f \x0d
[56871.785949] AICWFDBG(LOGDEBUG)\x09rwnx_rx_handle_msg msg->id:0x4f \x0d
[56871.786042] AICWFDBG(LOGDEBUG)\x09rwnx_rx_handle_msg msg->id:0x1001 \x0d
[56871.786072] AICWFDBG(LOGTRACE)\x09>>> rwnx_rx_scanu_start_cfm()
[56872.681780] read descriptors
[56872.681894] read strings
[56872.683979] init: processing action (sys.usb.config=adb && sys.usb.configfs=1 && sys.usb.ffs.ready=1) from (/system/etc/init/hw/init.usb.configfs.rc:21)
[56872.688422] init: Command 'symlink /config/usb_gadget/g1/functions/ffs.adb /config/usb_gadget/g1/configs/b.1/f1' action=sys.usb.config=adb && sys.usb.configfs=1 && sys.usb.ffs.ready=1 (/system/etc/init/hw/init.usb.configfs.rc:23) took 1ms and failed: symlink() failed: File exists
[56872.689005] init: Command 'write /config/usb_gadget/g1/UDC ${sys.usb.controller}' action=sys.usb.config=adb && sys.usb.configfs=1 && sys.usb.ffs.ready=1 (/system/etc/init/hw/init.usb.configfs.rc:24) took 0ms and failed: property 'sys.usb.controller' doesn't exist while expanding '${sys.usb.controller}'
[56873.721612] read descriptors
[56873.721704] read strings
[56873.723385] init: processing action (sys.usb.config=adb && sys.usb.configfs=1 && sys.usb.ffs.ready=1) from (/system/etc/init/hw/init.usb.configfs.rc:21)
[56874.775094] read descriptors
[56874.775219] read strings
[56875.818398] read descriptors
[56875.818508] read strings
[56875.820499] init: processing action (sys.usb.config=adb && sys.usb.configfs=1 && sys.usb.ffs.ready=1) from (/system/etc/init/hw/init.usb.configfs.rc:21)
[56875.824541] init: Command 'symlink /config/usb_gadget/g1/functions/ffs.adb /config/usb_gadget/g1/configs/b.1/f1' action=sys.usb.config=adb && sys.usb.configfs=1 && sys.usb.ffs.ready=1 (/system/etc/init/hw/init.usb.configfs.rc:23) took 1ms and failed: symlink() failed: File exists
[56875.825235] init: Command 'write /config/usb_gadget/g1/UDC ${sys.usb.controller}' action=sys.usb.config=adb && sys.usb.configfs=1 && sys.usb.ffs.ready=1 (/system/etc/init/hw/init.usb.configfs.rc:24) took 0ms and failed: property 'sys.usb.controller' doesn't exist while expanding '${sys.usb.controller}'
[56876.868439] read descriptors
[56876.868539] read strings
[56876.870247] init: processing action (sys.usb.config=adb && sys.usb.configfs=1 && sys.usb.ffs.ready=1) from (/system/etc/init/hw/init.usb.configfs.rc:21)
[56876.874526] init: Command 'symlink /config/usb_gadget/g1/functions/ffs.adb /config/usb_gadget/g1/configs/b.1/f1' action=sys.usb.config=adb && sys.usb.configfs=1 && sys.usb.ffs.ready=1 (/system/etc/init/hw/init.usb.configfs.rc:23) took 1ms and failed: symlink() failed: File exists
[56876.875213] init: Command 'write /config/usb_gadget/g1/UDC ${sys.usb.controller}' action=sys.usb.config=adb && sys.usb.configfs=1 && sys.usb.ffs.ready=1 (/system/etc/init/hw/init.usb.configfs.rc:24) took 0ms and failed: property 'sys.usb.controller' doesn't exist while expanding '${sys.usb.controller}'
[56877.925172] read descriptors
[56877.925295] read strings
[56877.927415] init: processing action (sys.usb.config=adb && sys.usb.configfs=1 && sys.usb.ffs.ready=1) from (/system/etc/init/hw/init.usb.configfs.rc:21)
[56877.931229] init: Command 'symlink /config/usb_gadget/g1/functions/ffs.adb /config/usb_gadget/g1/configs/b.1/f1' action=sys.usb.config=adb && sys.usb.configfs=1 && sys.usb.ffs.ready=1 (/system/etc/init/hw/init.usb.configfs.rc:23) took 1ms and failed: symlink() failed: File exists
[56877.931891] init: Command 'write /config/usb_gadget/g1/UDC ${sys.usb.controller}' action=sys.usb.config=adb && sys.usb.configfs=1 && sys.usb.ffs.ready=1 (/system/etc/init/hw/init.usb.configfs.rc:24) took 0ms and failed: property 'sys.usb.controller' doesn't exist while expanding '${sys.usb.controller}'
[56879.005166] read descriptors
[56879.005286] read strings
[56879.007093] init: processing action (sys.usb.config=adb && sys.usb.configfs=1 && sys.usb.ffs.ready=1) from (/system/etc/init/hw/init.usb.configfs.rc:21)
[56880.061768] read descriptors
[56880.061880] read strings
[56880.697753] AICWFDBG(LOGTRACE)\x09>>> rwnx_cfg80211_scan()
[56880.697826] AICWFDBG(LOGTRACE)\x09>>> rwnx_send_scanu_req()
[56880.697849] AICWFDBG(LOGDEBUG)\x09scan channel:1(2412) \x0d
[56880.697873] AICWFDBG(LOGDEBUG)\x09scan channel:2(2417) \x0d
[56880.697889] AICWFDBG(LOGDEBUG)\x09scan channel:3(2422) \x0d
[56880.697905] AICWFDBG(LOGDEBUG)\x09scan channel:4(2427) \x0d
[56880.697926] AICWFDBG(LOGDEBUG)\x09scan channel:5(2432) \x0d
[56880.697944] AICWFDBG(LOGDEBUG)\x09scan channel:6(2437) \x0d
[56880.697960] AICWFDBG(LOGDEBUG)\x09scan channel:7(2442) \x0d
[56880.697975] AICWFDBG(LOGDEBUG)\x09scan channel:8(2447) \x0d
[56880.698000] AICWFDBG(LOGDEBUG)\x09scan channel:9(2452) \x0d
[56880.698015] AICWFDBG(LOGDEBUG)\x09scan channel:10(2457) \x0d
[56880.698030] AICWFDBG(LOGDEBUG)\x09scan channel:11(2462) \x0d
[56880.698045] AICWFDBG(LOGDEBUG)\x09scan channel:12(2467) \x0d
[56880.698064] AICWFDBG(LOGDEBUG)\x09scan channel:13(2472) \x0d
[56880.698079] AICWFDBG(LOGDEBUG)\x09scan channel:36(5180) \x0d
[56880.698094] AICWFDBG(LOGDEBUG)\x09scan channel:40(5200) \x0d
[56880.698109] AICWFDBG(LOGDEBUG)\x09scan channel:44(5220) \x0d
[56880.698128] AICWFDBG(LOGDEBUG)\x09scan channel:48(5240) \x0d
[56880.698142] AICWFDBG(LOGDEBUG)\x09scan channel:52(5260) \x0d
[56880.698157] AICWFDBG(LOGDEBUG)\x09scan channel:56(5280) \x0d
[56880.698171] AICWFDBG(LOGDEBUG)\x09scan channel:60(5300) \x0d
[56880.698189] AICWFDBG(LOGDEBUG)\x09scan channel:64(5320) \x0d
[56880.698204] AICWFDBG(LOGDEBUG)\x09scan channel:149(5745) \x0d
[56880.698220] AICWFDBG(LOGDEBUG)\x09scan channel:153(5765) \x0d
[56880.698235] AICWFDBG(LOGDEBUG)\x09scan channel:157(5785) \x0d
[56880.698257] AICWFDBG(LOGDEBUG)\x09scan channel:161(5805) \x0d
[56880.698272] AICWFDBG(LOGDEBUG)\x09scan channel:165(5825) \x0d
[56880.698292] AICWFDBG(LOGTRACE)\x09rwnx_send_msg (4105)SCANU_START_CFM_ADDTIONAL reqcfm:1 in_irq:0 in_softirq:0 in_atomic:0\x0d
[56880.698326] AICWFDBG(LOGTRACE)\x09rwnx_cmd_malloc get cmd_array[0]:00000000f100465a \x0d
[56880.699056] AICWFDBG(LOGDEBUG)\x09rwnx_rx_handle_msg msg->id:0x1009 \x0d
[56880.699232] AICWFDBG(LOGTRACE)\x09rwnx_cmd_free cmd_array[0]:00000000f100465a \x0d
[56880.722838] AICWFDBG(LOGDEBUG)\x09rwnx_rx_handle_msg msg->id:0x1004 \x0d
[56880.754291] AICWFDBG(LOGDEBUG)\x09rwnx_rx_handle_msg msg->id:0x4f \x0d
[56880.761323] AICWFDBG(LOGDEBUG)\x09rwnx_rx_handle_msg msg->id:0x1004 \x0d
[56880.789195] AICWFDBG(LOGDEBUG)\x09rwnx_rx_handle_msg msg->id:0x4f \x0d
[56880.799716] AICWFDBG(LOGDEBUG)\x09rwnx_rx_handle_msg msg->id:0x1004 \x0d
[56880.805782] AICWFDBG(LOGDEBUG)\x09rwnx_rx_handle_msg msg->id:0x1004 \x0d
[56880.825160] AICWFDBG(LOGDEBUG)\x09rwnx_rx_handle_msg msg->id:0x4f \x0d
[56880.825396] AICWFDBG(LOGDEBUG)\x09rwnx_rx_handle_msg msg->id:0x1004 \x0d
[56880.860236] AICWFDBG(LOGDEBUG)\x09rwnx_rx_handle_msg msg->id:0x4f \x0d
[56880.895271] AICWFDBG(LOGDEBUG)\x09rwnx_rx_handle_msg msg->id:0x4f \x0d
[56880.950288] AICWFDBG(LOGDEBUG)\x09rwnx_rx_handle_msg msg->id:0x4f \x0d
[56880.985316] AICWFDBG(LOGDEBUG)\x09rwnx_rx_handle_msg msg->id:0x4f \x0d
[56880.998478] AICWFDBG(LOGDEBUG)\x09rwnx_rx_handle_msg msg->id:0x1004 \x0d
[56881.002220] AICWFDBG(LOGDEBUG)\x09rwnx_rx_handle_msg msg->id:0x1004 \x0d
[56881.020324] AICWFDBG(LOGDEBUG)\x09rwnx_rx_handle_msg msg->id:0x4f \x0d
[56881.022609] AICWFDBG(LOGDEBUG)\x09rwnx_rx_handle_msg msg->id:0x1004 \x0d
[56881.022969] AICWFDBG(LOGDEBUG)\x09rwnx_rx_handle_msg msg->id:0x1004 \x0d
[56881.023514] AICWFDBG(LOGDEBUG)\x09rwnx_rx_handle_msg msg->id:0x1004 \x0d
[56881.055331] AICWFDBG(LOGDEBUG)\x09rwnx_rx_handle_msg msg->id:0x4f \x0d
[56881.090356] AICWFDBG(LOGDEBUG)\x09rwnx_rx_handle_msg msg->id:0x4f \x0d
[56881.118623] AICWFDBG(LOGDEBUG)\x09rwnx_rx_handle_msg msg->id:0x1004 \x0d
[56881.135229] read descriptors
[56881.135349] read strings
[56881.137289] init: processing action (sys.usb.config=adb && sys.usb.configfs=1 && sys.usb.ffs.ready=1) from (/system/etc/init/hw/init.usb.configfs.rc:21)
[56881.141368] init: Command 'symlink /config/usb_gadget/g1/functions/ffs.adb /config/usb_gadget/g1/configs/b.1/f1' action=sys.usb.config=adb && sys.usb.configfs=1 && sys.usb.ffs.ready=1 (/system/etc/init/hw/init.usb.configfs.rc:23) took 1ms and failed: symlink() failed: File exists
[56881.142053] init: Command 'write /config/usb_gadget/g1/UDC ${sys.usb.controller}' action=sys.usb.config=adb && sys.usb.configfs=1 && sys.usb.ffs.ready=1 (/system/etc/init/hw/init.usb.configfs.rc:24) took 0ms and failed: property 'sys.usb.controller' doesn't exist while expanding '${sys.usb.controller}'
[56881.145400] AICWFDBG(LOGDEBUG)\x09rwnx_rx_handle_msg msg->id:0x4f \x0d
[56881.180399] AICWFDBG(LOGDEBUG)\x09rwnx_rx_handle_msg msg->id:0x4f \x0d
[56881.235465] AICWFDBG(LOGDEBUG)\x09rwnx_rx_handle_msg msg->id:0x4f \x0d
[56881.237077] AICWFDBG(LOGDEBUG)\x09rwnx_rx_handle_msg msg->id:0x1004 \x0d
[56881.290470] AICWFDBG(LOGDEBUG)\x09rwnx_rx_handle_msg msg->id:0x4f \x0d
[56881.325489] AICWFDBG(LOGDEBUG)\x09rwnx_rx_handle_msg msg->id:0x4f \x0d
[56881.380563] AICWFDBG(LOGDEBUG)\x09rwnx_rx_handle_msg msg->id:0x4f \x0d
[56881.382709] AICWFDBG(LOGDEBUG)\x09rwnx_rx_handle_msg msg->id:0x1004 \x0d
[56881.410908] AICWFDBG(LOGDEBUG)\x09rwnx_rx_handle_msg msg->id:0x1004 \x0d
[56881.411551] AICWFDBG(LOGDEBUG)\x09rwnx_rx_handle_msg msg->id:0x1004 \x0d
[56881.415523] AICWFDBG(LOGDEBUG)\x09rwnx_rx_handle_msg msg->id:0x4f \x0d
[56881.450424] AICWFDBG(LOGDEBUG)\x09rwnx_rx_handle_msg msg->id:0x4f \x0d
[56881.485564] AICWFDBG(LOGDEBUG)\x09rwnx_rx_handle_msg msg->id:0x4f \x0d
[56881.520606] AICWFDBG(LOGDEBUG)\x09rwnx_rx_handle_msg msg->id:0x4f \x0d
[56881.555618] AICWFDBG(LOGDEBUG)\x09rwnx_rx_handle_msg msg->id:0x4f \x0d
[56881.590631] AICWFDBG(LOGDEBUG)\x09rwnx_rx_handle_msg msg->id:0x4f \x0d
[56881.645673] AICWFDBG(LOGDEBUG)\x09rwnx_rx_handle_msg msg->id:0x4f \x0d
[56881.700695] AICWFDBG(LOGDEBUG)\x09rwnx_rx_handle_msg msg->id:0x4f \x0d
[56881.755707] AICWFDBG(LOGDEBUG)\x09rwnx_rx_handle_msg msg->id:0x4f \x0d
[56881.790699] AICWFDBG(LOGDEBUG)\x09rwnx_rx_handle_msg msg->id:0x4f \x0d
[56881.790795] AICWFDBG(LOGDEBUG)\x09rwnx_rx_handle_msg msg->id:0x1001 \x0d
[56881.790941] AICWFDBG(LOGTRACE)\x09>>> rwnx_rx_scanu_start_cfm()
[56882.171730] read descriptors
[56882.171851] read strings
[56882.173788] init: processing action (sys.usb.config=adb && sys.usb.configfs=1 && sys.usb.ffs.ready=1) from (/system/etc/init/hw/init.usb.configfs.rc:21)
[56882.177783] init: Command 'symlink /config/usb_gadget/g1/functions/ffs.adb /config/usb_gadget/g1/configs/b.1/f1' action=sys.usb.config=adb && sys.usb.configfs=1 && sys.usb.ffs.ready=1 (/system/etc/init/hw/init.usb.configfs.rc:23) took 1ms and failed: symlink() failed: File exists
[56882.178478] init: Command 'write /config/usb_gadget/g1/UDC ${sys.usb.controller}' action=sys.usb.config=adb && sys.usb.configfs=1 && sys.usb.ffs.ready=1 (/system/etc/init/hw/init.usb.configfs.rc:24) took 0ms and failed: property 'sys.usb.controller' doesn't exist while expanding '${sys.usb.controller}'
[56883.224784] read descriptors
[56883.224849] read strings
[56883.226033] init: processing action (sys.usb.config=adb && sys.usb.configfs=1 && sys.usb.ffs.ready=1) from (/system/etc/init/hw/init.usb.configfs.rc:21)
[56883.228200] init: Command 'symlink /config/usb_gadget/g1/functions/ffs.adb /config/usb_gadget/g1/configs/b.1/f1' action=sys.usb.config=adb && sys.usb.configfs=1 && sys.usb.ffs.ready=1 (/system/etc/init/hw/init.usb.configfs.rc:23) took 0ms and failed: symlink() failed: File exists
[56883.228532] init: Command 'write /config/usb_gadget/g1/UDC ${sys.usb.controller}' action=sys.usb.config=adb && sys.usb.configfs=1 && sys.usb.ffs.ready=1 (/system/etc/init/hw/init.usb.configfs.rc:24) took 0ms and failed: property 'sys.usb.controller' doesn't exist while expanding '${sys.usb.controller}'
[56884.275282] read descriptors
[56884.275381] read strings
[56884.277419] init: processing action (sys.usb.config=adb && sys.usb.configfs=1 && sys.usb.ffs.ready=1) from (/system/etc/init/hw/init.usb.configfs.rc:21)
[56885.348462] read descriptors
[56885.348565] read strings
[56886.398396] read descriptors
[56886.398511] read strings
[56886.400446] init: processing action (sys.usb.config=adb && sys.usb.configfs=1 && sys.usb.ffs.ready=1) from (/system/etc/init/hw/init.usb.configfs.rc:21)
[56886.404385] init: Command 'symlink /config/usb_gadget/g1/functions/ffs.adb /config/usb_gadget/g1/configs/b.1/f1' action=sys.usb.config=adb && sys.usb.configfs=1 && sys.usb.ffs.ready=1 (/system/etc/init/hw/init.usb.configfs.rc:23) took 1ms and failed: symlink() failed: File exists
[56886.405081] init: Command 'write /config/usb_gadget/g1/UDC ${sys.usb.controller}' action=sys.usb.config=adb && sys.usb.configfs=1 && sys.usb.ffs.ready=1 (/system/etc/init/hw/init.usb.configfs.rc:24) took 0ms and failed: property 'sys.usb.controller' doesn't exist while expanding '${sys.usb.controller}'
[56887.434791] read descriptors
[56887.434854] read strings
[56887.436028] init: processing action (sys.usb.config=adb && sys.usb.configfs=1 && sys.usb.ffs.ready=1) from (/system/etc/init/hw/init.usb.configfs.rc:21)
[56887.438255] init: Command 'symlink /config/usb_gadget/g1/functions/ffs.adb /config/usb_gadget/g1/configs/b.1/f1' action=sys.usb.config=adb && sys.usb.configfs=1 && sys.usb.ffs.ready=1 (/system/etc/init/hw/init.usb.configfs.rc:23) took 0ms and failed: symlink() failed: File exists
[56887.438628] init: Command 'write /config/usb_gadget/g1/UDC ${sys.usb.controller}' action=sys.usb.config=adb && sys.usb.configfs=1 && sys.usb.ffs.ready=1 (/system/etc/init/hw/init.usb.configfs.rc:24) took 0ms and failed: property 'sys.usb.controller' doesn't exist while expanding '${sys.usb.controller}'
[56888.475154] read descriptors
[56888.475254] read strings
[56888.477204] init: processing action (sys.usb.config=adb && sys.usb.configfs=1 && sys.usb.ffs.ready=1) from (/system/etc/init/hw/init.usb.configfs.rc:21)
[56888.479645] init: Command 'symlink /config/usb_gadget/g1/functions/ffs.adb /config/usb_gadget/g1/configs/b.1/f1' action=sys.usb.config=adb && sys.usb.configfs=1 && sys.usb.ffs.ready=1 (/system/etc/init/hw/init.usb.configfs.rc:23) took 0ms and failed: symlink() failed: File exists
[56888.480015] init: Command 'write /config/usb_gadget/g1/UDC ${sys.usb.controller}' action=sys.usb.config=adb && sys.usb.configfs=1 && sys.usb.ffs.ready=1 (/system/etc/init/hw/init.usb.configfs.rc:24) took 0ms and failed: property 'sys.usb.controller' doesn't exist while expanding '${sys.usb.controller}'
[56889.525097] read descriptors
[56889.525212] read strings
[56889.527307] init: processing action (sys.usb.config=adb && sys.usb.configfs=1 && sys.usb.ffs.ready=1) from (/system/etc/init/hw/init.usb.configfs.rc:21)
[56890.578480] read descriptors
[56890.578594] read strings
[56890.704688] AICWFDBG(LOGTRACE)\x09>>> rwnx_cfg80211_scan()
[56890.704792] AICWFDBG(LOGTRACE)\x09>>> rwnx_send_scanu_req()
[56890.704829] AICWFDBG(LOGDEBUG)\x09scan channel:1(2412) \x0d
[56890.704854] AICWFDBG(LOGDEBUG)\x09scan channel:2(2417) \x0d
[56890.704876] AICWFDBG(LOGDEBUG)\x09scan channel:3(2422) \x0d
[56890.704903] AICWFDBG(LOGDEBUG)\x09scan channel:4(2427) \x0d
[56890.704924] AICWFDBG(LOGDEBUG)\x09scan channel:5(2432) \x0d
[56890.705003] AICWFDBG(LOGDEBUG)\x09scan channel:6(2437) \x0d
[56890.705033] AICWFDBG(LOGDEBUG)\x09scan channel:7(2442) \x0d
[56890.705055] AICWFDBG(LOGDEBUG)\x09scan channel:8(2447) \x0d
[56890.705077] AICWFDBG(LOGDEBUG)\x09scan channel:9(2452) \x0d
[56890.705109] AICWFDBG(LOGDEBUG)\x09scan channel:10(2457) \x0d
[56890.705132] AICWFDBG(LOGDEBUG)\x09scan channel:11(2462) \x0d
[56890.705159] AICWFDBG(LOGDEBUG)\x09scan channel:12(2467) \x0d
[56890.705180] AICWFDBG(LOGDEBUG)\x09scan channel:13(2472) \x0d
[56890.705203] AICWFDBG(LOGDEBUG)\x09scan channel:36(5180) \x0d
[56890.705236] AICWFDBG(LOGDEBUG)\x09scan channel:40(5200) \x0d
[56890.705258] AICWFDBG(LOGDEBUG)\x09scan channel:44(5220) \x0d
[56890.705289] AICWFDBG(LOGDEBUG)\x09scan channel:48(5240) \x0d
[56890.705311] AICWFDBG(LOGDEBUG)\x09scan channel:52(5260) \x0d
[56890.705335] AICWFDBG(LOGDEBUG)\x09scan channel:56(5280) \x0d
[56890.705364] AICWFDBG(LOGDEBUG)\x09scan channel:60(5300) \x0d
[56890.705386] AICWFDBG(LOGDEBUG)\x09scan channel:64(5320) \x0d
[56890.705414] AICWFDBG(LOGDEBUG)\x09scan channel:149(5745) \x0d
[56890.705436] AICWFDBG(LOGDEBUG)\x09scan channel:153(5765) \x0d
[56890.705460] AICWFDBG(LOGDEBUG)\x09scan channel:157(5785) \x0d
[56890.705491] AICWFDBG(LOGDEBUG)\x09scan channel:161(5805) \x0d
[56890.705514] AICWFDBG(LOGDEBUG)\x09scan channel:165(5825) \x0d
[56890.705552] AICWFDBG(LOGTRACE)\x09rwnx_send_msg (4105)SCANU_START_CFM_ADDTIONAL reqcfm:1 in_irq:0 in_softirq:0 in_atomic:0\x0d
[56890.705589] AICWFDBG(LOGTRACE)\x09rwnx_cmd_malloc get cmd_array[0]:00000000f100465a \x0d
[56890.706546] AICWFDBG(LOGDEBUG)\x09rwnx_rx_handle_msg msg->id:0x1009 \x0d
[56890.706664] AICWFDBG(LOGTRACE)\x09rwnx_cmd_free cmd_array[0]:00000000f100465a \x0d
[56890.732381] AICWFDBG(LOGDEBUG)\x09rwnx_rx_handle_msg msg->id:0x1004 \x0d
[56890.761633] AICWFDBG(LOGDEBUG)\x09rwnx_rx_handle_msg msg->id:0x4f \x0d
[56890.796772] AICWFDBG(LOGDEBUG)\x09rwnx_rx_handle_msg msg->id:0x4f \x0d
[56890.803886] AICWFDBG(LOGDEBUG)\x09rwnx_rx_handle_msg msg->id:0x1004 \x0d
[56890.815848] AICWFDBG(LOGDEBUG)\x09rwnx_rx_handle_msg msg->id:0x1004 \x0d
[56890.827184] AICWFDBG(LOGDEBUG)\x09rwnx_rx_handle_msg msg->id:0x1004 \x0d
[56890.834665] AICWFDBG(LOGDEBUG)\x09rwnx_rx_handle_msg msg->id:0x4f \x0d
[56890.835005] AICWFDBG(LOGDEBUG)\x09rwnx_rx_handle_msg msg->id:0x1004 \x0d
[56890.869645] AICWFDBG(LOGDEBUG)\x09rwnx_rx_handle_msg msg->id:0x4f \x0d
[56890.904678] AICWFDBG(LOGDEBUG)\x09rwnx_rx_handle_msg msg->id:0x4f \x0d
[56890.959689] AICWFDBG(LOGDEBUG)\x09rwnx_rx_handle_msg msg->id:0x4f \x0d
[56890.994636] AICWFDBG(LOGDEBUG)\x09rwnx_rx_handle_msg msg->id:0x4f \x0d
[56891.029732] AICWFDBG(LOGDEBUG)\x09rwnx_rx_handle_msg msg->id:0x4f \x0d
[56891.032265] AICWFDBG(LOGDEBUG)\x09rwnx_rx_handle_msg msg->id:0x1004 \x0d
[56891.032720] AICWFDBG(LOGDEBUG)\x09rwnx_rx_handle_msg msg->id:0x1004 \x0d
[56891.053852] AICWFDBG(LOGDEBUG)\x09rwnx_rx_handle_msg msg->id:0x1004 \x0d
[56891.057596] AICWFDBG(LOGDEBUG)\x09rwnx_rx_handle_msg msg->id:0x1004 \x0d
[56891.064764] AICWFDBG(LOGDEBUG)\x09rwnx_rx_handle_msg msg->id:0x4f \x0d
[56891.099807] AICWFDBG(LOGDEBUG)\x09rwnx_rx_handle_msg msg->id:0x4f \x0d
[56891.154832] AICWFDBG(LOGDEBUG)\x09rwnx_rx_handle_msg msg->id:0x4f \x0d
[56891.189838] AICWFDBG(LOGDEBUG)\x09rwnx_rx_handle_msg msg->id:0x4f \x0d
[56891.244884] AICWFDBG(LOGDEBUG)\x09rwnx_rx_handle_msg msg->id:0x4f \x0d
[56891.246839] AICWFDBG(LOGDEBUG)\x09rwnx_rx_handle_msg msg->id:0x1004 \x0d
[56891.258663] AICWFDBG(LOGDEBUG)\x09rwnx_rx_handle_msg msg->id:0x1004 \x0d
[56891.299925] AICWFDBG(LOGDEBUG)\x09rwnx_rx_handle_msg msg->id:0x4f \x0d
[56891.334943] AICWFDBG(LOGDEBUG)\x09rwnx_rx_handle_msg msg->id:0x4f \x0d
[56891.389965] AICWFDBG(LOGDEBUG)\x09rwnx_rx_handle_msg msg->id:0x4f \x0d
[56891.392109] AICWFDBG(LOGDEBUG)\x09rwnx_rx_handle_msg msg->id:0x1004 \x0d
[56891.424972] AICWFDBG(LOGDEBUG)\x09rwnx_rx_handle_msg msg->id:0x4f \x0d
[56891.460000] AICWFDBG(LOGDEBUG)\x09rwnx_rx_handle_msg msg->id:0x4f \x0d
[56891.495006] AICWFDBG(LOGDEBUG)\x09rwnx_rx_handle_msg msg->id:0x4f \x0d
[56891.530038] AICWFDBG(LOGDEBUG)\x09rwnx_rx_handle_msg msg->id:0x4f \x0d
[56891.564922] AICWFDBG(LOGDEBUG)\x09rwnx_rx_handle_msg msg->id:0x4f \x0d
[56891.599971] AICWFDBG(LOGDEBUG)\x09rwnx_rx_handle_msg msg->id:0x4f \x0d
[56891.635255] read descriptors
[56891.635375] read strings
[56891.637331] init: processing action (sys.usb.config=adb && sys.usb.configfs=1 && sys.usb.ffs.ready=1) from (/system/etc/init/hw/init.usb.configfs.rc:21)
[56891.641418] init: Command 'symlink /config/usb_gadget/g1/functions/ffs.adb /config/usb_gadget/g1/configs/b.1/f1' action=sys.usb.config=adb && sys.usb.configfs=1 && sys.usb.ffs.ready=1 (/system/etc/init/hw/init.usb.configfs.rc:23) took 1ms and failed: symlink() failed: File exists
[56891.642091] init: Command 'write /config/usb_gadget/g1/UDC ${sys.usb.controller}' action=sys.usb.config=adb && sys.usb.configfs=1 && sys.usb.ffs.ready=1 (/system/etc/init/hw/init.usb.configfs.rc:24) took 0ms and failed: property 'sys.usb.controller' doesn't exist while expanding '${sys.usb.controller}'
[56891.655094] AICWFDBG(LOGDEBUG)\x09rwnx_rx_handle_msg msg->id:0x4f \x0d
[56891.710131] AICWFDBG(LOGDEBUG)\x09rwnx_rx_handle_msg msg->id:0x4f \x0d
[56891.765156] AICWFDBG(LOGDEBUG)\x09rwnx_rx_handle_msg msg->id:0x4f \x0d
[56891.800214] AICWFDBG(LOGDEBUG)\x09rwnx_rx_handle_msg msg->id:0x4f \x0d
[56891.800305] AICWFDBG(LOGDEBUG)\x09rwnx_rx_handle_msg msg->id:0x1001 \x0d
[56891.800344] AICWFDBG(LOGTRACE)\x09>>> rwnx_rx_scanu_start_cfm()
[56892.701737] read descriptors
[56892.701847] read strings
[56892.703869] init: processing action (sys.usb.config=adb && sys.usb.configfs=1 && sys.usb.ffs.ready=1) from (/system/etc/init/hw/init.usb.configfs.rc:21)
[56892.707883] init: Command 'symlink /config/usb_gadget/g1/functions/ffs.adb /config/usb_gadget/g1/configs/b.1/f1' action=sys.usb.config=adb && sys.usb.configfs=1 && sys.usb.ffs.ready=1 (/system/etc/init/hw/init.usb.configfs.rc:23) took 1ms and failed: symlink() failed: File exists
[56892.708547] init: Command 'write /config/usb_gadget/g1/UDC ${sys.usb.controller}' action=sys.usb.config=adb && sys.usb.configfs=1 && sys.usb.ffs.ready=1 (/system/etc/init/hw/init.usb.configfs.rc:24) took 0ms and failed: property 'sys.usb.controller' doesn't exist while expanding '${sys.usb.controller}'
[56893.768460] read descriptors
[56893.768559] read strings
[56893.770493] init: processing action (sys.usb.config=adb && sys.usb.configfs=1 && sys.usb.ffs.ready=1) from (/system/etc/init/hw/init.usb.configfs.rc:21)
[56893.773005] init: Command 'symlink /config/usb_gadget/g1/functions/ffs.adb /config/usb_gadget/g1/configs/b.1/f1' action=sys.usb.config=adb && sys.usb.configfs=1 && sys.usb.ffs.ready=1 (/system/etc/init/hw/init.usb.configfs.rc:23) took 0ms and failed: symlink() failed: File exists
[56893.773370] init: Command 'write /config/usb_gadget/g1/UDC ${sys.usb.controller}' action=sys.usb.config=adb && sys.usb.configfs=1 && sys.usb.ffs.ready=1 (/system/etc/init/hw/init.usb.configfs.rc:24) took 0ms and failed: property 'sys.usb.controller' doesn't exist while expanding '${sys.usb.controller}'
[56894.808488] read descriptors
[56894.808585] read strings
[56894.810515] init: processing action (sys.usb.config=adb && sys.usb.configfs=1 && sys.usb.ffs.ready=1) from (/system/etc/init/hw/init.usb.configfs.rc:21)
[56895.865200] read descriptors
[56895.865314] read strings
[56896.941491] read descriptors
[56896.941550] read strings
[56896.942729] init: processing action (sys.usb.config=adb && sys.usb.configfs=1 && sys.usb.ffs.ready=1) from (/system/etc/init/hw/init.usb.configfs.rc:21)
[56896.944955] init: Command 'symlink /config/usb_gadget/g1/functions/ffs.adb /config/usb_gadget/g1/configs/b.1/f1' action=sys.usb.config=adb && sys.usb.configfs=1 && sys.usb.ffs.ready=1 (/system/etc/init/hw/init.usb.configfs.rc:23) took 0ms and failed: symlink() failed: File exists
[56896.945330] init: Command 'write /config/usb_gadget/g1/UDC ${sys.usb.controller}' action=sys.usb.config=adb && sys.usb.configfs=1 && sys.usb.ffs.ready=1 (/system/etc/init/hw/init.usb.configfs.rc:24) took 0ms and failed: property 'sys.usb.controller' doesn't exist while expanding '${sys.usb.controller}'
[56897.998407] read descriptors
[56897.998513] read strings
[56898.000410] init: processing action (sys.usb.config=adb && sys.usb.configfs=1 && sys.usb.ffs.ready=1) from (/system/etc/init/hw/init.usb.configfs.rc:21)
[56898.004449] init: Command 'symlink /config/usb_gadget/g1/functions/ffs.adb /config/usb_gadget/g1/configs/b.1/f1' action=sys.usb.config=adb && sys.usb.configfs=1 && sys.usb.ffs.ready=1 (/system/etc/init/hw/init.usb.configfs.rc:23) took 1ms and failed: symlink() failed: File exists
[56898.005144] init: Command 'write /config/usb_gadget/g1/UDC ${sys.usb.controller}' action=sys.usb.config=adb && sys.usb.configfs=1 && sys.usb.ffs.ready=1 (/system/etc/init/hw/init.usb.configfs.rc:24) took 0ms and failed: property 'sys.usb.controller' doesn't exist while expanding '${sys.usb.controller}'
[56899.051810] read descriptors
[56899.051926] read strings
[56899.053968] init: processing action (sys.usb.config=adb && sys.usb.configfs=1 && sys.usb.ffs.ready=1) from (/system/etc/init/hw/init.usb.configfs.rc:21)
[56899.058144] init: Command 'symlink /config/usb_gadget/g1/functions/ffs.adb /config/usb_gadget/g1/configs/b.1/f1' action=sys.usb.config=adb && sys.usb.configfs=1 && sys.usb.ffs.ready=1 (/system/etc/init/hw/init.usb.configfs.rc:23) took 1ms and failed: symlink() failed: File exists
[56899.058832] init: Command 'write /config/usb_gadget/g1/UDC ${sys.usb.controller}' action=sys.usb.config=adb && sys.usb.configfs=1 && sys.usb.ffs.ready=1 (/system/etc/init/hw/init.usb.configfs.rc:24) took 0ms and failed: property 'sys.usb.controller' doesn't exist while expanding '${sys.usb.controller}'
[56900.095133] read descriptors
[56900.095249] read strings
[56900.097177] init: processing action (sys.usb.config=adb && sys.usb.configfs=1 && sys.usb.ffs.ready=1) from (/system/etc/init/hw/init.usb.configfs.rc:21)
[56900.708904] AICWFDBG(LOGTRACE)\x09>>> rwnx_cfg80211_scan()
[56900.708970] AICWFDBG(LOGTRACE)\x09>>> rwnx_send_scanu_req()
[56900.708996] AICWFDBG(LOGDEBUG)\x09scan channel:1(2412) \x0d
[56900.709014] AICWFDBG(LOGDEBUG)\x09scan channel:2(2417) \x0d
[56900.709029] AICWFDBG(LOGDEBUG)\x09scan channel:3(2422) \x0d
[56900.709045] AICWFDBG(LOGDEBUG)\x09scan channel:4(2427) \x0d
[56900.709061] AICWFDBG(LOGDEBUG)\x09scan channel:5(2432) \x0d
[56900.709077] AICWFDBG(LOGDEBUG)\x09scan channel:6(2437) \x0d
[56900.709092] AICWFDBG(LOGDEBUG)\x09scan channel:7(2442) \x0d
[56900.709107] AICWFDBG(LOGDEBUG)\x09scan channel:8(2447) \x0d
[56900.709122] AICWFDBG(LOGDEBUG)\x09scan channel:9(2452) \x0d
[56900.709136] AICWFDBG(LOGDEBUG)\x09scan channel:10(2457) \x0d
[56900.709151] AICWFDBG(LOGDEBUG)\x09scan channel:11(2462) \x0d
[56900.709166] AICWFDBG(LOGDEBUG)\x09scan channel:12(2467) \x0d
[56900.709180] AICWFDBG(LOGDEBUG)\x09scan channel:13(2472) \x0d
[56900.709196] AICWFDBG(LOGDEBUG)\x09scan channel:36(5180) \x0d
[56900.709210] AICWFDBG(LOGDEBUG)\x09scan channel:40(5200) \x0d
[56900.709225] AICWFDBG(LOGDEBUG)\x09scan channel:44(5220) \x0d
[56900.709239] AICWFDBG(LOGDEBUG)\x09scan channel:48(5240) \x0d
[56900.709254] AICWFDBG(LOGDEBUG)\x09scan channel:52(5260) \x0d
[56900.709269] AICWFDBG(LOGDEBUG)\x09scan channel:56(5280) \x0d
[56900.709285] AICWFDBG(LOGDEBUG)\x09scan channel:60(5300) \x0d
[56900.709300] AICWFDBG(LOGDEBUG)\x09scan channel:64(5320) \x0d
[56900.709315] AICWFDBG(LOGDEBUG)\x09scan channel:149(5745) \x0d
[56900.709330] AICWFDBG(LOGDEBUG)\x09scan channel:153(5765) \x0d
[56900.709344] AICWFDBG(LOGDEBUG)\x09scan channel:157(5785) \x0d
[56900.709359] AICWFDBG(LOGDEBUG)\x09scan channel:161(5805) \x0d
[56900.709373] AICWFDBG(LOGDEBUG)\x09scan channel:165(5825) \x0d
[56900.709394] AICWFDBG(LOGTRACE)\x09rwnx_send_msg (4105)SCANU_START_CFM_ADDTIONAL reqcfm:1 in_irq:0 in_softirq:0 in_atomic:0\x0d
[56900.709417] AICWFDBG(LOGTRACE)\x09rwnx_cmd_malloc get cmd_array[0]:00000000f100465a \x0d
[56900.710110] AICWFDBG(LOGDEBUG)\x09rwnx_rx_handle_msg msg->id:0x1009 \x0d
[56900.710176] AICWFDBG(LOGTRACE)\x09rwnx_cmd_free cmd_array[0]:00000000f100465a \x0d
[56900.739017] AICWFDBG(LOGDEBUG)\x09rwnx_rx_handle_msg msg->id:0x1004 \x0d
[56900.741053] AICWFDBG(LOGDEBUG)\x09rwnx_rx_handle_msg msg->id:0x1004 \x0d
[56900.767268] AICWFDBG(LOGDEBUG)\x09rwnx_rx_handle_msg msg->id:0x4f \x0d
[56900.767657] AICWFDBG(LOGDEBUG)\x09rwnx_rx_handle_msg msg->id:0x1004 \x0d
[56900.774124] AICWFDBG(LOGDEBUG)\x09rwnx_rx_handle_msg msg->id:0x1004 \x0d
[56900.802285] AICWFDBG(LOGDEBUG)\x09rwnx_rx_handle_msg msg->id:0x4f \x0d
[56900.809182] AICWFDBG(LOGDEBUG)\x09rwnx_rx_handle_msg msg->id:0x1004 \x0d
[56900.837289] AICWFDBG(LOGDEBUG)\x09rwnx_rx_handle_msg msg->id:0x4f \x0d
[56900.861976] AICWFDBG(LOGDEBUG)\x09rwnx_rx_handle_msg msg->id:0x1004 \x0d
[56900.872336] AICWFDBG(LOGDEBUG)\x09rwnx_rx_handle_msg msg->id:0x4f \x0d
[56900.907347] AICWFDBG(LOGDEBUG)\x09rwnx_rx_handle_msg msg->id:0x4f \x0d
[56900.962381] AICWFDBG(LOGDEBUG)\x09rwnx_rx_handle_msg msg->id:0x4f \x0d
[56900.997371] AICWFDBG(LOGDEBUG)\x09rwnx_rx_handle_msg msg->id:0x4f \x0d
[56901.032423] AICWFDBG(LOGDEBUG)\x09rwnx_rx_handle_msg msg->id:0x4f \x0d
[56901.034894] AICWFDBG(LOGDEBUG)\x09rwnx_rx_handle_msg msg->id:0x1004 \x0d
[56901.035306] AICWFDBG(LOGDEBUG)\x09rwnx_rx_handle_msg msg->id:0x1004 \x0d
[56901.067307] AICWFDBG(LOGDEBUG)\x09rwnx_rx_handle_msg msg->id:0x4f \x0d
[56901.102507] AICWFDBG(LOGDEBUG)\x09rwnx_rx_handle_msg msg->id:0x4f \x0d
[56901.157477] AICWFDBG(LOGDEBUG)\x09rwnx_rx_handle_msg msg->id:0x4f \x0d
[56901.171796] read descriptors
[56901.171895] read strings
[56901.192485] AICWFDBG(LOGDEBUG)\x09rwnx_rx_handle_msg msg->id:0x4f \x0d
[56901.247512] AICWFDBG(LOGDEBUG)\x09rwnx_rx_handle_msg msg->id:0x4f \x0d
[56901.249495] AICWFDBG(LOGDEBUG)\x09rwnx_rx_handle_msg msg->id:0x1004 \x0d
[56901.293600] AICWFDBG(LOGDEBUG)\x09rwnx_rx_handle_msg msg->id:0x1004 \x0d
[56901.302558] AICWFDBG(LOGDEBUG)\x09rwnx_rx_handle_msg msg->id:0x4f \x0d
[56901.337673] AICWFDBG(LOGDEBUG)\x09rwnx_rx_handle_msg msg->id:0x4f \x0d
[56901.392610] AICWFDBG(LOGDEBUG)\x09rwnx_rx_handle_msg msg->id:0x4f \x0d
[56901.394774] AICWFDBG(LOGDEBUG)\x09rwnx_rx_handle_msg msg->id:0x1004 \x0d
[56901.427495] AICWFDBG(LOGDEBUG)\x09rwnx_rx_handle_msg msg->id:0x4f \x0d
[56901.462621] AICWFDBG(LOGDEBUG)\x09rwnx_rx_handle_msg msg->id:0x4f \x0d
[56901.497709] AICWFDBG(LOGDEBUG)\x09rwnx_rx_handle_msg msg->id:0x4f \x0d
[56901.532655] AICWFDBG(LOGDEBUG)\x09rwnx_rx_handle_msg msg->id:0x4f \x0d
[56901.567731] AICWFDBG(LOGDEBUG)\x09rwnx_rx_handle_msg msg->id:0x4f \x0d
[56901.602718] AICWFDBG(LOGDEBUG)\x09rwnx_rx_handle_msg msg->id:0x4f \x0d
[56901.657659] AICWFDBG(LOGDEBUG)\x09rwnx_rx_handle_msg msg->id:0x4f \x0d
[56901.712632] AICWFDBG(LOGDEBUG)\x09rwnx_rx_handle_msg msg->id:0x4f \x0d
[56901.767773] AICWFDBG(LOGDEBUG)\x09rwnx_rx_handle_msg msg->id:0x4f \x0d
[56901.802795] AICWFDBG(LOGDEBUG)\x09rwnx_rx_handle_msg msg->id:0x4f \x0d
[56901.802878] AICWFDBG(LOGDEBUG)\x09rwnx_rx_handle_msg msg->id:0x1001 \x0d
[56901.802915] AICWFDBG(LOGTRACE)\x09>>> rwnx_rx_scanu_start_cfm()
[56902.228507] read descriptors
[56902.228601] read strings
[56902.230328] init: processing action (sys.usb.config=adb && sys.usb.configfs=1 && sys.usb.ffs.ready=1) from (/system/etc/init/hw/init.usb.configfs.rc:21)
[56902.234324] init: Command 'symlink /config/usb_gadget/g1/functions/ffs.adb /config/usb_gadget/g1/configs/b.1/f1' action=sys.usb.config=adb && sys.usb.configfs=1 && sys.usb.ffs.ready=1 (/system/etc/init/hw/init.usb.configfs.rc:23) took 1ms and failed: symlink() failed: File exists
[56902.234996] init: Command 'write /config/usb_gadget/g1/UDC ${sys.usb.controller}' action=sys.usb.config=adb && sys.usb.configfs=1 && sys.usb.ffs.ready=1 (/system/etc/init/hw/init.usb.configfs.rc:24) took 0ms and failed: property 'sys.usb.controller' doesn't exist while expanding '${sys.usb.controller}'
[56903.278408] read descriptors
[56903.278517] read strings
[56903.280494] init: processing action (sys.usb.config=adb && sys.usb.configfs=1 && sys.usb.ffs.ready=1) from (/system/etc/init/hw/init.usb.configfs.rc:21)
[56903.284493] init: Command 'symlink /config/usb_gadget/g1/functions/ffs.adb /config/usb_gadget/g1/configs/b.1/f1' action=sys.usb.config=adb && sys.usb.configfs=1 && sys.usb.ffs.ready=1 (/system/etc/init/hw/init.usb.configfs.rc:23) took 1ms and failed: symlink() failed: File exists
[56903.285158] init: Command 'write /config/usb_gadget/g1/UDC ${sys.usb.controller}' action=sys.usb.config=adb && sys.usb.configfs=1 && sys.usb.ffs.ready=1 (/system/etc/init/hw/init.usb.configfs.rc:24) took 0ms and failed: property 'sys.usb.controller' doesn't exist while expanding '${sys.usb.controller}'
[56904.348525] read descriptors
[56904.348618] read strings
[56904.350485] init: processing action (sys.usb.config=adb && sys.usb.configfs=1 && sys.usb.ffs.ready=1) from (/system/etc/init/hw/init.usb.configfs.rc:21)
[56904.354614] init: Command 'symlink /config/usb_gadget/g1/functions/ffs.adb /config/usb_gadget/g1/configs/b.1/f1' action=sys.usb.config=adb && sys.usb.configfs=1 && sys.usb.ffs.ready=1 (/system/etc/init/hw/init.usb.configfs.rc:23) took 1ms and failed: symlink() failed: File exists
[56904.355282] init: Command 'write /config/usb_gadget/g1/UDC ${sys.usb.controller}' action=sys.usb.config=adb && sys.usb.configfs=1 && sys.usb.ffs.ready=1 (/system/etc/init/hw/init.usb.configfs.rc:24) took 0ms and failed: property 'sys.usb.controller' doesn't exist while expanding '${sys.usb.controller}'
[56905.388422] read descriptors
[56905.388516] read strings
[56905.390287] init: processing action (sys.usb.config=adb && sys.usb.configfs=1 && sys.usb.ffs.ready=1) from (/system/etc/init/hw/init.usb.configfs.rc:21)
[56906.444830] read descriptors
[56906.444890] read strings
[56907.508405] read descriptors
[56907.508498] read strings
[56907.510456] init: processing action (sys.usb.config=adb && sys.usb.configfs=1 && sys.usb.ffs.ready=1) from (/system/etc/init/hw/init.usb.configfs.rc:21)
[56907.514508] init: Command 'symlink /config/usb_gadget/g1/functions/ffs.adb /config/usb_gadget/g1/configs/b.1/f1' action=sys.usb.config=adb && sys.usb.configfs=1 && sys.usb.ffs.ready=1 (/system/etc/init/hw/init.usb.configfs.rc:23) took 1ms and failed: symlink() failed: File exists
[56907.515178] init: Command 'write /config/usb_gadget/g1/UDC ${sys.usb.controller}' action=sys.usb.config=adb && sys.usb.configfs=1 && sys.usb.ffs.ready=1 (/system/etc/init/hw/init.usb.configfs.rc:24) took 0ms and failed: property 'sys.usb.controller' doesn't exist while expanding '${sys.usb.controller}'
[56908.561765] read descriptors
[56908.561932] read strings
[56908.563857] init: processing action (sys.usb.config=adb && sys.usb.configfs=1 && sys.usb.ffs.ready=1) from (/system/etc/init/hw/init.usb.configfs.rc:21)
[56908.567875] init: Command 'symlink /config/usb_gadget/g1/functions/ffs.adb /config/usb_gadget/g1/configs/b.1/f1' action=sys.usb.config=adb && sys.usb.configfs=1 && sys.usb.ffs.ready=1 (/system/etc/init/hw/init.usb.configfs.rc:23) took 1ms and failed: symlink() failed: File exists
[56908.568572] init: Command 'write /config/usb_gadget/g1/UDC ${sys.usb.controller}' action=sys.usb.config=adb && sys.usb.configfs=1 && sys.usb.ffs.ready=1 (/system/etc/init/hw/init.usb.configfs.rc:24) took 0ms and failed: property 'sys.usb.controller' doesn't exist while expanding '${sys.usb.controller}'
[56909.608567] read descriptors
[56909.608667] read strings
[56909.610641] init: processing action (sys.usb.config=adb && sys.usb.configfs=1 && sys.usb.ffs.ready=1) from (/system/etc/init/hw/init.usb.configfs.rc:21)
[56909.614632] init: Command 'symlink /config/usb_gadget/g1/functions/ffs.adb /config/usb_gadget/g1/configs/b.1/f1' action=sys.usb.config=adb && sys.usb.configfs=1 && sys.usb.ffs.ready=1 (/system/etc/init/hw/init.usb.configfs.rc:23) took 1ms and failed: symlink() failed: File exists
[56909.615316] init: Command 'write /config/usb_gadget/g1/UDC ${sys.usb.controller}' action=sys.usb.config=adb && sys.usb.configfs=1 && sys.usb.ffs.ready=1 (/system/etc/init/hw/init.usb.configfs.rc:24) took 0ms and failed: property 'sys.usb.controller' doesn't exist while expanding '${sys.usb.controller}'
[56910.671931] read descriptors
[56910.672053] read strings
[56910.673939] init: processing action (sys.usb.config=adb && sys.usb.configfs=1 && sys.usb.ffs.ready=1) from (/system/etc/init/hw/init.usb.configfs.rc:21)
[56910.712657] AICWFDBG(LOGTRACE)\x09>>> rwnx_cfg80211_scan()
[56910.712727] AICWFDBG(LOGTRACE)\x09>>> rwnx_send_scanu_req()
[56910.712756] AICWFDBG(LOGDEBUG)\x09scan channel:1(2412) \x0d
[56910.712784] AICWFDBG(LOGDEBUG)\x09scan channel:2(2417) \x0d
[56910.712799] AICWFDBG(LOGDEBUG)\x09scan channel:3(2422) \x0d
[56910.712815] AICWFDBG(LOGDEBUG)\x09scan channel:4(2427) \x0d
[56910.712842] AICWFDBG(LOGDEBUG)\x09scan channel:5(2432) \x0d
[56910.712857] AICWFDBG(LOGDEBUG)\x09scan channel:6(2437) \x0d
[56910.712871] AICWFDBG(LOGDEBUG)\x09scan channel:7(2442) \x0d
[56910.712886] AICWFDBG(LOGDEBUG)\x09scan channel:8(2447) \x0d
[56910.712911] AICWFDBG(LOGDEBUG)\x09scan channel:9(2452) \x0d
[56910.712926] AICWFDBG(LOGDEBUG)\x09scan channel:10(2457) \x0d
[56910.712940] AICWFDBG(LOGDEBUG)\x09scan channel:11(2462) \x0d
[56910.712955] AICWFDBG(LOGDEBUG)\x09scan channel:12(2467) \x0d
[56910.712973] AICWFDBG(LOGDEBUG)\x09scan channel:13(2472) \x0d
[56910.712989] AICWFDBG(LOGDEBUG)\x09scan channel:36(5180) \x0d
[56910.713003] AICWFDBG(LOGDEBUG)\x09scan channel:40(5200) \x0d
[56910.713018] AICWFDBG(LOGDEBUG)\x09scan channel:44(5220) \x0d
[56910.713040] AICWFDBG(LOGDEBUG)\x09scan channel:48(5240) \x0d
[56910.713055] AICWFDBG(LOGDEBUG)\x09scan channel:52(5260) \x0d
[56910.713070] AICWFDBG(LOGDEBUG)\x09scan channel:56(5280) \x0d
[56910.713085] AICWFDBG(LOGDEBUG)\x09scan channel:60(5300) \x0d
[56910.713104] AICWFDBG(LOGDEBUG)\x09scan channel:64(5320) \x0d
[56910.713119] AICWFDBG(LOGDEBUG)\x09scan channel:149(5745) \x0d
[56910.713133] AICWFDBG(LOGDEBUG)\x09scan channel:153(5765) \x0d
[56910.713148] AICWFDBG(LOGDEBUG)\x09scan channel:157(5785) \x0d
[56910.713168] AICWFDBG(LOGDEBUG)\x09scan channel:161(5805) \x0d
[56910.713183] AICWFDBG(LOGDEBUG)\x09scan channel:165(5825) \x0d
[56910.713204] AICWFDBG(LOGTRACE)\x09rwnx_send_msg (4105)SCANU_START_CFM_ADDTIONAL reqcfm:1 in_irq:0 in_softirq:0 in_atomic:0\x0d
[56910.713236] AICWFDBG(LOGTRACE)\x09rwnx_cmd_malloc get cmd_array[0]:00000000f100465a \x0d
[56910.713968] AICWFDBG(LOGDEBUG)\x09rwnx_rx_handle_msg msg->id:0x1009 \x0d
[56910.714040] AICWFDBG(LOGTRACE)\x09rwnx_cmd_free cmd_array[0]:00000000f100465a \x0d
[56910.725554] AICWFDBG(LOGDEBUG)\x09rwnx_rx_handle_msg msg->id:0x1004 \x0d
[56910.740059] AICWFDBG(LOGDEBUG)\x09rwnx_rx_handle_msg msg->id:0x1004 \x0d
[56910.744918] AICWFDBG(LOGDEBUG)\x09rwnx_rx_handle_msg msg->id:0x1004 \x0d
[56910.769191] AICWFDBG(LOGDEBUG)\x09rwnx_rx_handle_msg msg->id:0x4f \x0d
[56910.775969] AICWFDBG(LOGDEBUG)\x09rwnx_rx_handle_msg msg->id:0x1004 \x0d
[56910.794575] AICWFDBG(LOGDEBUG)\x09rwnx_rx_handle_msg msg->id:0x1004 \x0d
[56910.802339] AICWFDBG(LOGDEBUG)\x09rwnx_rx_handle_msg msg->id:0x1004 \x0d
[56910.804074] AICWFDBG(LOGDEBUG)\x09rwnx_rx_handle_msg msg->id:0x4f \x0d
[56910.811120] AICWFDBG(LOGDEBUG)\x09rwnx_rx_handle_msg msg->id:0x1004 \x0d
[56910.827916] AICWFDBG(LOGDEBUG)\x09rwnx_rx_handle_msg msg->id:0x1004 \x0d
[56910.840158] AICWFDBG(LOGDEBUG)\x09rwnx_rx_handle_msg msg->id:0x4f \x0d
[56910.875180] AICWFDBG(LOGDEBUG)\x09rwnx_rx_handle_msg msg->id:0x4f \x0d
[56910.911356] AICWFDBG(LOGDEBUG)\x09rwnx_rx_handle_msg msg->id:0x4f \x0d
[56910.966380] AICWFDBG(LOGDEBUG)\x09rwnx_rx_handle_msg msg->id:0x4f \x0d
[56911.001405] AICWFDBG(LOGDEBUG)\x09rwnx_rx_handle_msg msg->id:0x4f \x0d
[56911.036446] AICWFDBG(LOGDEBUG)\x09rwnx_rx_handle_msg msg->id:0x4f \x0d
[56911.038926] AICWFDBG(LOGDEBUG)\x09rwnx_rx_handle_msg msg->id:0x1004 \x0d
[56911.039347] AICWFDBG(LOGDEBUG)\x09rwnx_rx_handle_msg msg->id:0x1004 \x0d
[56911.071452] AICWFDBG(LOGDEBUG)\x09rwnx_rx_handle_msg msg->id:0x4f \x0d
[56911.106344] AICWFDBG(LOGDEBUG)\x09rwnx_rx_handle_msg msg->id:0x4f \x0d
[56911.121142] AICWFDBG(LOGDEBUG)\x09rwnx_rx_handle_msg msg->id:0x1004 \x0d
[56911.161374] AICWFDBG(LOGDEBUG)\x09rwnx_rx_handle_msg msg->id:0x4f \x0d
[56911.196396] AICWFDBG(LOGDEBUG)\x09rwnx_rx_handle_msg msg->id:0x4f \x0d
[56911.251541] AICWFDBG(LOGDEBUG)\x09rwnx_rx_handle_msg msg->id:0x4f \x0d
[56911.253277] AICWFDBG(LOGDEBUG)\x09rwnx_rx_handle_msg msg->id:0x1004 \x0d
[56911.306595] AICWFDBG(LOGDEBUG)\x09rwnx_rx_handle_msg msg->id:0x4f \x0d
[56911.341602] AICWFDBG(LOGDEBUG)\x09rwnx_rx_handle_msg msg->id:0x4f \x0d
[56911.396643] AICWFDBG(LOGDEBUG)\x09rwnx_rx_handle_msg msg->id:0x4f \x0d
[56911.398867] AICWFDBG(LOGDEBUG)\x09rwnx_rx_handle_msg msg->id:0x1004 \x0d
[56911.413491] AICWFDBG(LOGDEBUG)\x09rwnx_rx_handle_msg msg->id:0x1004 \x0d
[56911.414177] AICWFDBG(LOGDEBUG)\x09rwnx_rx_handle_msg msg->id:0x1004 \x0d
[56911.431646] AICWFDBG(LOGDEBUG)\x09rwnx_rx_handle_msg msg->id:0x4f \x0d
[56911.466659] AICWFDBG(LOGDEBUG)\x09rwnx_rx_handle_msg msg->id:0x4f \x0d
[56911.501680] AICWFDBG(LOGDEBUG)\x09rwnx_rx_handle_msg msg->id:0x4f \x0d
[56911.536688] AICWFDBG(LOGDEBUG)\x09rwnx_rx_handle_msg msg->id:0x4f \x0d
[56911.571725] AICWFDBG(LOGDEBUG)\x09rwnx_rx_handle_msg msg->id:0x4f \x0d
[56911.596582] AICWFDBG(LOGDEBUG)\x09rwnx_rx_handle_msg msg->id:0x1004 \x0d
[56911.606751] AICWFDBG(LOGDEBUG)\x09rwnx_rx_handle_msg msg->id:0x4f \x0d
[56911.661748] AICWFDBG(LOGDEBUG)\x09rwnx_rx_handle_msg msg->id:0x4f \x0d
[56911.716827] AICWFDBG(LOGDEBUG)\x09rwnx_rx_handle_msg msg->id:0x4f \x0d
[56911.735219] read descriptors
[56911.735338] read strings
[56911.771705] AICWFDBG(LOGDEBUG)\x09rwnx_rx_handle_msg msg->id:0x4f \x0d
[56911.806841] AICWFDBG(LOGDEBUG)\x09rwnx_rx_handle_msg msg->id:0x4f \x0d
[56911.806946] AICWFDBG(LOGDEBUG)\x09rwnx_rx_handle_msg msg->id:0x1001 \x0d
[56911.806983] AICWFDBG(LOGTRACE)\x09>>> rwnx_rx_scanu_start_cfm()
[56912.775092] read descriptors
[56912.775206] read strings
[56912.777243] init: processing action (sys.usb.config=adb && sys.usb.configfs=1 && sys.usb.ffs.ready=1) from (/system/etc/init/hw/init.usb.configfs.rc:21)
[56912.781235] init: Command 'symlink /config/usb_gadget/g1/functions/ffs.adb /config/usb_gadget/g1/configs/b.1/f1' action=sys.usb.config=adb && sys.usb.configfs=1 && sys.usb.ffs.ready=1 (/system/etc/init/hw/init.usb.configfs.rc:23) took 1ms and failed: symlink() failed: File exists
[56912.781930] init: Command 'write /config/usb_gadget/g1/UDC ${sys.usb.controller}' action=sys.usb.config=adb && sys.usb.configfs=1 && sys.usb.ffs.ready=1 (/system/etc/init/hw/init.usb.configfs.rc:24) took 0ms and failed: property 'sys.usb.controller' doesn't exist while expanding '${sys.usb.controller}'
[56913.838417] read descriptors
[56913.838522] read strings
[56913.840494] init: processing action (sys.usb.config=adb && sys.usb.configfs=1 && sys.usb.ffs.ready=1) from (/system/etc/init/hw/init.usb.configfs.rc:21)
[56913.844637] init: Command 'symlink /config/usb_gadget/g1/functions/ffs.adb /config/usb_gadget/g1/configs/b.1/f1' action=sys.usb.config=adb && sys.usb.configfs=1 && sys.usb.ffs.ready=1 (/system/etc/init/hw/init.usb.configfs.rc:23) took 1ms and failed: symlink() failed: File exists
[56913.845338] init: Command 'write /config/usb_gadget/g1/UDC ${sys.usb.controller}' action=sys.usb.config=adb && sys.usb.configfs=1 && sys.usb.ffs.ready=1 (/system/etc/init/hw/init.usb.configfs.rc:24) took 0ms and failed: property 'sys.usb.controller' doesn't exist while expanding '${sys.usb.controller}'
[56914.901814] read descriptors
[56914.901936] read strings
[56914.903946] init: processing action (sys.usb.config=adb && sys.usb.configfs=1 && sys.usb.ffs.ready=1) from (/system/etc/init/hw/init.usb.configfs.rc:21)
[56914.907929] init: Command 'symlink /config/usb_gadget/g1/functions/ffs.adb /config/usb_gadget/g1/configs/b.1/f1' action=sys.usb.config=adb && sys.usb.configfs=1 && sys.usb.ffs.ready=1 (/system/etc/init/hw/init.usb.configfs.rc:23) took 1ms and failed: symlink() failed: File exists
[56914.908620] init: Command 'write /config/usb_gadget/g1/UDC ${sys.usb.controller}' action=sys.usb.config=adb && sys.usb.configfs=1 && sys.usb.ffs.ready=1 (/system/etc/init/hw/init.usb.configfs.rc:24) took 0ms and failed: property 'sys.usb.controller' doesn't exist while expanding '${sys.usb.controller}'
[56915.948043] read descriptors
[56915.948098] read strings
[56915.949081] init: processing action (sys.usb.config=adb && sys.usb.configfs=1 && sys.usb.ffs.ready=1) from (/system/etc/init/hw/init.usb.configfs.rc:21)
[56917.008405] read descriptors
[56917.008502] read strings
[56918.085285] read descriptors
[56918.085399] read strings
[56918.087434] init: processing action (sys.usb.config=adb && sys.usb.configfs=1 && sys.usb.ffs.ready=1) from (/system/etc/init/hw/init.usb.configfs.rc:21)
[56918.091183] init: Command 'symlink /config/usb_gadget/g1/functions/ffs.adb /config/usb_gadget/g1/configs/b.1/f1' action=sys.usb.config=adb && sys.usb.configfs=1 && sys.usb.ffs.ready=1 (/system/etc/init/hw/init.usb.configfs.rc:23) took 1ms and failed: symlink() failed: File exists
[56918.091887] init: Command 'write /config/usb_gadget/g1/UDC ${sys.usb.controller}' action=sys.usb.config=adb && sys.usb.configfs=1 && sys.usb.ffs.ready=1 (/system/etc/init/hw/init.usb.configfs.rc:24) took 0ms and failed: property 'sys.usb.controller' doesn't exist while expanding '${sys.usb.controller}'
[56919.125033] read descriptors
[56919.125145] read strings
[56919.127148] init: processing action (sys.usb.config=adb && sys.usb.configfs=1 && sys.usb.ffs.ready=1) from (/system/etc/init/hw/init.usb.configfs.rc:21)
[56919.130963] init: Command 'symlink /config/usb_gadget/g1/functions/ffs.adb /config/usb_gadget/g1/configs/b.1/f1' action=sys.usb.config=adb && sys.usb.configfs=1 && sys.usb.ffs.ready=1 (/system/etc/init/hw/init.usb.configfs.rc:23) took 1ms and failed: symlink() failed: File exists
[56919.131671] init: Command 'write /config/usb_gadget/g1/UDC ${sys.usb.controller}' action=sys.usb.config=adb && sys.usb.configfs=1 && sys.usb.ffs.ready=1 (/system/etc/init/hw/init.usb.configfs.rc:24) took 0ms and failed: property 'sys.usb.controller' doesn't exist while expanding '${sys.usb.controller}'
[56920.201846] read descriptors
[56920.201910] read strings
[56920.203066] init: processing action (sys.usb.config=adb && sys.usb.configfs=1 && sys.usb.ffs.ready=1) from (/system/etc/init/hw/init.usb.configfs.rc:21)
[56920.205294] init: Command 'symlink /config/usb_gadget/g1/functions/ffs.adb /config/usb_gadget/g1/configs/b.1/f1' action=sys.usb.config=adb && sys.usb.configfs=1 && sys.usb.ffs.ready=1 (/system/etc/init/hw/init.usb.configfs.rc:23) took 0ms and failed: symlink() failed: File exists
[56920.205663] init: Command 'write /config/usb_gadget/g1/UDC ${sys.usb.controller}' action=sys.usb.config=adb && sys.usb.configfs=1 && sys.usb.ffs.ready=1 (/system/etc/init/hw/init.usb.configfs.rc:24) took 0ms and failed: property 'sys.usb.controller' doesn't exist while expanding '${sys.usb.controller}'
[56920.694650] AICWFDBG(LOGTRACE)\x09>>> rwnx_cfg80211_scan()
[56920.694714] AICWFDBG(LOGTRACE)\x09>>> rwnx_send_scanu_req()
[56920.694738] AICWFDBG(LOGDEBUG)\x09scan channel:1(2412) \x0d
[56920.694747] AICWFDBG(LOGDEBUG)\x09scan channel:2(2417) \x0d
[56920.694757] AICWFDBG(LOGDEBUG)\x09scan channel:3(2422) \x0d
[56920.694766] AICWFDBG(LOGDEBUG)\x09scan channel:4(2427) \x0d
[56920.694775] AICWFDBG(LOGDEBUG)\x09scan channel:5(2432) \x0d
[56920.694790] AICWFDBG(LOGDEBUG)\x09scan channel:6(2437) \x0d
[56920.694799] AICWFDBG(LOGDEBUG)\x09scan channel:7(2442) \x0d
[56920.694808] AICWFDBG(LOGDEBUG)\x09scan channel:8(2447) \x0d
[56920.694817] AICWFDBG(LOGDEBUG)\x09scan channel:9(2452) \x0d
[56920.694826] AICWFDBG(LOGDEBUG)\x09scan channel:10(2457) \x0d
[56920.694836] AICWFDBG(LOGDEBUG)\x09scan channel:11(2462) \x0d
[56920.694844] AICWFDBG(LOGDEBUG)\x09scan channel:12(2467) \x0d
[56920.694861] AICWFDBG(LOGDEBUG)\x09scan channel:13(2472) \x0d
[56920.694870] AICWFDBG(LOGDEBUG)\x09scan channel:36(5180) \x0d
[56920.694878] AICWFDBG(LOGDEBUG)\x09scan channel:40(5200) \x0d
[56920.694887] AICWFDBG(LOGDEBUG)\x09scan channel:44(5220) \x0d
[56920.694895] AICWFDBG(LOGDEBUG)\x09scan channel:48(5240) \x0d
[56920.694904] AICWFDBG(LOGDEBUG)\x09scan channel:52(5260) \x0d
[56920.694921] AICWFDBG(LOGDEBUG)\x09scan channel:56(5280) \x0d
[56920.694930] AICWFDBG(LOGDEBUG)\x09scan channel:60(5300) \x0d
[56920.694939] AICWFDBG(LOGDEBUG)\x09scan channel:64(5320) \x0d
[56920.694947] AICWFDBG(LOGDEBUG)\x09scan channel:149(5745) \x0d
[56920.694955] AICWFDBG(LOGDEBUG)\x09scan channel:153(5765) \x0d
[56920.694964] AICWFDBG(LOGDEBUG)\x09scan channel:157(5785) \x0d
[56920.694972] AICWFDBG(LOGDEBUG)\x09scan channel:161(5805) \x0d
[56920.694989] AICWFDBG(LOGDEBUG)\x09scan channel:165(5825) \x0d
[56920.695002] AICWFDBG(LOGTRACE)\x09rwnx_send_msg (4105)SCANU_START_CFM_ADDTIONAL reqcfm:1 in_irq:0 in_softirq:0 in_atomic:0\x0d
[56920.695018] AICWFDBG(LOGTRACE)\x09rwnx_cmd_malloc get cmd_array[0]:00000000f100465a \x0d
[56920.695611] AICWFDBG(LOGDEBUG)\x09rwnx_rx_handle_msg msg->id:0x1009 \x0d
[56920.695664] AICWFDBG(LOGTRACE)\x09rwnx_cmd_free cmd_array[0]:00000000f100465a \x0d
[56920.706536] AICWFDBG(LOGDEBUG)\x09rwnx_rx_handle_msg msg->id:0x1004 \x0d
[56920.734868] AICWFDBG(LOGDEBUG)\x09rwnx_rx_handle_msg msg->id:0x1004 \x0d
[56920.750702] AICWFDBG(LOGDEBUG)\x09rwnx_rx_handle_msg msg->id:0x4f \x0d
[56920.757869] AICWFDBG(LOGDEBUG)\x09rwnx_rx_handle_msg msg->id:0x1004 \x0d
[56920.760460] AICWFDBG(LOGDEBUG)\x09rwnx_rx_handle_msg msg->id:0x1004 \x0d
[56920.764085] AICWFDBG(LOGDEBUG)\x09rwnx_rx_handle_msg msg->id:0x1004 \x0d
[56920.770589] AICWFDBG(LOGDEBUG)\x09rwnx_rx_handle_msg msg->id:0x1004 \x0d
[56920.773564] AICWFDBG(LOGDEBUG)\x09rwnx_rx_handle_msg msg->id:0x1004 \x0d
[56920.782585] AICWFDBG(LOGDEBUG)\x09rwnx_rx_handle_msg msg->id:0x1004 \x0d
[56920.785720] AICWFDBG(LOGDEBUG)\x09rwnx_rx_handle_msg msg->id:0x4f \x0d
[56920.792753] AICWFDBG(LOGDEBUG)\x09rwnx_rx_handle_msg msg->id:0x1004 \x0d
[56920.820956] AICWFDBG(LOGDEBUG)\x09rwnx_rx_handle_msg msg->id:0x4f \x0d
[56920.829460] AICWFDBG(LOGDEBUG)\x09rwnx_rx_handle_msg msg->id:0x1004 \x0d
[56920.855895] AICWFDBG(LOGDEBUG)\x09rwnx_rx_handle_msg msg->id:0x4f \x0d
[56920.890956] AICWFDBG(LOGDEBUG)\x09rwnx_rx_handle_msg msg->id:0x4f \x0d
[56920.945950] AICWFDBG(LOGDEBUG)\x09rwnx_rx_handle_msg msg->id:0x4f \x0d
[56920.981013] AICWFDBG(LOGDEBUG)\x09rwnx_rx_handle_msg msg->id:0x4f \x0d
[56921.015966] AICWFDBG(LOGDEBUG)\x09rwnx_rx_handle_msg msg->id:0x4f \x0d
[56921.018699] AICWFDBG(LOGDEBUG)\x09rwnx_rx_handle_msg msg->id:0x1004 \x0d
[56921.019152] AICWFDBG(LOGDEBUG)\x09rwnx_rx_handle_msg msg->id:0x1004 \x0d
[56921.051064] AICWFDBG(LOGDEBUG)\x09rwnx_rx_handle_msg msg->id:0x4f \x0d
[56921.085991] AICWFDBG(LOGDEBUG)\x09rwnx_rx_handle_msg msg->id:0x4f \x0d
[56921.141080] AICWFDBG(LOGDEBUG)\x09rwnx_rx_handle_msg msg->id:0x4f \x0d
[56921.176041] AICWFDBG(LOGDEBUG)\x09rwnx_rx_handle_msg msg->id:0x4f \x0d
[56921.231195] AICWFDBG(LOGDEBUG)\x09rwnx_rx_handle_msg msg->id:0x4f \x0d
[56921.233372] AICWFDBG(LOGDEBUG)\x09rwnx_rx_handle_msg msg->id:0x1004 \x0d
[56921.254824] read descriptors
[56921.254888] read strings
[56921.256031] init: processing action (sys.usb.config=adb && sys.usb.configfs=1 && sys.usb.ffs.ready=1) from (/system/etc/init/hw/init.usb.configfs.rc:21)
[56921.260700] AICWFDBG(LOGDEBUG)\x09rwnx_rx_handle_msg msg->id:0x1004 \x0d
[56921.286011] AICWFDBG(LOGDEBUG)\x09rwnx_rx_handle_msg msg->id:0x4f \x0d
[56921.321073] AICWFDBG(LOGDEBUG)\x09rwnx_rx_handle_msg msg->id:0x4f \x0d
[56921.376175] AICWFDBG(LOGDEBUG)\x09rwnx_rx_handle_msg msg->id:0x4f \x0d
[56921.378345] AICWFDBG(LOGDEBUG)\x09rwnx_rx_handle_msg msg->id:0x1004 \x0d
[56921.411177] AICWFDBG(LOGDEBUG)\x09rwnx_rx_handle_msg msg->id:0x4f \x0d
[56921.446226] AICWFDBG(LOGDEBUG)\x09rwnx_rx_handle_msg msg->id:0x4f \x0d
[56921.481231] AICWFDBG(LOGDEBUG)\x09rwnx_rx_handle_msg msg->id:0x4f \x0d
[56921.516258] AICWFDBG(LOGDEBUG)\x09rwnx_rx_handle_msg msg->id:0x4f \x0d
[56921.551274] AICWFDBG(LOGDEBUG)\x09rwnx_rx_handle_msg msg->id:0x4f \x0d
[56921.586278] AICWFDBG(LOGDEBUG)\x09rwnx_rx_handle_msg msg->id:0x4f \x0d
[56921.641311] AICWFDBG(LOGDEBUG)\x09rwnx_rx_handle_msg msg->id:0x4f \x0d
[56921.696318] AICWFDBG(LOGDEBUG)\x09rwnx_rx_handle_msg msg->id:0x4f \x0d
[56921.751414] AICWFDBG(LOGDEBUG)\x09rwnx_rx_handle_msg msg->id:0x4f \x0d
[56921.786386] AICWFDBG(LOGDEBUG)\x09rwnx_rx_handle_msg msg->id:0x4f \x0d
[56921.786474] AICWFDBG(LOGDEBUG)\x09rwnx_rx_handle_msg msg->id:0x1001 \x0d
[56921.786512] AICWFDBG(LOGTRACE)\x09>>> rwnx_rx_scanu_start_cfm()
[56922.295088] read descriptors
[56922.295205] read strings
[56923.358585] read descriptors
[56923.358699] read strings
[56923.360798] init: processing action (sys.usb.config=adb && sys.usb.configfs=1 && sys.usb.ffs.ready=1) from (/system/etc/init/hw/init.usb.configfs.rc:21)
[56923.364859] init: Command 'symlink /config/usb_gadget/g1/functions/ffs.adb /config/usb_gadget/g1/configs/b.1/f1' action=sys.usb.config=adb && sys.usb.configfs=1 && sys.usb.ffs.ready=1 (/system/etc/init/hw/init.usb.configfs.rc:23) took 1ms and failed: symlink() failed: File exists
[56923.365541] init: Command 'write /config/usb_gadget/g1/UDC ${sys.usb.controller}' action=sys.usb.config=adb && sys.usb.configfs=1 && sys.usb.ffs.ready=1 (/system/etc/init/hw/init.usb.configfs.rc:24) took 0ms and failed: property 'sys.usb.controller' doesn't exist while expanding '${sys.usb.controller}'
[56924.398426] read descriptors
[56924.398546] read strings
[56924.400527] init: processing action (sys.usb.config=adb && sys.usb.configfs=1 && sys.usb.ffs.ready=1) from (/system/etc/init/hw/init.usb.configfs.rc:21)
[56924.404508] init: Command 'symlink /config/usb_gadget/g1/functions/ffs.adb /config/usb_gadget/g1/configs/b.1/f1' action=sys.usb.config=adb && sys.usb.configfs=1 && sys.usb.ffs.ready=1 (/system/etc/init/hw/init.usb.configfs.rc:23) took 1ms and failed: symlink() failed: File exists
[56924.405181] init: Command 'write /config/usb_gadget/g1/UDC ${sys.usb.controller}' action=sys.usb.config=adb && sys.usb.configfs=1 && sys.usb.ffs.ready=1 (/system/etc/init/hw/init.usb.configfs.rc:24) took 0ms and failed: property 'sys.usb.controller' doesn't exist while expanding '${sys.usb.controller}'
[56925.438041] read descriptors
[56925.438107] read strings
[56925.439177] init: processing action (sys.usb.config=adb && sys.usb.configfs=1 && sys.usb.ffs.ready=1) from (/system/etc/init/hw/init.usb.configfs.rc:21)
[56925.441358] init: Command 'symlink /config/usb_gadget/g1/functions/ffs.adb /config/usb_gadget/g1/configs/b.1/f1' action=sys.usb.config=adb && sys.usb.configfs=1 && sys.usb.ffs.ready=1 (/system/etc/init/hw/init.usb.configfs.rc:23) took 0ms and failed: symlink() failed: File exists
[56925.441716] init: Command 'write /config/usb_gadget/g1/UDC ${sys.usb.controller}' action=sys.usb.config=adb && sys.usb.configfs=1 && sys.usb.ffs.ready=1 (/system/etc/init/hw/init.usb.configfs.rc:24) took 0ms and failed: property 'sys.usb.controller' doesn't exist while expanding '${sys.usb.controller}'
[56926.478372] read descriptors
[56926.478484] read strings
[56926.480490] init: processing action (sys.usb.config=adb && sys.usb.configfs=1 && sys.usb.ffs.ready=1) from (/system/etc/init/hw/init.usb.configfs.rc:21)
[56927.518388] read descriptors
[56927.518497] read strings
[56928.581753] read descriptors
[56928.581867] read strings
[56928.583829] init: processing action (sys.usb.config=adb && sys.usb.configfs=1 && sys.usb.ffs.ready=1) from (/system/etc/init/hw/init.usb.configfs.rc:21)
[56928.587788] init: Command 'symlink /config/usb_gadget/g1/functions/ffs.adb /config/usb_gadget/g1/configs/b.1/f1' action=sys.usb.config=adb && sys.usb.configfs=1 && sys.usb.ffs.ready=1 (/system/etc/init/hw/init.usb.configfs.rc:23) took 1ms and failed: symlink() failed: File exists
[56928.588417] init: Command 'write /config/usb_gadget/g1/UDC ${sys.usb.controller}' action=sys.usb.config=adb && sys.usb.configfs=1 && sys.usb.ffs.ready=1 (/system/etc/init/hw/init.usb.configfs.rc:24) took 0ms and failed: property 'sys.usb.controller' doesn't exist while expanding '${sys.usb.controller}'
[56929.641647] read descriptors
[56929.641742] read strings
[56929.643302] init: processing action (sys.usb.config=adb && sys.usb.configfs=1 && sys.usb.ffs.ready=1) from (/system/etc/init/hw/init.usb.configfs.rc:21)
[56929.646290] init: Command 'symlink /config/usb_gadget/g1/functions/ffs.adb /config/usb_gadget/g1/configs/b.1/f1' action=sys.usb.config=adb && sys.usb.configfs=1 && sys.usb.ffs.ready=1 (/system/etc/init/hw/init.usb.configfs.rc:23) took 0ms and failed: symlink() failed: File exists
[56929.646798] init: Command 'write /config/usb_gadget/g1/UDC ${sys.usb.controller}' action=sys.usb.config=adb && sys.usb.configfs=1 && sys.usb.ffs.ready=1 (/system/etc/init/hw/init.usb.configfs.rc:24) took 0ms and failed: property 'sys.usb.controller' doesn't exist while expanding '${sys.usb.controller}'
[56930.711983] read descriptors
[56930.712152] read strings
[56930.714706] init: processing action (sys.usb.config=adb && sys.usb.configfs=1 && sys.usb.ffs.ready=1) from (/system/etc/init/hw/init.usb.configfs.rc:21)
[56930.717776] init: Command 'symlink /config/usb_gadget/g1/functions/ffs.adb /config/usb_gadget/g1/configs/b.1/f1' action=sys.usb.config=adb && sys.usb.configfs=1 && sys.usb.ffs.ready=1 (/system/etc/init/hw/init.usb.configfs.rc:23) took 1ms and failed: symlink() failed: File exists
[56930.717783] AICWFDBG(LOGTRACE)\x09>>> rwnx_cfg80211_scan()
[56930.717807] AICWFDBG(LOGTRACE)\x09>>> rwnx_send_scanu_req()
[56930.717902] AICWFDBG(LOGDEBUG)\x09scan channel:1(2412) \x0d
[56930.717920] AICWFDBG(LOGDEBUG)\x09scan channel:2(2417) \x0d
[56930.717935] AICWFDBG(LOGDEBUG)\x09scan channel:3(2422) \x0d
[56930.717961] AICWFDBG(LOGDEBUG)\x09scan channel:4(2427) \x0d
[56930.717977] AICWFDBG(LOGDEBUG)\x09scan channel:5(2432) \x0d
[56930.717992] AICWFDBG(LOGDEBUG)\x09scan channel:6(2437) \x0d
[56930.718007] AICWFDBG(LOGDEBUG)\x09scan channel:7(2442) \x0d
[56930.718032] AICWFDBG(LOGDEBUG)\x09scan channel:8(2447) \x0d
[56930.718048] AICWFDBG(LOGDEBUG)\x09scan channel:9(2452) \x0d
[56930.718063] AICWFDBG(LOGDEBUG)\x09scan channel:10(2457) \x0d
[56930.718090] AICWFDBG(LOGDEBUG)\x09scan channel:11(2462) \x0d
[56930.718170] AICWFDBG(LOGDEBUG)\x09scan channel:12(2467) \x0d
[56930.718187] AICWFDBG(LOGDEBUG)\x09scan channel:13(2472) \x0d
[56930.718202] AICWFDBG(LOGDEBUG)\x09scan channel:36(5180) \x0d
[56930.718224] AICWFDBG(LOGDEBUG)\x09scan channel:40(5200) \x0d
[56930.718239] AICWFDBG(LOGDEBUG)\x09scan channel:44(5220) \x0d
[56930.718254] AICWFDBG(LOGDEBUG)\x09scan channel:48(5240) \x0d
[56930.718269] AICWFDBG(LOGDEBUG)\x09scan channel:52(5260) \x0d
[56930.718289] AICWFDBG(LOGDEBUG)\x09scan channel:56(5280) \x0d
[56930.718304] AICWFDBG(LOGDEBUG)\x09scan channel:60(5300) \x0d
[56930.718320] AICWFDBG(LOGDEBUG)\x09scan channel:64(5320) \x0d
[56930.718344] AICWFDBG(LOGDEBUG)\x09scan channel:149(5745) \x0d
[56930.718363] init: Command 'write /config/usb_gadget/g1/UDC ${sys.usb.controller}' action=sys.usb.config=adb && sys.usb.configfs=1 && sys.usb.ffs.ready=1 (/system/etc/init/hw/init.usb.configfs.rc:24) took 0ms and failed: property 'sys.usb.controller' doesn't exist while expanding '${sys.usb.controller}'
[56930.718380] AICWFDBG(LOGDEBUG)\x09scan channel:153(5765) \x0d
[56930.718396] AICWFDBG(LOGDEBUG)\x09scan channel:157(5785) \x0d
[56930.718413] AICWFDBG(LOGDEBUG)\x09scan channel:161(5805) \x0d
[56930.718428] AICWFDBG(LOGDEBUG)\x09scan channel:165(5825) \x0d
[56930.718450] AICWFDBG(LOGTRACE)\x09rwnx_send_msg (4105)SCANU_START_CFM_ADDTIONAL reqcfm:1 in_irq:0 in_softirq:0 in_atomic:0\x0d
[56930.718486] AICWFDBG(LOGTRACE)\x09rwnx_cmd_malloc get cmd_array[0]:00000000f100465a \x0d
[56930.719782] AICWFDBG(LOGDEBUG)\x09rwnx_rx_handle_msg msg->id:0x1009 \x0d
[56930.719901] AICWFDBG(LOGTRACE)\x09rwnx_cmd_free cmd_array[0]:00000000f100465a \x0d
[56930.743648] AICWFDBG(LOGDEBUG)\x09rwnx_rx_handle_msg msg->id:0x1004 \x0d
[56930.748053] AICWFDBG(LOGDEBUG)\x09rwnx_rx_handle_msg msg->id:0x1004 \x0d
[56930.769942] AICWFDBG(LOGDEBUG)\x09rwnx_rx_handle_msg msg->id:0x1004 \x0d
[56930.774360] AICWFDBG(LOGDEBUG)\x09rwnx_rx_handle_msg msg->id:0x4f \x0d
[56930.781243] AICWFDBG(LOGDEBUG)\x09rwnx_rx_handle_msg msg->id:0x1004 \x0d
[56930.795535] AICWFDBG(LOGDEBUG)\x09rwnx_rx_handle_msg msg->id:0x1004 \x0d
[56930.809270] AICWFDBG(LOGDEBUG)\x09rwnx_rx_handle_msg msg->id:0x4f \x0d
[56930.816188] AICWFDBG(LOGDEBUG)\x09rwnx_rx_handle_msg msg->id:0x1004 \x0d
[56930.844388] AICWFDBG(LOGDEBUG)\x09rwnx_rx_handle_msg msg->id:0x4f \x0d
[56930.864481] AICWFDBG(LOGDEBUG)\x09rwnx_rx_handle_msg msg->id:0x1004 \x0d
[56930.879458] AICWFDBG(LOGDEBUG)\x09rwnx_rx_handle_msg msg->id:0x4f \x0d
[56930.914520] AICWFDBG(LOGDEBUG)\x09rwnx_rx_handle_msg msg->id:0x4f \x0d
[56930.969454] AICWFDBG(LOGDEBUG)\x09rwnx_rx_handle_msg msg->id:0x4f \x0d
[56931.004510] AICWFDBG(LOGDEBUG)\x09rwnx_rx_handle_msg msg->id:0x4f \x0d
[56931.039520] AICWFDBG(LOGDEBUG)\x09rwnx_rx_handle_msg msg->id:0x4f \x0d
[56931.041882] AICWFDBG(LOGDEBUG)\x09rwnx_rx_handle_msg msg->id:0x1004 \x0d
[56931.042392] AICWFDBG(LOGDEBUG)\x09rwnx_rx_handle_msg msg->id:0x1004 \x0d
[56931.051211] AICWFDBG(LOGDEBUG)\x09rwnx_rx_handle_msg msg->id:0x1004 \x0d
[56931.074537] AICWFDBG(LOGDEBUG)\x09rwnx_rx_handle_msg msg->id:0x4f \x0d
[56931.109521] AICWFDBG(LOGDEBUG)\x09rwnx_rx_handle_msg msg->id:0x4f \x0d
[56931.114657] AICWFDBG(LOGDEBUG)\x09rwnx_rx_handle_msg msg->id:0x1004 \x0d
[56931.117454] AICWFDBG(LOGDEBUG)\x09rwnx_rx_handle_msg msg->id:0x1004 \x0d
[56931.164582] AICWFDBG(LOGDEBUG)\x09rwnx_rx_handle_msg msg->id:0x4f \x0d
[56931.199589] AICWFDBG(LOGDEBUG)\x09rwnx_rx_handle_msg msg->id:0x4f \x0d
[56931.254627] AICWFDBG(LOGDEBUG)\x09rwnx_rx_handle_msg msg->id:0x4f \x0d
[56931.256342] AICWFDBG(LOGDEBUG)\x09rwnx_rx_handle_msg msg->id:0x1004 \x0d
[56931.296042] AICWFDBG(LOGDEBUG)\x09rwnx_rx_handle_msg msg->id:0x1004 \x0d
[56931.309656] AICWFDBG(LOGDEBUG)\x09rwnx_rx_handle_msg msg->id:0x4f \x0d
[56931.344728] AICWFDBG(LOGDEBUG)\x09rwnx_rx_handle_msg msg->id:0x4f \x0d
[56931.399607] AICWFDBG(LOGDEBUG)\x09rwnx_rx_handle_msg msg->id:0x4f \x0d
[56931.401834] AICWFDBG(LOGDEBUG)\x09rwnx_rx_handle_msg msg->id:0x1004 \x0d
[56931.434618] AICWFDBG(LOGDEBUG)\x09rwnx_rx_handle_msg msg->id:0x4f \x0d
[56931.469732] AICWFDBG(LOGDEBUG)\x09rwnx_rx_handle_msg msg->id:0x4f \x0d
[56931.504780] AICWFDBG(LOGDEBUG)\x09rwnx_rx_handle_msg msg->id:0x4f \x0d
[56931.539805] AICWFDBG(LOGDEBUG)\x09rwnx_rx_handle_msg msg->id:0x4f \x0d
[56931.574811] AICWFDBG(LOGDEBUG)\x09rwnx_rx_handle_msg msg->id:0x4f \x0d
[56931.609929] AICWFDBG(LOGDEBUG)\x09rwnx_rx_handle_msg msg->id:0x4f \x0d
[56931.664929] AICWFDBG(LOGDEBUG)\x09rwnx_rx_handle_msg msg->id:0x4f \x0d
[56931.719791] AICWFDBG(LOGDEBUG)\x09rwnx_rx_handle_msg msg->id:0x4f \x0d
[56931.761379] read descriptors
[56931.761443] read strings
[56931.762616] init: processing action (sys.usb.config=adb && sys.usb.configfs=1 && sys.usb.ffs.ready=1) from (/system/etc/init/hw/init.usb.configfs.rc:21)
[56931.774901] AICWFDBG(LOGDEBUG)\x09rwnx_rx_handle_msg msg->id:0x4f \x0d
[56931.809980] AICWFDBG(LOGDEBUG)\x09rwnx_rx_handle_msg msg->id:0x4f \x0d
[56931.810086] AICWFDBG(LOGDEBUG)\x09rwnx_rx_handle_msg msg->id:0x1001 \x0d
[56931.810124] AICWFDBG(LOGTRACE)\x09>>> rwnx_rx_scanu_start_cfm()
[56932.808498] read descriptors
[56932.808596] read strings
[56933.865146] read descriptors
[56933.865256] read strings
[56933.867298] init: processing action (sys.usb.config=adb && sys.usb.configfs=1 && sys.usb.ffs.ready=1) from (/system/etc/init/hw/init.usb.configfs.rc:21)
[56933.871024] init: Command 'symlink /config/usb_gadget/g1/functions/ffs.adb /config/usb_gadget/g1/configs/b.1/f1' action=sys.usb.config=adb && sys.usb.configfs=1 && sys.usb.ffs.ready=1 (/system/etc/init/hw/init.usb.configfs.rc:23) took 1ms and failed: symlink() failed: File exists
[56933.871727] init: Command 'write /config/usb_gadget/g1/UDC ${sys.usb.controller}' action=sys.usb.config=adb && sys.usb.configfs=1 && sys.usb.ffs.ready=1 (/system/etc/init/hw/init.usb.configfs.rc:24) took 0ms and failed: property 'sys.usb.controller' doesn't exist while expanding '${sys.usb.controller}'
[56934.935206] read descriptors
[56934.935324] read strings
[56934.937204] init: processing action (sys.usb.config=adb && sys.usb.configfs=1 && sys.usb.ffs.ready=1) from (/system/etc/init/hw/init.usb.configfs.rc:21)
[56934.941330] init: Command 'symlink /config/usb_gadget/g1/functions/ffs.adb /config/usb_gadget/g1/configs/b.1/f1' action=sys.usb.config=adb && sys.usb.configfs=1 && sys.usb.ffs.ready=1 (/system/etc/init/hw/init.usb.configfs.rc:23) took 1ms and failed: symlink() failed: File exists
[56934.941714] init: Command 'write /config/usb_gadget/g1/UDC ${sys.usb.controller}' action=sys.usb.config=adb && sys.usb.configfs=1 && sys.usb.ffs.ready=1 (/system/etc/init/hw/init.usb.configfs.rc:24) took 0ms and failed: property 'sys.usb.controller' doesn't exist while expanding '${sys.usb.controller}'
[56935.975050] read descriptors
[56935.975158] read strings
[56935.977179] init: processing action (sys.usb.config=adb && sys.usb.configfs=1 && sys.usb.ffs.ready=1) from (/system/etc/init/hw/init.usb.configfs.rc:21)
[56935.981193] init: Command 'symlink /config/usb_gadget/g1/functions/ffs.adb /config/usb_gadget/g1/configs/b.1/f1' action=sys.usb.config=adb && sys.usb.configfs=1 && sys.usb.ffs.ready=1 (/system/etc/init/hw/init.usb.configfs.rc:23) took 1ms and failed: symlink() failed: File exists
[56935.981869] init: Command 'write /config/usb_gadget/g1/UDC ${sys.usb.controller}' action=sys.usb.config=adb && sys.usb.configfs=1 && sys.usb.ffs.ready=1 (/system/etc/init/hw/init.usb.configfs.rc:24) took 0ms and failed: property 'sys.usb.controller' doesn't exist while expanding '${sys.usb.controller}'
[56937.051828] read descriptors
[56937.051994] read strings
[56937.054053] init: processing action (sys.usb.config=adb && sys.usb.configfs=1 && sys.usb.ffs.ready=1) from (/system/etc/init/hw/init.usb.configfs.rc:21)
[56938.095078] read descriptors
[56938.095193] read strings
[56939.175180] read descriptors
[56939.175285] read strings
[56939.177266] init: processing action (sys.usb.config=adb && sys.usb.configfs=1 && sys.usb.ffs.ready=1) from (/system/etc/init/hw/init.usb.configfs.rc:21)
[56939.181337] init: Command 'symlink /config/usb_gadget/g1/functions/ffs.adb /config/usb_gadget/g1/configs/b.1/f1' action=sys.usb.config=adb && sys.usb.configfs=1 && sys.usb.ffs.ready=1 (/system/etc/init/hw/init.usb.configfs.rc:23) took 1ms and failed: symlink() failed: File exists
[56939.182045] init: Command 'write /config/usb_gadget/g1/UDC ${sys.usb.controller}' action=sys.usb.config=adb && sys.usb.configfs=1 && sys.usb.ffs.ready=1 (/system/etc/init/hw/init.usb.configfs.rc:24) took 0ms and failed: property 'sys.usb.controller' doesn't exist while expanding '${sys.usb.controller}'
[56940.225142] read descriptors
[56940.225263] read strings
[56940.227317] init: processing action (sys.usb.config=adb && sys.usb.configfs=1 && sys.usb.ffs.ready=1) from (/system/etc/init/hw/init.usb.configfs.rc:21)
[56940.231008] init: Command 'symlink /config/usb_gadget/g1/functions/ffs.adb /config/usb_gadget/g1/configs/b.1/f1' action=sys.usb.config=adb && sys.usb.configfs=1 && sys.usb.ffs.ready=1 (/system/etc/init/hw/init.usb.configfs.rc:23) took 1ms and failed: symlink() failed: File exists
[56940.231706] init: Command 'write /config/usb_gadget/g1/UDC ${sys.usb.controller}' action=sys.usb.config=adb && sys.usb.configfs=1 && sys.usb.ffs.ready=1 (/system/etc/init/hw/init.usb.configfs.rc:24) took 0ms and failed: property 'sys.usb.controller' doesn't exist while expanding '${sys.usb.controller}'
[56940.717299] AICWFDBG(LOGTRACE)\x09>>> rwnx_cfg80211_scan()
[56940.717371] AICWFDBG(LOGTRACE)\x09>>> rwnx_send_scanu_req()
[56940.717399] AICWFDBG(LOGDEBUG)\x09scan channel:1(2412) \x0d
[56940.717416] AICWFDBG(LOGDEBUG)\x09scan channel:2(2417) \x0d
[56940.717432] AICWFDBG(LOGDEBUG)\x09scan channel:3(2422) \x0d
[56940.717456] AICWFDBG(LOGDEBUG)\x09scan channel:4(2427) \x0d
[56940.717471] AICWFDBG(LOGDEBUG)\x09scan channel:5(2432) \x0d
[56940.717485] AICWFDBG(LOGDEBUG)\x09scan channel:6(2437) \x0d
[56940.717500] AICWFDBG(LOGDEBUG)\x09scan channel:7(2442) \x0d
[56940.717605] AICWFDBG(LOGDEBUG)\x09scan channel:8(2447) \x0d
[56940.717620] AICWFDBG(LOGDEBUG)\x09scan channel:9(2452) \x0d
[56940.717644] AICWFDBG(LOGDEBUG)\x09scan channel:10(2457) \x0d
[56940.717658] AICWFDBG(LOGDEBUG)\x09scan channel:11(2462) \x0d
[56940.717673] AICWFDBG(LOGDEBUG)\x09scan channel:12(2467) \x0d
[56940.717688] AICWFDBG(LOGDEBUG)\x09scan channel:13(2472) \x0d
[56940.717729] AICWFDBG(LOGDEBUG)\x09scan channel:36(5180) \x0d
[56940.717757] AICWFDBG(LOGDEBUG)\x09scan channel:40(5200) \x0d
[56940.717797] AICWFDBG(LOGDEBUG)\x09scan channel:44(5220) \x0d
[56940.717834] AICWFDBG(LOGDEBUG)\x09scan channel:48(5240) \x0d
[56940.717869] AICWFDBG(LOGDEBUG)\x09scan channel:52(5260) \x0d
[56940.717898] AICWFDBG(LOGDEBUG)\x09scan channel:56(5280) \x0d
[56940.717921] AICWFDBG(LOGDEBUG)\x09scan channel:60(5300) \x0d
[56940.717937] AICWFDBG(LOGDEBUG)\x09scan channel:64(5320) \x0d
[56940.717961] AICWFDBG(LOGDEBUG)\x09scan channel:149(5745) \x0d
[56940.717977] AICWFDBG(LOGDEBUG)\x09scan channel:153(5765) \x0d
[56940.717991] AICWFDBG(LOGDEBUG)\x09scan channel:157(5785) \x0d
[56940.718007] AICWFDBG(LOGDEBUG)\x09scan channel:161(5805) \x0d
[56940.718032] AICWFDBG(LOGDEBUG)\x09scan channel:165(5825) \x0d
[56940.718054] AICWFDBG(LOGTRACE)\x09rwnx_send_msg (4105)SCANU_START_CFM_ADDTIONAL reqcfm:1 in_irq:0 in_softirq:0 in_atomic:0\x0d
[56940.718078] AICWFDBG(LOGTRACE)\x09rwnx_cmd_malloc get cmd_array[0]:00000000f100465a \x0d
[56940.718871] AICWFDBG(LOGDEBUG)\x09rwnx_rx_handle_msg msg->id:0x1009 \x0d
[56940.719069] AICWFDBG(LOGTRACE)\x09rwnx_cmd_free cmd_array[0]:00000000f100465a \x0d
[56940.742705] AICWFDBG(LOGDEBUG)\x09rwnx_rx_handle_msg msg->id:0x1004 \x0d
[56940.745684] AICWFDBG(LOGDEBUG)\x09rwnx_rx_handle_msg msg->id:0x1004 \x0d
[56940.774039] AICWFDBG(LOGDEBUG)\x09rwnx_rx_handle_msg msg->id:0x4f \x0d
[56940.780919] AICWFDBG(LOGDEBUG)\x09rwnx_rx_handle_msg msg->id:0x1004 \x0d
[56940.797197] AICWFDBG(LOGDEBUG)\x09rwnx_rx_handle_msg msg->id:0x1004 \x0d
[56940.804963] AICWFDBG(LOGDEBUG)\x09rwnx_rx_handle_msg msg->id:0x1004 \x0d
[56940.808966] AICWFDBG(LOGDEBUG)\x09rwnx_rx_handle_msg msg->id:0x4f \x0d
[56940.831120] AICWFDBG(LOGDEBUG)\x09rwnx_rx_handle_msg msg->id:0x1004 \x0d
[56940.844029] AICWFDBG(LOGDEBUG)\x09rwnx_rx_handle_msg msg->id:0x4f \x0d
[56940.879080] AICWFDBG(LOGDEBUG)\x09rwnx_rx_handle_msg msg->id:0x4f \x0d
[56940.913974] AICWFDBG(LOGDEBUG)\x09rwnx_rx_handle_msg msg->id:0x4f \x0d
[56940.968968] AICWFDBG(LOGDEBUG)\x09rwnx_rx_handle_msg msg->id:0x4f \x0d
[56941.004118] AICWFDBG(LOGDEBUG)\x09rwnx_rx_handle_msg msg->id:0x4f \x0d
[56941.039137] AICWFDBG(LOGDEBUG)\x09rwnx_rx_handle_msg msg->id:0x4f \x0d
[56941.043821] AICWFDBG(LOGDEBUG)\x09rwnx_rx_handle_msg msg->id:0x1004 \x0d
[56941.044432] AICWFDBG(LOGDEBUG)\x09rwnx_rx_handle_msg msg->id:0x1004 \x0d
[56941.050918] AICWFDBG(LOGDEBUG)\x09rwnx_rx_handle_msg msg->id:0x1004 \x0d
[56941.074144] AICWFDBG(LOGDEBUG)\x09rwnx_rx_handle_msg msg->id:0x4f \x0d
[56941.109128] AICWFDBG(LOGDEBUG)\x09rwnx_rx_handle_msg msg->id:0x4f \x0d
[56941.164309] AICWFDBG(LOGDEBUG)\x09rwnx_rx_handle_msg msg->id:0x4f \x0d
[56941.199215] AICWFDBG(LOGDEBUG)\x09rwnx_rx_handle_msg msg->id:0x4f \x0d
[56941.254303] AICWFDBG(LOGDEBUG)\x09rwnx_rx_handle_msg msg->id:0x4f \x0d
[56941.255913] AICWFDBG(LOGDEBUG)\x09rwnx_rx_handle_msg msg->id:0x1004 \x0d
[56941.265074] read descriptors
[56941.265185] read strings
[56941.267168] init: processing action (sys.usb.config=adb && sys.usb.configfs=1 && sys.usb.ffs.ready=1) from (/system/etc/init/hw/init.usb.configfs.rc:21)
[56941.270766] init: Command 'symlink /config/usb_gadget/g1/functions/ffs.adb /config/usb_gadget/g1/configs/b.1/f1' action=sys.usb.config=adb && sys.usb.configfs=1 && sys.usb.ffs.ready=1 (/system/etc/init/hw/init.usb.configfs.rc:23) took 1ms and failed: symlink() failed: File exists
[56941.271533] init: Command 'write /config/usb_gadget/g1/UDC ${sys.usb.controller}' action=sys.usb.config=adb && sys.usb.configfs=1 && sys.usb.ffs.ready=1 (/system/etc/init/hw/init.usb.configfs.rc:24) took 0ms and failed: property 'sys.usb.controller' doesn't exist while expanding '${sys.usb.controller}'
[56941.309256] AICWFDBG(LOGDEBUG)\x09rwnx_rx_handle_msg msg->id:0x4f \x0d
[56941.344367] AICWFDBG(LOGDEBUG)\x09rwnx_rx_handle_msg msg->id:0x4f \x0d
[56941.399328] AICWFDBG(LOGDEBUG)\x09rwnx_rx_handle_msg msg->id:0x4f \x0d
[56941.401501] AICWFDBG(LOGDEBUG)\x09rwnx_rx_handle_msg msg->id:0x1004 \x0d
[56941.416112] AICWFDBG(LOGDEBUG)\x09rwnx_rx_handle_msg msg->id:0x1004 \x0d
[56941.416808] AICWFDBG(LOGDEBUG)\x09rwnx_rx_handle_msg msg->id:0x1004 \x0d
[56941.434420] AICWFDBG(LOGDEBUG)\x09rwnx_rx_handle_msg msg->id:0x4f \x0d
[56941.469353] AICWFDBG(LOGDEBUG)\x09rwnx_rx_handle_msg msg->id:0x4f \x0d
[56941.504310] AICWFDBG(LOGDEBUG)\x09rwnx_rx_handle_msg msg->id:0x4f \x0d
[56941.539254] AICWFDBG(LOGDEBUG)\x09rwnx_rx_handle_msg msg->id:0x4f \x0d
[56941.574473] AICWFDBG(LOGDEBUG)\x09rwnx_rx_handle_msg msg->id:0x4f \x0d
[56941.599205] AICWFDBG(LOGDEBUG)\x09rwnx_rx_handle_msg msg->id:0x1004 \x0d
[56941.609401] AICWFDBG(LOGDEBUG)\x09rwnx_rx_handle_msg msg->id:0x4f \x0d
[56941.664492] AICWFDBG(LOGDEBUG)\x09rwnx_rx_handle_msg msg->id:0x4f \x0d
[56941.719497] AICWFDBG(LOGDEBUG)\x09rwnx_rx_handle_msg msg->id:0x4f \x0d
[56941.774541] AICWFDBG(LOGDEBUG)\x09rwnx_rx_handle_msg msg->id:0x4f \x0d
[56941.814175] AICWFDBG(LOGDEBUG)\x09rwnx_rx_handle_msg msg->id:0x4f \x0d
[56941.814281] AICWFDBG(LOGDEBUG)\x09rwnx_rx_handle_msg msg->id:0x1001 \x0d
[56941.814294] AICWFDBG(LOGTRACE)\x09>>> rwnx_rx_scanu_start_cfm()
[56942.338590] read descriptors
[56942.338703] read strings
[56942.340761] init: processing action (sys.usb.config=adb && sys.usb.configfs=1 && sys.usb.ffs.ready=1) from (/system/etc/init/hw/init.usb.configfs.rc:21)
[56943.381872] read descriptors
[56943.381986] read strings
[56944.435145] read descriptors
[56944.435257] read strings
[56944.437321] init: processing action (sys.usb.config=adb && sys.usb.configfs=1 && sys.usb.ffs.ready=1) from (/system/etc/init/hw/init.usb.configfs.rc:21)
[56944.441887] init: Command 'symlink /config/usb_gadget/g1/functions/ffs.adb /config/usb_gadget/g1/configs/b.1/f1' action=sys.usb.config=adb && sys.usb.configfs=1 && sys.usb.ffs.ready=1 (/system/etc/init/hw/init.usb.configfs.rc:23) took 1ms and failed: symlink() failed: File exists
[56944.442540] init: Command 'write /config/usb_gadget/g1/UDC ${sys.usb.controller}' action=sys.usb.config=adb && sys.usb.configfs=1 && sys.usb.ffs.ready=1 (/system/etc/init/hw/init.usb.configfs.rc:24) took 0ms and failed: property 'sys.usb.controller' doesn't exist while expanding '${sys.usb.controller}'
[56945.488447] read descriptors
[56945.488542] read strings
[56945.490426] init: processing action (sys.usb.config=adb && sys.usb.configfs=1 && sys.usb.ffs.ready=1) from (/system/etc/init/hw/init.usb.configfs.rc:21)
[56945.494434] init: Command 'symlink /config/usb_gadget/g1/functions/ffs.adb /config/usb_gadget/g1/configs/b.1/f1' action=sys.usb.config=adb && sys.usb.configfs=1 && sys.usb.ffs.ready=1 (/system/etc/init/hw/init.usb.configfs.rc:23) took 1ms and failed: symlink() failed: File exists
[56945.495116] init: Command 'write /config/usb_gadget/g1/UDC ${sys.usb.controller}' action=sys.usb.config=adb && sys.usb.configfs=1 && sys.usb.ffs.ready=1 (/system/etc/init/hw/init.usb.configfs.rc:24) took 0ms and failed: property 'sys.usb.controller' doesn't exist while expanding '${sys.usb.controller}'
[56946.551715] read descriptors
[56946.551829] read strings
[56946.553816] init: processing action (sys.usb.config=adb && sys.usb.configfs=1 && sys.usb.ffs.ready=1) from (/system/etc/init/hw/init.usb.configfs.rc:21)
[56946.558330] init: Command 'symlink /config/usb_gadget/g1/functions/ffs.adb /config/usb_gadget/g1/configs/b.1/f1' action=sys.usb.config=adb && sys.usb.configfs=1 && sys.usb.ffs.ready=1 (/system/etc/init/hw/init.usb.configfs.rc:23) took 1ms and failed: symlink() failed: File exists
[56946.558994] init: Command 'write /config/usb_gadget/g1/UDC ${sys.usb.controller}' action=sys.usb.config=adb && sys.usb.configfs=1 && sys.usb.ffs.ready=1 (/system/etc/init/hw/init.usb.configfs.rc:24) took 0ms and failed: property 'sys.usb.controller' doesn't exist while expanding '${sys.usb.controller}'
[56947.595100] read descriptors
[56947.595218] read strings
[56947.597273] init: processing action (sys.usb.config=adb && sys.usb.configfs=1 && sys.usb.ffs.ready=1) from (/system/etc/init/hw/init.usb.configfs.rc:21)
[56948.641438] read descriptors
[56948.641504] read strings
[56949.688488] read descriptors
[56949.688592] read strings
[56949.690603] init: processing action (sys.usb.config=adb && sys.usb.configfs=1 && sys.usb.ffs.ready=1) from (/system/etc/init/hw/init.usb.configfs.rc:21)
[56949.694632] init: Command 'symlink /config/usb_gadget/g1/functions/ffs.adb /config/usb_gadget/g1/configs/b.1/f1' action=sys.usb.config=adb && sys.usb.configfs=1 && sys.usb.ffs.ready=1 (/system/etc/init/hw/init.usb.configfs.rc:23) took 1ms and failed: symlink() failed: File exists
[56949.695322] init: Command 'write /config/usb_gadget/g1/UDC ${sys.usb.controller}' action=sys.usb.config=adb && sys.usb.configfs=1 && sys.usb.ffs.ready=1 (/system/etc/init/hw/init.usb.configfs.rc:24) took 0ms and failed: property 'sys.usb.controller' doesn't exist while expanding '${sys.usb.controller}'
[56950.725149] read descriptors
[56950.725215] AICWFDBG(LOGTRACE)\x09>>> rwnx_cfg80211_scan()
[56950.725270] read strings
[56950.725277] AICWFDBG(LOGTRACE)\x09>>> rwnx_send_scanu_req()
[56950.725297] AICWFDBG(LOGDEBUG)\x09scan channel:1(2412) \x0d
[56950.725321] AICWFDBG(LOGDEBUG)\x09scan channel:2(2417) \x0d
[56950.725336] AICWFDBG(LOGDEBUG)\x09scan channel:3(2422) \x0d
[56950.725350] AICWFDBG(LOGDEBUG)\x09scan channel:4(2427) \x0d
[56950.725364] AICWFDBG(LOGDEBUG)\x09scan channel:5(2432) \x0d
[56950.725384] AICWFDBG(LOGDEBUG)\x09scan channel:6(2437) \x0d
[56950.725397] AICWFDBG(LOGDEBUG)\x09scan channel:7(2442) \x0d
[56950.725411] AICWFDBG(LOGDEBUG)\x09scan channel:8(2447) \x0d
[56950.725424] AICWFDBG(LOGDEBUG)\x09scan channel:9(2452) \x0d
[56950.725438] AICWFDBG(LOGDEBUG)\x09scan channel:10(2457) \x0d
[56950.725454] AICWFDBG(LOGDEBUG)\x09scan channel:11(2462) \x0d
[56950.725469] AICWFDBG(LOGDEBUG)\x09scan channel:12(2467) \x0d
[56950.725483] AICWFDBG(LOGDEBUG)\x09scan channel:13(2472) \x0d
[56950.725497] AICWFDBG(LOGDEBUG)\x09scan channel:36(5180) \x0d
[56950.725513] AICWFDBG(LOGDEBUG)\x09scan channel:40(5200) \x0d
[56950.725552] AICWFDBG(LOGDEBUG)\x09scan channel:44(5220) \x0d
[56950.725577] AICWFDBG(LOGDEBUG)\x09scan channel:48(5240) \x0d
[56950.725600] AICWFDBG(LOGDEBUG)\x09scan channel:52(5260) \x0d
[56950.725622] AICWFDBG(LOGDEBUG)\x09scan channel:56(5280) \x0d
[56950.725650] AICWFDBG(LOGDEBUG)\x09scan channel:60(5300) \x0d
[56950.725672] AICWFDBG(LOGDEBUG)\x09scan channel:64(5320) \x0d
[56950.725700] AICWFDBG(LOGDEBUG)\x09scan channel:149(5745) \x0d
[56950.725727] AICWFDBG(LOGDEBUG)\x09scan channel:153(5765) \x0d
[56950.725749] AICWFDBG(LOGDEBUG)\x09scan channel:157(5785) \x0d
[56950.725780] AICWFDBG(LOGDEBUG)\x09scan channel:161(5805) \x0d
[56950.725803] AICWFDBG(LOGDEBUG)\x09scan channel:165(5825) \x0d
[56950.725841] AICWFDBG(LOGTRACE)\x09rwnx_send_msg (4105)SCANU_START_CFM_ADDTIONAL reqcfm:1 in_irq:0 in_softirq:0 in_atomic:0\x0d
[56950.725878] AICWFDBG(LOGTRACE)\x09rwnx_cmd_malloc get cmd_array[0]:00000000f100465a \x0d
[56950.726872] AICWFDBG(LOGDEBUG)\x09rwnx_rx_handle_msg msg->id:0x1009 \x0d
[56950.727017] AICWFDBG(LOGTRACE)\x09rwnx_cmd_free cmd_array[0]:00000000f100465a \x0d
[56950.728346] init: processing action (sys.usb.config=adb && sys.usb.configfs=1 && sys.usb.ffs.ready=1) from (/system/etc/init/hw/init.usb.configfs.rc:21)
[56950.732199] init: Command 'symlink /config/usb_gadget/g1/functions/ffs.adb /config/usb_gadget/g1/configs/b.1/f1' action=sys.usb.config=adb && sys.usb.configfs=1 && sys.usb.ffs.ready=1 (/system/etc/init/hw/init.usb.configfs.rc:23) took 1ms and failed: symlink() failed: File exists
[56950.732945] init: Command 'write /config/usb_gadget/g1/UDC ${sys.usb.controller}' action=sys.usb.config=adb && sys.usb.configfs=1 && sys.usb.ffs.ready=1 (/system/etc/init/hw/init.usb.configfs.rc:24) took 0ms and failed: property 'sys.usb.controller' doesn't exist while expanding '${sys.usb.controller}'
[56950.763251] AICWFDBG(LOGDEBUG)\x09rwnx_rx_handle_msg msg->id:0x1004 \x0d
[56950.778704] AICWFDBG(LOGDEBUG)\x09rwnx_rx_handle_msg msg->id:0x1004 \x0d
[56950.781872] AICWFDBG(LOGDEBUG)\x09rwnx_rx_handle_msg msg->id:0x4f \x0d
[56950.788916] AICWFDBG(LOGDEBUG)\x09rwnx_rx_handle_msg msg->id:0x1004 \x0d
[56950.816944] AICWFDBG(LOGDEBUG)\x09rwnx_rx_handle_msg msg->id:0x4f \x0d
[56950.823893] AICWFDBG(LOGDEBUG)\x09rwnx_rx_handle_msg msg->id:0x1004 \x0d
[56950.832045] AICWFDBG(LOGDEBUG)\x09rwnx_rx_handle_msg msg->id:0x1004 \x0d
[56950.839973] AICWFDBG(LOGDEBUG)\x09rwnx_rx_handle_msg msg->id:0x1004 \x0d
[56950.851979] AICWFDBG(LOGDEBUG)\x09rwnx_rx_handle_msg msg->id:0x4f \x0d
[56950.887004] AICWFDBG(LOGDEBUG)\x09rwnx_rx_handle_msg msg->id:0x4f \x0d
[56950.922028] AICWFDBG(LOGDEBUG)\x09rwnx_rx_handle_msg msg->id:0x4f \x0d
[56950.977085] AICWFDBG(LOGDEBUG)\x09rwnx_rx_handle_msg msg->id:0x4f \x0d
[56951.011936] AICWFDBG(LOGDEBUG)\x09rwnx_rx_handle_msg msg->id:0x4f \x0d
[56951.038551] AICWFDBG(LOGDEBUG)\x09rwnx_rx_handle_msg msg->id:0x1004 \x0d
[56951.046967] AICWFDBG(LOGDEBUG)\x09rwnx_rx_handle_msg msg->id:0x4f \x0d
[56951.051808] AICWFDBG(LOGDEBUG)\x09rwnx_rx_handle_msg msg->id:0x1004 \x0d
[56951.052394] AICWFDBG(LOGDEBUG)\x09rwnx_rx_handle_msg msg->id:0x1004 \x0d
[56951.058548] AICWFDBG(LOGDEBUG)\x09rwnx_rx_handle_msg msg->id:0x1004 \x0d
[56951.062506] AICWFDBG(LOGDEBUG)\x09rwnx_rx_handle_msg msg->id:0x1004 \x0d
[56951.081966] AICWFDBG(LOGDEBUG)\x09rwnx_rx_handle_msg msg->id:0x4f \x0d
[56951.117216] AICWFDBG(LOGDEBUG)\x09rwnx_rx_handle_msg msg->id:0x4f \x0d
[56951.121949] AICWFDBG(LOGDEBUG)\x09rwnx_rx_handle_msg msg->id:0x1004 \x0d
[56951.158939] AICWFDBG(LOGDEBUG)\x09rwnx_rx_handle_msg msg->id:0x1004 \x0d
[56951.172122] AICWFDBG(LOGDEBUG)\x09rwnx_rx_handle_msg msg->id:0x4f \x0d
[56951.207138] AICWFDBG(LOGDEBUG)\x09rwnx_rx_handle_msg msg->id:0x4f \x0d
[56951.262176] AICWFDBG(LOGDEBUG)\x09rwnx_rx_handle_msg msg->id:0x4f \x0d
[56951.263333] AICWFDBG(LOGDEBUG)\x09rwnx_rx_handle_msg msg->id:0x1004 \x0d
[56951.263890] AICWFDBG(LOGDEBUG)\x09rwnx_rx_handle_msg msg->id:0x1004 \x0d
[56951.317250] AICWFDBG(LOGDEBUG)\x09rwnx_rx_handle_msg msg->id:0x4f \x0d
[56951.352232] AICWFDBG(LOGDEBUG)\x09rwnx_rx_handle_msg msg->id:0x4f \x0d
[56951.407257] AICWFDBG(LOGDEBUG)\x09rwnx_rx_handle_msg msg->id:0x4f \x0d
[56951.409440] AICWFDBG(LOGDEBUG)\x09rwnx_rx_handle_msg msg->id:0x1004 \x0d
[56951.442268] AICWFDBG(LOGDEBUG)\x09rwnx_rx_handle_msg msg->id:0x4f \x0d
[56951.477332] AICWFDBG(LOGDEBUG)\x09rwnx_rx_handle_msg msg->id:0x4f \x0d
[56951.512300] AICWFDBG(LOGDEBUG)\x09rwnx_rx_handle_msg msg->id:0x4f \x0d
[56951.547349] AICWFDBG(LOGDEBUG)\x09rwnx_rx_handle_msg msg->id:0x4f \x0d
[56951.582414] AICWFDBG(LOGDEBUG)\x09rwnx_rx_handle_msg msg->id:0x4f \x0d
[56951.617258] AICWFDBG(LOGDEBUG)\x09rwnx_rx_handle_msg msg->id:0x4f \x0d
[56951.672424] AICWFDBG(LOGDEBUG)\x09rwnx_rx_handle_msg msg->id:0x4f \x0d
[56951.727411] AICWFDBG(LOGDEBUG)\x09rwnx_rx_handle_msg msg->id:0x4f \x0d
[56951.771687] read descriptors
[56951.771802] read strings
[56951.773727] init: processing action (sys.usb.config=adb && sys.usb.configfs=1 && sys.usb.ffs.ready=1) from (/system/etc/init/hw/init.usb.configfs.rc:21)
[56951.777724] init: Command 'symlink /config/usb_gadget/g1/functions/ffs.adb /config/usb_gadget/g1/configs/b.1/f1' action=sys.usb.config=adb && sys.usb.configfs=1 && sys.usb.ffs.ready=1 (/system/etc/init/hw/init.usb.configfs.rc:23) took 1ms and failed: symlink() failed: File exists
[56951.778410] init: Command 'write /config/usb_gadget/g1/UDC ${sys.usb.controller}' action=sys.usb.config=adb && sys.usb.configfs=1 && sys.usb.ffs.ready=1 (/system/etc/init/hw/init.usb.configfs.rc:24) took 0ms and failed: property 'sys.usb.controller' doesn't exist while expanding '${sys.usb.controller}'
[56951.782454] AICWFDBG(LOGDEBUG)\x09rwnx_rx_handle_msg msg->id:0x4f \x0d
[56951.817458] AICWFDBG(LOGDEBUG)\x09rwnx_rx_handle_msg msg->id:0x4f \x0d
[56951.817633] AICWFDBG(LOGDEBUG)\x09rwnx_rx_handle_msg msg->id:0x1001 \x0d
[56951.817672] AICWFDBG(LOGTRACE)\x09>>> rwnx_rx_scanu_start_cfm()
[56952.824828] read descriptors
[56952.824893] read strings
[56952.826007] init: processing action (sys.usb.config=adb && sys.usb.configfs=1 && sys.usb.ffs.ready=1) from (/system/etc/init/hw/init.usb.configfs.rc:21)
[56953.871836] read descriptors
[56953.871943] read strings
[56954.921840] read descriptors
[56954.921961] read strings
[56954.923944] init: processing action (sys.usb.config=adb && sys.usb.configfs=1 && sys.usb.ffs.ready=1) from (/system/etc/init/hw/init.usb.configfs.rc:21)
[56954.927962] init: Command 'symlink /config/usb_gadget/g1/functions/ffs.adb /config/usb_gadget/g1/configs/b.1/f1' action=sys.usb.config=adb && sys.usb.configfs=1 && sys.usb.ffs.ready=1 (/system/etc/init/hw/init.usb.configfs.rc:23) took 1ms and failed: symlink() failed: File exists
[56954.928594] init: Command 'write /config/usb_gadget/g1/UDC ${sys.usb.controller}' action=sys.usb.config=adb && sys.usb.configfs=1 && sys.usb.ffs.ready=1 (/system/etc/init/hw/init.usb.configfs.rc:24) took 0ms and failed: property 'sys.usb.controller' doesn't exist while expanding '${sys.usb.controller}'
[56955.971806] read descriptors
[56955.971922] read strings
[56955.973969] init: processing action (sys.usb.config=adb && sys.usb.configfs=1 && sys.usb.ffs.ready=1) from (/system/etc/init/hw/init.usb.configfs.rc:21)
[56955.977958] init: Command 'symlink /config/usb_gadget/g1/functions/ffs.adb /config/usb_gadget/g1/configs/b.1/f1' action=sys.usb.config=adb && sys.usb.configfs=1 && sys.usb.ffs.ready=1 (/system/etc/init/hw/init.usb.configfs.rc:23) took 1ms and failed: symlink() failed: File exists
[56955.978641] init: Command 'write /config/usb_gadget/g1/UDC ${sys.usb.controller}' action=sys.usb.config=adb && sys.usb.configfs=1 && sys.usb.ffs.ready=1 (/system/etc/init/hw/init.usb.configfs.rc:24) took 0ms and failed: property 'sys.usb.controller' doesn't exist while expanding '${sys.usb.controller}'
[56957.025169] read descriptors
[56957.025272] read strings
[56957.027360] init: processing action (sys.usb.config=adb && sys.usb.configfs=1 && sys.usb.ffs.ready=1) from (/system/etc/init/hw/init.usb.configfs.rc:21)
[56957.031195] init: Command 'symlink /config/usb_gadget/g1/functions/ffs.adb /config/usb_gadget/g1/configs/b.1/f1' action=sys.usb.config=adb && sys.usb.configfs=1 && sys.usb.ffs.ready=1 (/system/etc/init/hw/init.usb.configfs.rc:23) took 1ms and failed: symlink() failed: File exists
[56957.031887] init: Command 'write /config/usb_gadget/g1/UDC ${sys.usb.controller}' action=sys.usb.config=adb && sys.usb.configfs=1 && sys.usb.ffs.ready=1 (/system/etc/init/hw/init.usb.configfs.rc:24) took 0ms and failed: property 'sys.usb.controller' doesn't exist while expanding '${sys.usb.controller}'
[56958.101851] read descriptors
[56958.101967] read strings
[56958.103851] init: processing action (sys.usb.config=adb && sys.usb.configfs=1 && sys.usb.ffs.ready=1) from (/system/etc/init/hw/init.usb.configfs.rc:21)
[56959.191870] read descriptors
[56959.191982] read strings
[56960.255213] read descriptors
[56960.255323] read strings
[56960.257368] init: processing action (sys.usb.config=adb && sys.usb.configfs=1 && sys.usb.ffs.ready=1) from (/system/etc/init/hw/init.usb.configfs.rc:21)
[56960.261420] init: Command 'symlink /config/usb_gadget/g1/functions/ffs.adb /config/usb_gadget/g1/configs/b.1/f1' action=sys.usb.config=adb && sys.usb.configfs=1 && sys.usb.ffs.ready=1 (/system/etc/init/hw/init.usb.configfs.rc:23) took 1ms and failed: symlink() failed: File exists
[56960.262105] init: Command 'write /config/usb_gadget/g1/UDC ${sys.usb.controller}' action=sys.usb.config=adb && sys.usb.configfs=1 && sys.usb.ffs.ready=1 (/system/etc/init/hw/init.usb.configfs.rc:24) took 0ms and failed: property 'sys.usb.controller' doesn't exist while expanding '${sys.usb.controller}'
[56960.728668] AICWFDBG(LOGTRACE)\x09>>> rwnx_cfg80211_scan()
[56960.728716] AICWFDBG(LOGTRACE)\x09>>> rwnx_send_scanu_req()
[56960.728731] AICWFDBG(LOGDEBUG)\x09scan channel:1(2412) \x0d
[56960.728740] AICWFDBG(LOGDEBUG)\x09scan channel:2(2417) \x0d
[56960.728749] AICWFDBG(LOGDEBUG)\x09scan channel:3(2422) \x0d
[56960.728758] AICWFDBG(LOGDEBUG)\x09scan channel:4(2427) \x0d
[56960.728767] AICWFDBG(LOGDEBUG)\x09scan channel:5(2432) \x0d
[56960.728777] AICWFDBG(LOGDEBUG)\x09scan channel:6(2437) \x0d
[56960.728785] AICWFDBG(LOGDEBUG)\x09scan channel:7(2442) \x0d
[56960.728794] AICWFDBG(LOGDEBUG)\x09scan channel:8(2447) \x0d
[56960.728804] AICWFDBG(LOGDEBUG)\x09scan channel:9(2452) \x0d
[56960.728813] AICWFDBG(LOGDEBUG)\x09scan channel:10(2457) \x0d
[56960.728822] AICWFDBG(LOGDEBUG)\x09scan channel:11(2462) \x0d
[56960.728831] AICWFDBG(LOGDEBUG)\x09scan channel:12(2467) \x0d
[56960.728841] AICWFDBG(LOGDEBUG)\x09scan channel:13(2472) \x0d
[56960.728849] AICWFDBG(LOGDEBUG)\x09scan channel:36(5180) \x0d
[56960.728857] AICWFDBG(LOGDEBUG)\x09scan channel:40(5200) \x0d
[56960.728866] AICWFDBG(LOGDEBUG)\x09scan channel:44(5220) \x0d
[56960.728874] AICWFDBG(LOGDEBUG)\x09scan channel:48(5240) \x0d
[56960.728883] AICWFDBG(LOGDEBUG)\x09scan channel:52(5260) \x0d
[56960.728891] AICWFDBG(LOGDEBUG)\x09scan channel:56(5280) \x0d
[56960.728900] AICWFDBG(LOGDEBUG)\x09scan channel:60(5300) \x0d
[56960.728908] AICWFDBG(LOGDEBUG)\x09scan channel:64(5320) \x0d
[56960.728917] AICWFDBG(LOGDEBUG)\x09scan channel:149(5745) \x0d
[56960.728925] AICWFDBG(LOGDEBUG)\x09scan channel:153(5765) \x0d
[56960.728933] AICWFDBG(LOGDEBUG)\x09scan channel:157(5785) \x0d
[56960.728941] AICWFDBG(LOGDEBUG)\x09scan channel:161(5805) \x0d
[56960.728950] AICWFDBG(LOGDEBUG)\x09scan channel:165(5825) \x0d
[56960.728962] AICWFDBG(LOGTRACE)\x09rwnx_send_msg (4105)SCANU_START_CFM_ADDTIONAL reqcfm:1 in_irq:0 in_softirq:0 in_atomic:0\x0d
[56960.728979] AICWFDBG(LOGTRACE)\x09rwnx_cmd_malloc get cmd_array[0]:00000000f100465a \x0d
[56960.729502] AICWFDBG(LOGDEBUG)\x09rwnx_rx_handle_msg msg->id:0x1009 \x0d
[56960.729546] AICWFDBG(LOGTRACE)\x09rwnx_cmd_free cmd_array[0]:00000000f100465a \x0d
[56960.744239] AICWFDBG(LOGDEBUG)\x09rwnx_rx_handle_msg msg->id:0x1004 \x0d
[56960.750886] AICWFDBG(LOGDEBUG)\x09rwnx_rx_handle_msg msg->id:0x1004 \x0d
[56960.781577] AICWFDBG(LOGDEBUG)\x09rwnx_rx_handle_msg msg->id:0x1004 \x0d
[56960.784618] AICWFDBG(LOGDEBUG)\x09rwnx_rx_handle_msg msg->id:0x4f \x0d
[56960.791669] AICWFDBG(LOGDEBUG)\x09rwnx_rx_handle_msg msg->id:0x1004 \x0d
[56960.798367] AICWFDBG(LOGDEBUG)\x09rwnx_rx_handle_msg msg->id:0x1004 \x0d
[56960.810019] AICWFDBG(LOGDEBUG)\x09rwnx_rx_handle_msg msg->id:0x1004 \x0d
[56960.820052] AICWFDBG(LOGDEBUG)\x09rwnx_rx_handle_msg msg->id:0x4f \x0d
[56960.820375] AICWFDBG(LOGDEBUG)\x09rwnx_rx_handle_msg msg->id:0x1004 \x0d
[56960.826915] AICWFDBG(LOGDEBUG)\x09rwnx_rx_handle_msg msg->id:0x1004 \x0d
[56960.855069] AICWFDBG(LOGDEBUG)\x09rwnx_rx_handle_msg msg->id:0x4f \x0d
[56960.866979] AICWFDBG(LOGDEBUG)\x09rwnx_rx_handle_msg msg->id:0x1004 \x0d
[56960.890093] AICWFDBG(LOGDEBUG)\x09rwnx_rx_handle_msg msg->id:0x4f \x0d
[56960.925097] AICWFDBG(LOGDEBUG)\x09rwnx_rx_handle_msg msg->id:0x4f \x0d
[56960.980137] AICWFDBG(LOGDEBUG)\x09rwnx_rx_handle_msg msg->id:0x4f \x0d
[56961.017593] AICWFDBG(LOGDEBUG)\x09rwnx_rx_handle_msg msg->id:0x4f \x0d
[56961.053727] AICWFDBG(LOGDEBUG)\x09rwnx_rx_handle_msg msg->id:0x4f \x0d
[56961.058851] AICWFDBG(LOGDEBUG)\x09rwnx_rx_handle_msg msg->id:0x1004 \x0d
[56961.060429] AICWFDBG(LOGDEBUG)\x09rwnx_rx_handle_msg msg->id:0x1004 \x0d
[56961.069515] AICWFDBG(LOGDEBUG)\x09rwnx_rx_handle_msg msg->id:0x1004 \x0d
[56961.088699] AICWFDBG(LOGDEBUG)\x09rwnx_rx_handle_msg msg->id:0x4f \x0d
[56961.123764] AICWFDBG(LOGDEBUG)\x09rwnx_rx_handle_msg msg->id:0x4f \x0d
[56961.178696] AICWFDBG(LOGDEBUG)\x09rwnx_rx_handle_msg msg->id:0x4f \x0d
[56961.213805] AICWFDBG(LOGDEBUG)\x09rwnx_rx_handle_msg msg->id:0x4f \x0d
[56961.268790] AICWFDBG(LOGDEBUG)\x09rwnx_rx_handle_msg msg->id:0x4f \x0d
[56961.270831] AICWFDBG(LOGDEBUG)\x09rwnx_rx_handle_msg msg->id:0x1004 \x0d
[56961.298474] AICWFDBG(LOGDEBUG)\x09rwnx_rx_handle_msg msg->id:0x1004 \x0d
[56961.315155] read descriptors
[56961.315278] read strings
[56961.317329] init: processing action (sys.usb.config=adb && sys.usb.configfs=1 && sys.usb.ffs.ready=1) from (/system/etc/init/hw/init.usb.configfs.rc:21)
[56961.321276] init: Command 'symlink /config/usb_gadget/g1/functions/ffs.adb /config/usb_gadget/g1/configs/b.1/f1' action=sys.usb.config=adb && sys.usb.configfs=1 && sys.usb.ffs.ready=1 (/system/etc/init/hw/init.usb.configfs.rc:23) took 1ms and failed: symlink() failed: File exists
[56961.321965] init: Command 'write /config/usb_gadget/g1/UDC ${sys.usb.controller}' action=sys.usb.config=adb && sys.usb.configfs=1 && sys.usb.ffs.ready=1 (/system/etc/init/hw/init.usb.configfs.rc:24) took 0ms and failed: property 'sys.usb.controller' doesn't exist while expanding '${sys.usb.controller}'
[56961.323917] AICWFDBG(LOGDEBUG)\x09rwnx_rx_handle_msg msg->id:0x4f \x0d
[56961.358894] AICWFDBG(LOGDEBUG)\x09rwnx_rx_handle_msg msg->id:0x4f \x0d
[56961.413920] AICWFDBG(LOGDEBUG)\x09rwnx_rx_handle_msg msg->id:0x4f \x0d
[56961.416076] AICWFDBG(LOGDEBUG)\x09rwnx_rx_handle_msg msg->id:0x1004 \x0d
[56961.448888] AICWFDBG(LOGDEBUG)\x09rwnx_rx_handle_msg msg->id:0x4f \x0d
[56961.483940] AICWFDBG(LOGDEBUG)\x09rwnx_rx_handle_msg msg->id:0x4f \x0d
[56961.518957] AICWFDBG(LOGDEBUG)\x09rwnx_rx_handle_msg msg->id:0x4f \x0d
[56961.554028] AICWFDBG(LOGDEBUG)\x09rwnx_rx_handle_msg msg->id:0x4f \x0d
[56961.588970] AICWFDBG(LOGDEBUG)\x09rwnx_rx_handle_msg msg->id:0x4f \x0d
[56961.624029] AICWFDBG(LOGDEBUG)\x09rwnx_rx_handle_msg msg->id:0x4f \x0d
[56961.679060] AICWFDBG(LOGDEBUG)\x09rwnx_rx_handle_msg msg->id:0x4f \x0d
[56961.733973] AICWFDBG(LOGDEBUG)\x09rwnx_rx_handle_msg msg->id:0x4f \x0d
[56961.789064] AICWFDBG(LOGDEBUG)\x09rwnx_rx_handle_msg msg->id:0x4f \x0d
[56961.824104] AICWFDBG(LOGDEBUG)\x09rwnx_rx_handle_msg msg->id:0x4f \x0d
[56961.824244] AICWFDBG(LOGDEBUG)\x09rwnx_rx_handle_msg msg->id:0x1001 \x0d
[56961.824282] AICWFDBG(LOGTRACE)\x09>>> rwnx_rx_scanu_start_cfm()
[56962.364727] read descriptors
[56962.364796] read strings
[56962.365911] init: processing action (sys.usb.config=adb && sys.usb.configfs=1 && sys.usb.ffs.ready=1) from (/system/etc/init/hw/init.usb.configfs.rc:21)
[56962.368004] init: Command 'symlink /config/usb_gadget/g1/functions/ffs.adb /config/usb_gadget/g1/configs/b.1/f1' action=sys.usb.config=adb && sys.usb.configfs=1 && sys.usb.ffs.ready=1 (/system/etc/init/hw/init.usb.configfs.rc:23) took 0ms and failed: symlink() failed: File exists
[56962.368395] init: Command 'write /config/usb_gadget/g1/UDC ${sys.usb.controller}' action=sys.usb.config=adb && sys.usb.configfs=1 && sys.usb.ffs.ready=1 (/system/etc/init/hw/init.usb.configfs.rc:24) took 0ms and failed: property 'sys.usb.controller' doesn't exist while expanding '${sys.usb.controller}'
[56963.414761] read descriptors
[56963.414823] read strings
[56963.416009] init: processing action (sys.usb.config=adb && sys.usb.configfs=1 && sys.usb.ffs.ready=1) from (/system/etc/init/hw/init.usb.configfs.rc:21)
[56964.458516] read descriptors
[56964.458672] read strings
[56965.538484] read descriptors
[56965.538602] read strings
[56965.540586] init: processing action (sys.usb.config=adb && sys.usb.configfs=1 && sys.usb.ffs.ready=1) from (/system/etc/init/hw/init.usb.configfs.rc:21)
[56965.544820] init: Command 'symlink /config/usb_gadget/g1/functions/ffs.adb /config/usb_gadget/g1/configs/b.1/f1' action=sys.usb.config=adb && sys.usb.configfs=1 && sys.usb.ffs.ready=1 (/system/etc/init/hw/init.usb.configfs.rc:23) took 1ms and failed: symlink() failed: File exists
[56965.545466] init: Command 'write /config/usb_gadget/g1/UDC ${sys.usb.controller}' action=sys.usb.config=adb && sys.usb.configfs=1 && sys.usb.ffs.ready=1 (/system/etc/init/hw/init.usb.configfs.rc:24) took 0ms and failed: property 'sys.usb.controller' doesn't exist while expanding '${sys.usb.controller}'
[56966.591862] read descriptors
[56966.591982] read strings
[56966.594127] init: processing action (sys.usb.config=adb && sys.usb.configfs=1 && sys.usb.ffs.ready=1) from (/system/etc/init/hw/init.usb.configfs.rc:21)
[56966.598089] init: Command 'symlink /config/usb_gadget/g1/functions/ffs.adb /config/usb_gadget/g1/configs/b.1/f1' action=sys.usb.config=adb && sys.usb.configfs=1 && sys.usb.ffs.ready=1 (/system/etc/init/hw/init.usb.configfs.rc:23) took 1ms and failed: symlink() failed: File exists
[56966.598760] init: Command 'write /config/usb_gadget/g1/UDC ${sys.usb.controller}' action=sys.usb.config=adb && sys.usb.configfs=1 && sys.usb.ffs.ready=1 (/system/etc/init/hw/init.usb.configfs.rc:24) took 0ms and failed: property 'sys.usb.controller' doesn't exist while expanding '${sys.usb.controller}'
[56967.635061] read descriptors
[56967.635176] read strings
[56967.637414] init: processing action (sys.usb.config=adb && sys.usb.configfs=1 && sys.usb.ffs.ready=1) from (/system/etc/init/hw/init.usb.configfs.rc:21)
[56967.641582] init: Command 'symlink /config/usb_gadget/g1/functions/ffs.adb /config/usb_gadget/g1/configs/b.1/f1' action=sys.usb.config=adb && sys.usb.configfs=1 && sys.usb.ffs.ready=1 (/system/etc/init/hw/init.usb.configfs.rc:23) took 1ms and failed: symlink() failed: File exists
[56967.642413] init: Command 'write /config/usb_gadget/g1/UDC ${sys.usb.controller}' action=sys.usb.config=adb && sys.usb.configfs=1 && sys.usb.ffs.ready=1 (/system/etc/init/hw/init.usb.configfs.rc:24) took 0ms and failed: property 'sys.usb.controller' doesn't exist while expanding '${sys.usb.controller}'
[56968.695072] read descriptors
[56968.695185] read strings
[56968.697207] init: processing action (sys.usb.config=adb && sys.usb.configfs=1 && sys.usb.ffs.ready=1) from (/system/etc/init/hw/init.usb.configfs.rc:21)
[56969.735076] read descriptors
[56969.735196] read strings
[56970.714404] AICWFDBG(LOGTRACE)\x09>>> rwnx_cfg80211_scan()
[56970.714464] AICWFDBG(LOGTRACE)\x09>>> rwnx_send_scanu_req()
[56970.714481] AICWFDBG(LOGDEBUG)\x09scan channel:1(2412) \x0d
[56970.714492] AICWFDBG(LOGDEBUG)\x09scan channel:2(2417) \x0d
[56970.714506] AICWFDBG(LOGDEBUG)\x09scan channel:3(2422) \x0d
[56970.714515] AICWFDBG(LOGDEBUG)\x09scan channel:4(2427) \x0d
[56970.714523] AICWFDBG(LOGDEBUG)\x09scan channel:5(2432) \x0d
[56970.714532] AICWFDBG(LOGDEBUG)\x09scan channel:6(2437) \x0d
[56970.714540] AICWFDBG(LOGDEBUG)\x09scan channel:7(2442) \x0d
[56970.714549] AICWFDBG(LOGDEBUG)\x09scan channel:8(2447) \x0d
[56970.714558] AICWFDBG(LOGDEBUG)\x09scan channel:9(2452) \x0d
[56970.714573] AICWFDBG(LOGDEBUG)\x09scan channel:10(2457) \x0d
[56970.714582] AICWFDBG(LOGDEBUG)\x09scan channel:11(2462) \x0d
[56970.714590] AICWFDBG(LOGDEBUG)\x09scan channel:12(2467) \x0d
[56970.714599] AICWFDBG(LOGDEBUG)\x09scan channel:13(2472) \x0d
[56970.714607] AICWFDBG(LOGDEBUG)\x09scan channel:36(5180) \x0d
[56970.714615] AICWFDBG(LOGDEBUG)\x09scan channel:40(5200) \x0d
[56970.714633] AICWFDBG(LOGDEBUG)\x09scan channel:44(5220) \x0d
[56970.714641] AICWFDBG(LOGDEBUG)\x09scan channel:48(5240) \x0d
[56970.714649] AICWFDBG(LOGDEBUG)\x09scan channel:52(5260) \x0d
[56970.714658] AICWFDBG(LOGDEBUG)\x09scan channel:56(5280) \x0d
[56970.714666] AICWFDBG(LOGDEBUG)\x09scan channel:60(5300) \x0d
[56970.714675] AICWFDBG(LOGDEBUG)\x09scan channel:64(5320) \x0d
[56970.714683] AICWFDBG(LOGDEBUG)\x09scan channel:149(5745) \x0d
[56970.714701] AICWFDBG(LOGDEBUG)\x09scan channel:153(5765) \x0d
[56970.714710] AICWFDBG(LOGDEBUG)\x09scan channel:157(5785) \x0d
[56970.714718] AICWFDBG(LOGDEBUG)\x09scan channel:161(5805) \x0d
[56970.714726] AICWFDBG(LOGDEBUG)\x09scan channel:165(5825) \x0d
[56970.714739] AICWFDBG(LOGTRACE)\x09rwnx_send_msg (4105)SCANU_START_CFM_ADDTIONAL reqcfm:1 in_irq:0 in_softirq:0 in_atomic:0\x0d
[56970.714763] AICWFDBG(LOGTRACE)\x09rwnx_cmd_malloc get cmd_array[0]:00000000f100465a \x0d
[56970.715448] AICWFDBG(LOGDEBUG)\x09rwnx_rx_handle_msg msg->id:0x1009 \x0d
[56970.715570] AICWFDBG(LOGTRACE)\x09rwnx_cmd_free cmd_array[0]:00000000f100465a \x0d
[56970.748022] AICWFDBG(LOGDEBUG)\x09rwnx_rx_handle_msg msg->id:0x1004 \x0d
[56970.749805] AICWFDBG(LOGDEBUG)\x09rwnx_rx_handle_msg msg->id:0x1004 \x0d
[56970.770414] AICWFDBG(LOGDEBUG)\x09rwnx_rx_handle_msg msg->id:0x4f \x0d
[56970.777270] AICWFDBG(LOGDEBUG)\x09rwnx_rx_handle_msg msg->id:0x1004 \x0d
[56970.785186] read descriptors
[56970.785305] read strings
[56970.787349] init: processing action (sys.usb.config=adb && sys.usb.configfs=1 && sys.usb.ffs.ready=1) from (/system/etc/init/hw/init.usb.configfs.rc:21)
[56970.791098] init: Command 'symlink /config/usb_gadget/g1/functions/ffs.adb /config/usb_gadget/g1/configs/b.1/f1' action=sys.usb.config=adb && sys.usb.configfs=1 && sys.usb.ffs.ready=1 (/system/etc/init/hw/init.usb.configfs.rc:23) took 1ms and failed: symlink() failed: File exists
[56970.791800] init: Command 'write /config/usb_gadget/g1/UDC ${sys.usb.controller}' action=sys.usb.config=adb && sys.usb.configfs=1 && sys.usb.ffs.ready=1 (/system/etc/init/hw/init.usb.configfs.rc:24) took 0ms and failed: property 'sys.usb.controller' doesn't exist while expanding '${sys.usb.controller}'
[56970.799612] AICWFDBG(LOGDEBUG)\x09rwnx_rx_handle_msg msg->id:0x1004 \x0d
[56970.807643] AICWFDBG(LOGDEBUG)\x09rwnx_rx_handle_msg msg->id:0x4f \x0d
[56970.808033] AICWFDBG(LOGDEBUG)\x09rwnx_rx_handle_msg msg->id:0x1004 \x0d
[56970.818620] AICWFDBG(LOGDEBUG)\x09rwnx_rx_handle_msg msg->id:0x1004 \x0d
[56970.842541] AICWFDBG(LOGDEBUG)\x09rwnx_rx_handle_msg msg->id:0x4f \x0d
[56970.877642] AICWFDBG(LOGDEBUG)\x09rwnx_rx_handle_msg msg->id:0x4f \x0d
[56970.912600] AICWFDBG(LOGDEBUG)\x09rwnx_rx_handle_msg msg->id:0x4f \x0d
[56970.967642] AICWFDBG(LOGDEBUG)\x09rwnx_rx_handle_msg msg->id:0x4f \x0d
[56971.002634] AICWFDBG(LOGDEBUG)\x09rwnx_rx_handle_msg msg->id:0x4f \x0d
[56971.037675] AICWFDBG(LOGDEBUG)\x09rwnx_rx_handle_msg msg->id:0x4f \x0d
[56971.040288] AICWFDBG(LOGDEBUG)\x09rwnx_rx_handle_msg msg->id:0x1004 \x0d
[56971.040830] AICWFDBG(LOGDEBUG)\x09rwnx_rx_handle_msg msg->id:0x1004 \x0d
[56971.072673] AICWFDBG(LOGDEBUG)\x09rwnx_rx_handle_msg msg->id:0x4f \x0d
[56971.107732] AICWFDBG(LOGDEBUG)\x09rwnx_rx_handle_msg msg->id:0x4f \x0d
[56971.162811] AICWFDBG(LOGDEBUG)\x09rwnx_rx_handle_msg msg->id:0x4f \x0d
[56971.197758] AICWFDBG(LOGDEBUG)\x09rwnx_rx_handle_msg msg->id:0x4f \x0d
[56971.252792] AICWFDBG(LOGDEBUG)\x09rwnx_rx_handle_msg msg->id:0x4f \x0d
[56971.254755] AICWFDBG(LOGDEBUG)\x09rwnx_rx_handle_msg msg->id:0x1004 \x0d
[56971.307692] AICWFDBG(LOGDEBUG)\x09rwnx_rx_handle_msg msg->id:0x4f \x0d
[56971.342860] AICWFDBG(LOGDEBUG)\x09rwnx_rx_handle_msg msg->id:0x4f \x0d
[56971.397857] AICWFDBG(LOGDEBUG)\x09rwnx_rx_handle_msg msg->id:0x4f \x0d
[56971.399965] AICWFDBG(LOGDEBUG)\x09rwnx_rx_handle_msg msg->id:0x1004 \x0d
[56971.418778] AICWFDBG(LOGDEBUG)\x09rwnx_rx_handle_msg msg->id:0x1004 \x0d
[56971.419448] AICWFDBG(LOGDEBUG)\x09rwnx_rx_handle_msg msg->id:0x1004 \x0d
[56971.432858] AICWFDBG(LOGDEBUG)\x09rwnx_rx_handle_msg msg->id:0x4f \x0d
[56971.467866] AICWFDBG(LOGDEBUG)\x09rwnx_rx_handle_msg msg->id:0x4f \x0d
[56971.502924] AICWFDBG(LOGDEBUG)\x09rwnx_rx_handle_msg msg->id:0x4f \x0d
[56971.537949] AICWFDBG(LOGDEBUG)\x09rwnx_rx_handle_msg msg->id:0x4f \x0d
[56971.572942] AICWFDBG(LOGDEBUG)\x09rwnx_rx_handle_msg msg->id:0x4f \x0d
[56971.601818] AICWFDBG(LOGDEBUG)\x09rwnx_rx_handle_msg msg->id:0x1004 \x0d
[56971.607927] AICWFDBG(LOGDEBUG)\x09rwnx_rx_handle_msg msg->id:0x4f \x0d
[56971.663003] AICWFDBG(LOGDEBUG)\x09rwnx_rx_handle_msg msg->id:0x4f \x0d
[56971.718000] AICWFDBG(LOGDEBUG)\x09rwnx_rx_handle_msg msg->id:0x4f \x0d
[56971.773028] AICWFDBG(LOGDEBUG)\x09rwnx_rx_handle_msg msg->id:0x4f \x0d
[56971.808058] AICWFDBG(LOGDEBUG)\x09rwnx_rx_handle_msg msg->id:0x4f \x0d
[56971.808257] AICWFDBG(LOGDEBUG)\x09rwnx_rx_handle_msg msg->id:0x1001 \x0d
[56971.808294] AICWFDBG(LOGTRACE)\x09>>> rwnx_rx_scanu_start_cfm()
[56971.831919] read descriptors
[56971.832045] read strings
[56971.834922] init: processing action (sys.usb.config=adb && sys.usb.configfs=1 && sys.usb.ffs.ready=1) from (/system/etc/init/hw/init.usb.configfs.rc:21)
[56971.837157] init: Command 'symlink /config/usb_gadget/g1/functions/ffs.adb /config/usb_gadget/g1/configs/b.1/f1' action=sys.usb.config=adb && sys.usb.configfs=1 && sys.usb.ffs.ready=1 (/system/etc/init/hw/init.usb.configfs.rc:23) took 0ms and failed: symlink() failed: File exists
[56971.837713] init: Command 'write /config/usb_gadget/g1/UDC ${sys.usb.controller}' action=sys.usb.config=adb && sys.usb.configfs=1 && sys.usb.ffs.ready=1 (/system/etc/init/hw/init.usb.configfs.rc:24) took 0ms and failed: property 'sys.usb.controller' doesn't exist while expanding '${sys.usb.controller}'
[56972.891817] read descriptors
[56972.891928] read strings
[56972.893849] init: processing action (sys.usb.config=adb && sys.usb.configfs=1 && sys.usb.ffs.ready=1) from (/system/etc/init/hw/init.usb.configfs.rc:21)
[56972.897947] init: Command 'symlink /config/usb_gadget/g1/functions/ffs.adb /config/usb_gadget/g1/configs/b.1/f1' action=sys.usb.config=adb && sys.usb.configfs=1 && sys.usb.ffs.ready=1 (/system/etc/init/hw/init.usb.configfs.rc:23) took 1ms and failed: symlink() failed: File exists
[56972.898615] init: Command 'write /config/usb_gadget/g1/UDC ${sys.usb.controller}' action=sys.usb.config=adb && sys.usb.configfs=1 && sys.usb.ffs.ready=1 (/system/etc/init/hw/init.usb.configfs.rc:24) took 0ms and failed: property 'sys.usb.controller' doesn't exist while expanding '${sys.usb.controller}'
[56973.958558] read descriptors
[56973.958669] read strings
[56973.960730] init: processing action (sys.usb.config=adb && sys.usb.configfs=1 && sys.usb.ffs.ready=1) from (/system/etc/init/hw/init.usb.configfs.rc:21)
[56975.008350] read descriptors
[56975.008450] read strings
[56976.058081] read descriptors
[56976.058143] read strings
[56976.059220] init: processing action (sys.usb.config=adb && sys.usb.configfs=1 && sys.usb.ffs.ready=1) from (/system/etc/init/hw/init.usb.configfs.rc:21)
[56976.061417] init: Command 'symlink /config/usb_gadget/g1/functions/ffs.adb /config/usb_gadget/g1/configs/b.1/f1' action=sys.usb.config=adb && sys.usb.configfs=1 && sys.usb.ffs.ready=1 (/system/etc/init/hw/init.usb.configfs.rc:23) took 0ms and failed: symlink() failed: File exists
[56976.061791] init: Command 'write /config/usb_gadget/g1/UDC ${sys.usb.controller}' action=sys.usb.config=adb && sys.usb.configfs=1 && sys.usb.ffs.ready=1 (/system/etc/init/hw/init.usb.configfs.rc:24) took 0ms and failed: property 'sys.usb.controller' doesn't exist while expanding '${sys.usb.controller}'
[56977.105194] read descriptors
[56977.105309] read strings
[56977.107306] init: processing action (sys.usb.config=adb && sys.usb.configfs=1 && sys.usb.ffs.ready=1) from (/system/etc/init/hw/init.usb.configfs.rc:21)
[56977.110930] init: Command 'symlink /config/usb_gadget/g1/functions/ffs.adb /config/usb_gadget/g1/configs/b.1/f1' action=sys.usb.config=adb && sys.usb.configfs=1 && sys.usb.ffs.ready=1 (/system/etc/init/hw/init.usb.configfs.rc:23) took 1ms and failed: symlink() failed: File exists
[56977.111606] init: Command 'write /config/usb_gadget/g1/UDC ${sys.usb.controller}' action=sys.usb.config=adb && sys.usb.configfs=1 && sys.usb.ffs.ready=1 (/system/etc/init/hw/init.usb.configfs.rc:24) took 0ms and failed: property 'sys.usb.controller' doesn't exist while expanding '${sys.usb.controller}'
[56978.168311] read descriptors
[56978.168407] read strings
[56978.170230] init: processing action (sys.usb.config=adb && sys.usb.configfs=1 && sys.usb.ffs.ready=1) from (/system/etc/init/hw/init.usb.configfs.rc:21)
[56978.174260] init: Command 'symlink /config/usb_gadget/g1/functions/ffs.adb /config/usb_gadget/g1/configs/b.1/f1' action=sys.usb.config=adb && sys.usb.configfs=1 && sys.usb.ffs.ready=1 (/system/etc/init/hw/init.usb.configfs.rc:23) took 1ms and failed: symlink() failed: File exists
[56978.174959] init: Command 'write /config/usb_gadget/g1/UDC ${sys.usb.controller}' action=sys.usb.config=adb && sys.usb.configfs=1 && sys.usb.ffs.ready=1 (/system/etc/init/hw/init.usb.configfs.rc:24) took 0ms and failed: property 'sys.usb.controller' doesn't exist while expanding '${sys.usb.controller}'
[56979.231357] read descriptors
[56979.231418] read strings
[56979.232531] init: processing action (sys.usb.config=adb && sys.usb.configfs=1 && sys.usb.ffs.ready=1) from (/system/etc/init/hw/init.usb.configfs.rc:21)
[56980.281702] read descriptors
[56980.281814] read strings
[56980.736750] AICWFDBG(LOGTRACE)\x09>>> rwnx_cfg80211_scan()
[56980.736824] AICWFDBG(LOGTRACE)\x09>>> rwnx_send_scanu_req()
[56980.736853] AICWFDBG(LOGDEBUG)\x09scan channel:1(2412) \x0d
[56980.736869] AICWFDBG(LOGDEBUG)\x09scan channel:2(2417) \x0d
[56980.736885] AICWFDBG(LOGDEBUG)\x09scan channel:3(2422) \x0d
[56980.736910] AICWFDBG(LOGDEBUG)\x09scan channel:4(2427) \x0d
[56980.736925] AICWFDBG(LOGDEBUG)\x09scan channel:5(2432) \x0d
[56980.736941] AICWFDBG(LOGDEBUG)\x09scan channel:6(2437) \x0d
[56980.736957] AICWFDBG(LOGDEBUG)\x09scan channel:7(2442) \x0d
[56980.736976] AICWFDBG(LOGDEBUG)\x09scan channel:8(2447) \x0d
[56980.736991] AICWFDBG(LOGDEBUG)\x09scan channel:9(2452) \x0d
[56980.737006] AICWFDBG(LOGDEBUG)\x09scan channel:10(2457) \x0d
[56980.737022] AICWFDBG(LOGDEBUG)\x09scan channel:11(2462) \x0d
[56980.737044] AICWFDBG(LOGDEBUG)\x09scan channel:12(2467) \x0d
[56980.737059] AICWFDBG(LOGDEBUG)\x09scan channel:13(2472) \x0d
[56980.737074] AICWFDBG(LOGDEBUG)\x09scan channel:36(5180) \x0d
[56980.737094] AICWFDBG(LOGDEBUG)\x09scan channel:40(5200) \x0d
[56980.737109] AICWFDBG(LOGDEBUG)\x09scan channel:44(5220) \x0d
[56980.737125] AICWFDBG(LOGDEBUG)\x09scan channel:48(5240) \x0d
[56980.737140] AICWFDBG(LOGDEBUG)\x09scan channel:52(5260) \x0d
[56980.737161] AICWFDBG(LOGDEBUG)\x09scan channel:56(5280) \x0d
[56980.737177] AICWFDBG(LOGDEBUG)\x09scan channel:60(5300) \x0d
[56980.737192] AICWFDBG(LOGDEBUG)\x09scan channel:64(5320) \x0d
[56980.737206] AICWFDBG(LOGDEBUG)\x09scan channel:149(5745) \x0d
[56980.737232] AICWFDBG(LOGDEBUG)\x09scan channel:153(5765) \x0d
[56980.737247] AICWFDBG(LOGDEBUG)\x09scan channel:157(5785) \x0d
[56980.737262] AICWFDBG(LOGDEBUG)\x09scan channel:161(5805) \x0d
[56980.737277] AICWFDBG(LOGDEBUG)\x09scan channel:165(5825) \x0d
[56980.737301] AICWFDBG(LOGTRACE)\x09rwnx_send_msg (4105)SCANU_START_CFM_ADDTIONAL reqcfm:1 in_irq:0 in_softirq:0 in_atomic:0\x0d
[56980.737326] AICWFDBG(LOGTRACE)\x09rwnx_cmd_malloc get cmd_array[0]:00000000f100465a \x0d
[56980.738156] AICWFDBG(LOGDEBUG)\x09rwnx_rx_handle_msg msg->id:0x1009 \x0d
[56980.738328] AICWFDBG(LOGTRACE)\x09rwnx_cmd_free cmd_array[0]:00000000f100465a \x0d
[56980.793208] AICWFDBG(LOGDEBUG)\x09rwnx_rx_handle_msg msg->id:0x4f \x0d
[56980.800405] AICWFDBG(LOGDEBUG)\x09rwnx_rx_handle_msg msg->id:0x1004 \x0d
[56980.828358] AICWFDBG(LOGDEBUG)\x09rwnx_rx_handle_msg msg->id:0x4f \x0d
[56980.834540] AICWFDBG(LOGDEBUG)\x09rwnx_rx_handle_msg msg->id:0x1004 \x0d
[56980.844399] AICWFDBG(LOGDEBUG)\x09rwnx_rx_handle_msg msg->id:0x1004 \x0d
[56980.863342] AICWFDBG(LOGDEBUG)\x09rwnx_rx_handle_msg msg->id:0x4f \x0d
[56980.898342] AICWFDBG(LOGDEBUG)\x09rwnx_rx_handle_msg msg->id:0x4f \x0d
[56980.933406] AICWFDBG(LOGDEBUG)\x09rwnx_rx_handle_msg msg->id:0x4f \x0d
[56980.988477] AICWFDBG(LOGDEBUG)\x09rwnx_rx_handle_msg msg->id:0x4f \x0d
[56981.023403] AICWFDBG(LOGDEBUG)\x09rwnx_rx_handle_msg msg->id:0x4f \x0d
[56981.058441] AICWFDBG(LOGDEBUG)\x09rwnx_rx_handle_msg msg->id:0x4f \x0d
[56981.061402] AICWFDBG(LOGDEBUG)\x09rwnx_rx_handle_msg msg->id:0x1004 \x0d
[56981.061790] AICWFDBG(LOGDEBUG)\x09rwnx_rx_handle_msg msg->id:0x1004 \x0d
[56981.062379] AICWFDBG(LOGDEBUG)\x09rwnx_rx_handle_msg msg->id:0x1004 \x0d
[56981.065125] AICWFDBG(LOGDEBUG)\x09rwnx_rx_handle_msg msg->id:0x1004 \x0d
[56981.093455] AICWFDBG(LOGDEBUG)\x09rwnx_rx_handle_msg msg->id:0x4f \x0d
[56981.128550] AICWFDBG(LOGDEBUG)\x09rwnx_rx_handle_msg msg->id:0x4f \x0d
[56981.170127] AICWFDBG(LOGDEBUG)\x09rwnx_rx_handle_msg msg->id:0x1004 \x0d
[56981.183530] AICWFDBG(LOGDEBUG)\x09rwnx_rx_handle_msg msg->id:0x4f \x0d
[56981.218526] AICWFDBG(LOGDEBUG)\x09rwnx_rx_handle_msg msg->id:0x4f \x0d
[56981.273532] AICWFDBG(LOGDEBUG)\x09rwnx_rx_handle_msg msg->id:0x4f \x0d
[56981.275405] AICWFDBG(LOGDEBUG)\x09rwnx_rx_handle_msg msg->id:0x1004 \x0d
[56981.328864] AICWFDBG(LOGDEBUG)\x09rwnx_rx_handle_msg msg->id:0x4f \x0d
[56981.341749] read descriptors
[56981.341862] read strings
[56981.343858] init: processing action (sys.usb.config=adb && sys.usb.configfs=1 && sys.usb.ffs.ready=1) from (/system/etc/init/hw/init.usb.configfs.rc:21)
[56981.347860] init: Command 'symlink /config/usb_gadget/g1/functions/ffs.adb /config/usb_gadget/g1/configs/b.1/f1' action=sys.usb.config=adb && sys.usb.configfs=1 && sys.usb.ffs.ready=1 (/system/etc/init/hw/init.usb.configfs.rc:23) took 1ms and failed: symlink() failed: File exists
[56981.348483] init: Command 'write /config/usb_gadget/g1/UDC ${sys.usb.controller}' action=sys.usb.config=adb && sys.usb.configfs=1 && sys.usb.ffs.ready=1 (/system/etc/init/hw/init.usb.configfs.rc:24) took 0ms and failed: property 'sys.usb.controller' doesn't exist while expanding '${sys.usb.controller}'
[56981.363504] AICWFDBG(LOGDEBUG)\x09rwnx_rx_handle_msg msg->id:0x4f \x0d
[56981.418641] AICWFDBG(LOGDEBUG)\x09rwnx_rx_handle_msg msg->id:0x4f \x0d
[56981.420753] AICWFDBG(LOGDEBUG)\x09rwnx_rx_handle_msg msg->id:0x1004 \x0d
[56981.453624] AICWFDBG(LOGDEBUG)\x09rwnx_rx_handle_msg msg->id:0x4f \x0d
[56981.453985] AICWFDBG(LOGDEBUG)\x09rwnx_rx_handle_msg msg->id:0x1004 \x0d
[56981.488694] AICWFDBG(LOGDEBUG)\x09rwnx_rx_handle_msg msg->id:0x4f \x0d
[56981.523738] AICWFDBG(LOGDEBUG)\x09rwnx_rx_handle_msg msg->id:0x4f \x0d
[56981.558748] AICWFDBG(LOGDEBUG)\x09rwnx_rx_handle_msg msg->id:0x4f \x0d
[56981.593774] AICWFDBG(LOGDEBUG)\x09rwnx_rx_handle_msg msg->id:0x4f \x0d
[56981.628744] AICWFDBG(LOGDEBUG)\x09rwnx_rx_handle_msg msg->id:0x4f \x0d
[56981.683806] AICWFDBG(LOGDEBUG)\x09rwnx_rx_handle_msg msg->id:0x4f \x0d
[56981.738861] AICWFDBG(LOGDEBUG)\x09rwnx_rx_handle_msg msg->id:0x4f \x0d
[56981.793873] AICWFDBG(LOGDEBUG)\x09rwnx_rx_handle_msg msg->id:0x4f \x0d
[56981.828842] AICWFDBG(LOGDEBUG)\x09rwnx_rx_handle_msg msg->id:0x4f \x0d
[56981.828922] AICWFDBG(LOGDEBUG)\x09rwnx_rx_handle_msg msg->id:0x1001 \x0d
[56981.828950] AICWFDBG(LOGTRACE)\x09>>> rwnx_rx_scanu_start_cfm()
[56982.401801] read descriptors
[56982.401913] read strings
[56982.404012] init: processing action (sys.usb.config=adb && sys.usb.configfs=1 && sys.usb.ffs.ready=1) from (/system/etc/init/hw/init.usb.configfs.rc:21)
[56982.407888] init: Command 'symlink /config/usb_gadget/g1/functions/ffs.adb /config/usb_gadget/g1/configs/b.1/f1' action=sys.usb.config=adb && sys.usb.configfs=1 && sys.usb.ffs.ready=1 (/system/etc/init/hw/init.usb.configfs.rc:23) took 1ms and failed: symlink() failed: File exists
[56982.408514] init: Command 'write /config/usb_gadget/g1/UDC ${sys.usb.controller}' action=sys.usb.config=adb && sys.usb.configfs=1 && sys.usb.ffs.ready=1 (/system/etc/init/hw/init.usb.configfs.rc:24) took 0ms and failed: property 'sys.usb.controller' doesn't exist while expanding '${sys.usb.controller}'
[56983.461931] read descriptors
[56983.462046] read strings
[56983.464146] init: processing action (sys.usb.config=adb && sys.usb.configfs=1 && sys.usb.ffs.ready=1) from (/system/etc/init/hw/init.usb.configfs.rc:21)
[56983.468193] init: Command 'symlink /config/usb_gadget/g1/functions/ffs.adb /config/usb_gadget/g1/configs/b.1/f1' action=sys.usb.config=adb && sys.usb.configfs=1 && sys.usb.ffs.ready=1 (/system/etc/init/hw/init.usb.configfs.rc:23) took 1ms and failed: symlink() failed: File exists
[56983.468768] init: Command 'write /config/usb_gadget/g1/UDC ${sys.usb.controller}' action=sys.usb.config=adb && sys.usb.configfs=1 && sys.usb.ffs.ready=1 (/system/etc/init/hw/init.usb.configfs.rc:24) took 0ms and failed: property 'sys.usb.controller' doesn't exist while expanding '${sys.usb.controller}'
[56984.511834] read descriptors
[56984.511949] read strings
[56984.513881] init: processing action (sys.usb.config=adb && sys.usb.configfs=1 && sys.usb.ffs.ready=1) from (/system/etc/init/hw/init.usb.configfs.rc:21)
[56985.551431] read descriptors
[56985.551499] read strings
[56986.598417] read descriptors
[56986.598518] read strings
[56986.600531] init: processing action (sys.usb.config=adb && sys.usb.configfs=1 && sys.usb.ffs.ready=1) from (/system/etc/init/hw/init.usb.configfs.rc:21)
[56986.604529] init: Command 'symlink /config/usb_gadget/g1/functions/ffs.adb /config/usb_gadget/g1/configs/b.1/f1' action=sys.usb.config=adb && sys.usb.configfs=1 && sys.usb.ffs.ready=1 (/system/etc/init/hw/init.usb.configfs.rc:23) took 1ms and failed: symlink() failed: File exists
[56986.605203] init: Command 'write /config/usb_gadget/g1/UDC ${sys.usb.controller}' action=sys.usb.config=adb && sys.usb.configfs=1 && sys.usb.ffs.ready=1 (/system/etc/init/hw/init.usb.configfs.rc:24) took 0ms and failed: property 'sys.usb.controller' doesn't exist while expanding '${sys.usb.controller}'
[56987.665166] read descriptors
[56987.665271] read strings
[56987.667406] init: processing action (sys.usb.config=adb && sys.usb.configfs=1 && sys.usb.ffs.ready=1) from (/system/etc/init/hw/init.usb.configfs.rc:21)
[56987.669572] init: Command 'symlink /config/usb_gadget/g1/functions/ffs.adb /config/usb_gadget/g1/configs/b.1/f1' action=sys.usb.config=adb && sys.usb.configfs=1 && sys.usb.ffs.ready=1 (/system/etc/init/hw/init.usb.configfs.rc:23) took 0ms and failed: symlink() failed: File exists
[56987.669936] init: Command 'write /config/usb_gadget/g1/UDC ${sys.usb.controller}' action=sys.usb.config=adb && sys.usb.configfs=1 && sys.usb.ffs.ready=1 (/system/etc/init/hw/init.usb.configfs.rc:24) took 0ms and failed: property 'sys.usb.controller' doesn't exist while expanding '${sys.usb.controller}'
[56988.701753] read descriptors
[56988.701869] read strings
[56988.703765] init: processing action (sys.usb.config=adb && sys.usb.configfs=1 && sys.usb.ffs.ready=1) from (/system/etc/init/hw/init.usb.configfs.rc:21)
[56988.707789] init: Command 'symlink /config/usb_gadget/g1/functions/ffs.adb /config/usb_gadget/g1/configs/b.1/f1' action=sys.usb.config=adb && sys.usb.configfs=1 && sys.usb.ffs.ready=1 (/system/etc/init/hw/init.usb.configfs.rc:23) took 1ms and failed: symlink() failed: File exists
[56988.708515] init: Command 'write /config/usb_gadget/g1/UDC ${sys.usb.controller}' action=sys.usb.config=adb && sys.usb.configfs=1 && sys.usb.ffs.ready=1 (/system/etc/init/hw/init.usb.configfs.rc:24) took 0ms and failed: property 'sys.usb.controller' doesn't exist while expanding '${sys.usb.controller}'
[56989.758548] read descriptors
[56989.758649] read strings
[56989.760687] init: processing action (sys.usb.config=adb && sys.usb.configfs=1 && sys.usb.ffs.ready=1) from (/system/etc/init/hw/init.usb.configfs.rc:21)
[56990.736012] AICWFDBG(LOGTRACE)\x09>>> rwnx_cfg80211_scan()
[56990.736077] AICWFDBG(LOGTRACE)\x09>>> rwnx_send_scanu_req()
[56990.736106] AICWFDBG(LOGDEBUG)\x09scan channel:1(2412) \x0d
[56990.736123] AICWFDBG(LOGDEBUG)\x09scan channel:2(2417) \x0d
[56990.736144] AICWFDBG(LOGDEBUG)\x09scan channel:3(2422) \x0d
[56990.736159] AICWFDBG(LOGDEBUG)\x09scan channel:4(2427) \x0d
[56990.736174] AICWFDBG(LOGDEBUG)\x09scan channel:5(2432) \x0d
[56990.736189] AICWFDBG(LOGDEBUG)\x09scan channel:6(2437) \x0d
[56990.736209] AICWFDBG(LOGDEBUG)\x09scan channel:7(2442) \x0d
[56990.736223] AICWFDBG(LOGDEBUG)\x09scan channel:8(2447) \x0d
[56990.736238] AICWFDBG(LOGDEBUG)\x09scan channel:9(2452) \x0d
[56990.736252] AICWFDBG(LOGDEBUG)\x09scan channel:10(2457) \x0d
[56990.736272] AICWFDBG(LOGDEBUG)\x09scan channel:11(2462) \x0d
[56990.736287] AICWFDBG(LOGDEBUG)\x09scan channel:12(2467) \x0d
[56990.736304] AICWFDBG(LOGDEBUG)\x09scan channel:13(2472) \x0d
[56990.736327] AICWFDBG(LOGDEBUG)\x09scan channel:36(5180) \x0d
[56990.736342] AICWFDBG(LOGDEBUG)\x09scan channel:40(5200) \x0d
[56990.736358] AICWFDBG(LOGDEBUG)\x09scan channel:44(5220) \x0d
[56990.736374] AICWFDBG(LOGDEBUG)\x09scan channel:48(5240) \x0d
[56990.736399] AICWFDBG(LOGDEBUG)\x09scan channel:52(5260) \x0d
[56990.736414] AICWFDBG(LOGDEBUG)\x09scan channel:56(5280) \x0d
[56990.736428] AICWFDBG(LOGDEBUG)\x09scan channel:60(5300) \x0d
[56990.736444] AICWFDBG(LOGDEBUG)\x09scan channel:64(5320) \x0d
[56990.736464] AICWFDBG(LOGDEBUG)\x09scan channel:149(5745) \x0d
[56990.736478] AICWFDBG(LOGDEBUG)\x09scan channel:153(5765) \x0d
[56990.736493] AICWFDBG(LOGDEBUG)\x09scan channel:157(5785) \x0d
[56990.736507] AICWFDBG(LOGDEBUG)\x09scan channel:161(5805) \x0d
[56990.736529] AICWFDBG(LOGDEBUG)\x09scan channel:165(5825) \x0d
[56990.736549] AICWFDBG(LOGTRACE)\x09rwnx_send_msg (4105)SCANU_START_CFM_ADDTIONAL reqcfm:1 in_irq:0 in_softirq:0 in_atomic:0\x0d
[56990.736573] AICWFDBG(LOGTRACE)\x09rwnx_cmd_malloc get cmd_array[0]:00000000f100465a \x0d
[56990.737316] AICWFDBG(LOGDEBUG)\x09rwnx_rx_handle_msg msg->id:0x1009 \x0d
[56990.737396] AICWFDBG(LOGTRACE)\x09rwnx_cmd_free cmd_array[0]:00000000f100465a \x0d
[56990.746958] AICWFDBG(LOGDEBUG)\x09rwnx_rx_handle_msg msg->id:0x1004 \x0d
[56990.748707] AICWFDBG(LOGDEBUG)\x09rwnx_rx_handle_msg msg->id:0x1004 \x0d
[56990.775205] AICWFDBG(LOGDEBUG)\x09rwnx_rx_handle_msg msg->id:0x1004 \x0d
[56990.792478] AICWFDBG(LOGDEBUG)\x09rwnx_rx_handle_msg msg->id:0x4f \x0d
[56990.799677] AICWFDBG(LOGDEBUG)\x09rwnx_rx_handle_msg msg->id:0x1004 \x0d
[56990.807877] AICWFDBG(LOGDEBUG)\x09rwnx_rx_handle_msg msg->id:0x1004 \x0d
[56990.811770] read descriptors
[56990.811888] read strings
[56990.822548] AICWFDBG(LOGDEBUG)\x09rwnx_rx_handle_msg msg->id:0x1004 \x0d
[56990.827488] AICWFDBG(LOGDEBUG)\x09rwnx_rx_handle_msg msg->id:0x4f \x0d
[56990.834483] AICWFDBG(LOGDEBUG)\x09rwnx_rx_handle_msg msg->id:0x1004 \x0d
[56990.862511] AICWFDBG(LOGDEBUG)\x09rwnx_rx_handle_msg msg->id:0x4f \x0d
[56990.869449] AICWFDBG(LOGDEBUG)\x09rwnx_rx_handle_msg msg->id:0x1004 \x0d
[56990.897431] AICWFDBG(LOGDEBUG)\x09rwnx_rx_handle_msg msg->id:0x4f \x0d
[56990.932588] AICWFDBG(LOGDEBUG)\x09rwnx_rx_handle_msg msg->id:0x4f \x0d
[56990.987629] AICWFDBG(LOGDEBUG)\x09rwnx_rx_handle_msg msg->id:0x4f \x0d
[56991.022622] AICWFDBG(LOGDEBUG)\x09rwnx_rx_handle_msg msg->id:0x4f \x0d
[56991.057646] AICWFDBG(LOGDEBUG)\x09rwnx_rx_handle_msg msg->id:0x4f \x0d
[56991.060219] AICWFDBG(LOGDEBUG)\x09rwnx_rx_handle_msg msg->id:0x1004 \x0d
[56991.060720] AICWFDBG(LOGDEBUG)\x09rwnx_rx_handle_msg msg->id:0x1004 \x0d
[56991.092637] AICWFDBG(LOGDEBUG)\x09rwnx_rx_handle_msg msg->id:0x4f \x0d
[56991.127706] AICWFDBG(LOGDEBUG)\x09rwnx_rx_handle_msg msg->id:0x4f \x0d
[56991.182677] AICWFDBG(LOGDEBUG)\x09rwnx_rx_handle_msg msg->id:0x4f \x0d
[56991.217750] AICWFDBG(LOGDEBUG)\x09rwnx_rx_handle_msg msg->id:0x4f \x0d
[56991.272713] AICWFDBG(LOGDEBUG)\x09rwnx_rx_handle_msg msg->id:0x4f \x0d
[56991.274472] AICWFDBG(LOGDEBUG)\x09rwnx_rx_handle_msg msg->id:0x1004 \x0d
[56991.300821] AICWFDBG(LOGDEBUG)\x09rwnx_rx_handle_msg msg->id:0x1004 \x0d
[56991.327825] AICWFDBG(LOGDEBUG)\x09rwnx_rx_handle_msg msg->id:0x4f \x0d
[56991.362782] AICWFDBG(LOGDEBUG)\x09rwnx_rx_handle_msg msg->id:0x4f \x0d
[56991.417884] AICWFDBG(LOGDEBUG)\x09rwnx_rx_handle_msg msg->id:0x4f \x0d
[56991.419931] AICWFDBG(LOGDEBUG)\x09rwnx_rx_handle_msg msg->id:0x1004 \x0d
[56991.452843] AICWFDBG(LOGDEBUG)\x09rwnx_rx_handle_msg msg->id:0x4f \x0d
[56991.487733] AICWFDBG(LOGDEBUG)\x09rwnx_rx_handle_msg msg->id:0x4f \x0d
[56991.522741] AICWFDBG(LOGDEBUG)\x09rwnx_rx_handle_msg msg->id:0x4f \x0d
[56991.557881] AICWFDBG(LOGDEBUG)\x09rwnx_rx_handle_msg msg->id:0x4f \x0d
[56991.592913] AICWFDBG(LOGDEBUG)\x09rwnx_rx_handle_msg msg->id:0x4f \x0d
[56991.627924] AICWFDBG(LOGDEBUG)\x09rwnx_rx_handle_msg msg->id:0x4f \x0d
[56991.682971] AICWFDBG(LOGDEBUG)\x09rwnx_rx_handle_msg msg->id:0x4f \x0d
[56991.737971] AICWFDBG(LOGDEBUG)\x09rwnx_rx_handle_msg msg->id:0x4f \x0d
[56991.793004] AICWFDBG(LOGDEBUG)\x09rwnx_rx_handle_msg msg->id:0x4f \x0d
[56991.827982] AICWFDBG(LOGDEBUG)\x09rwnx_rx_handle_msg msg->id:0x4f \x0d
[56991.828064] AICWFDBG(LOGDEBUG)\x09rwnx_rx_handle_msg msg->id:0x1001 \x0d
[56991.828091] AICWFDBG(LOGTRACE)\x09>>> rwnx_rx_scanu_start_cfm()
[56991.864952] read descriptors
[56991.865067] read strings
[56991.866683] init: processing action (sys.usb.config=adb && sys.usb.configfs=1 && sys.usb.ffs.ready=1) from (/system/etc/init/hw/init.usb.configfs.rc:21)
[56991.869569] init: Command 'symlink /config/usb_gadget/g1/functions/ffs.adb /config/usb_gadget/g1/configs/b.1/f1' action=sys.usb.config=adb && sys.usb.configfs=1 && sys.usb.ffs.ready=1 (/system/etc/init/hw/init.usb.configfs.rc:23) took 0ms and failed: symlink() failed: File exists
[56991.870175] init: Command 'write /config/usb_gadget/g1/UDC ${sys.usb.controller}' action=sys.usb.config=adb && sys.usb.configfs=1 && sys.usb.ffs.ready=1 (/system/etc/init/hw/init.usb.configfs.rc:24) took 0ms and failed: property 'sys.usb.controller' doesn't exist while expanding '${sys.usb.controller}'
[56992.921801] read descriptors
[56992.921955] read strings
[56992.923962] init: processing action (sys.usb.config=adb && sys.usb.configfs=1 && sys.usb.ffs.ready=1) from (/system/etc/init/hw/init.usb.configfs.rc:21)
[56992.927889] init: Command 'symlink /config/usb_gadget/g1/functions/ffs.adb /config/usb_gadget/g1/configs/b.1/f1' action=sys.usb.config=adb && sys.usb.configfs=1 && sys.usb.ffs.ready=1 (/system/etc/init/hw/init.usb.configfs.rc:23) took 1ms and failed: symlink() failed: File exists
[56992.928698] init: Command 'write /config/usb_gadget/g1/UDC ${sys.usb.controller}' action=sys.usb.config=adb && sys.usb.configfs=1 && sys.usb.ffs.ready=1 (/system/etc/init/hw/init.usb.configfs.rc:24) took 0ms and failed: property 'sys.usb.controller' doesn't exist while expanding '${sys.usb.controller}'
[56993.998483] read descriptors
[56993.998587] read strings
[56994.000620] init: processing action (sys.usb.config=adb && sys.usb.configfs=1 && sys.usb.ffs.ready=1) from (/system/etc/init/hw/init.usb.configfs.rc:21)
[56994.004636] init: Command 'symlink /config/usb_gadget/g1/functions/ffs.adb /config/usb_gadget/g1/configs/b.1/f1' action=sys.usb.config=adb && sys.usb.configfs=1 && sys.usb.ffs.ready=1 (/system/etc/init/hw/init.usb.configfs.rc:23) took 1ms and failed: symlink() failed: File exists
[56994.005301] init: Command 'write /config/usb_gadget/g1/UDC ${sys.usb.controller}' action=sys.usb.config=adb && sys.usb.configfs=1 && sys.usb.ffs.ready=1 (/system/etc/init/hw/init.usb.configfs.rc:24) took 0ms and failed: property 'sys.usb.controller' doesn't exist while expanding '${sys.usb.controller}'
[56995.048455] read descriptors
[56995.048560] read strings
[56995.050398] init: processing action (sys.usb.config=adb && sys.usb.configfs=1 && sys.usb.ffs.ready=1) from (/system/etc/init/hw/init.usb.configfs.rc:21)
[56996.098591] read descriptors
[56996.098711] read strings
[56997.138508] read descriptors
[56997.138619] read strings
[56997.140628] init: processing action (sys.usb.config=adb && sys.usb.configfs=1 && sys.usb.ffs.ready=1) from (/system/etc/init/hw/init.usb.configfs.rc:21)
[56997.144922] init: Command 'symlink /config/usb_gadget/g1/functions/ffs.adb /config/usb_gadget/g1/configs/b.1/f1' action=sys.usb.config=adb && sys.usb.configfs=1 && sys.usb.ffs.ready=1 (/system/etc/init/hw/init.usb.configfs.rc:23) took 1ms and failed: symlink() failed: File exists
[56997.145610] init: Command 'write /config/usb_gadget/g1/UDC ${sys.usb.controller}' action=sys.usb.config=adb && sys.usb.configfs=1 && sys.usb.ffs.ready=1 (/system/etc/init/hw/init.usb.configfs.rc:24) took 0ms and failed: property 'sys.usb.controller' doesn't exist while expanding '${sys.usb.controller}'
[56998.188428] read descriptors
[56998.188527] read strings
[56998.190332] init: processing action (sys.usb.config=adb && sys.usb.configfs=1 && sys.usb.ffs.ready=1) from (/system/etc/init/hw/init.usb.configfs.rc:21)
[56998.194402] init: Command 'symlink /config/usb_gadget/g1/functions/ffs.adb /config/usb_gadget/g1/configs/b.1/f1' action=sys.usb.config=adb && sys.usb.configfs=1 && sys.usb.ffs.ready=1 (/system/etc/init/hw/init.usb.configfs.rc:23) took 1ms and failed: symlink() failed: File exists
[56998.195092] init: Command 'write /config/usb_gadget/g1/UDC ${sys.usb.controller}' action=sys.usb.config=adb && sys.usb.configfs=1 && sys.usb.ffs.ready=1 (/system/etc/init/hw/init.usb.configfs.rc:24) took 0ms and failed: property 'sys.usb.controller' doesn't exist while expanding '${sys.usb.controller}'
[56999.234669] read descriptors
[56999.234733] read strings
[56999.235822] init: processing action (sys.usb.config=adb && sys.usb.configfs=1 && sys.usb.ffs.ready=1) from (/system/etc/init/hw/init.usb.configfs.rc:21)
[56999.238030] init: Command 'symlink /config/usb_gadget/g1/functions/ffs.adb /config/usb_gadget/g1/configs/b.1/f1' action=sys.usb.config=adb && sys.usb.configfs=1 && sys.usb.ffs.ready=1 (/system/etc/init/hw/init.usb.configfs.rc:23) took 0ms and failed: symlink() failed: File exists
[56999.238410] init: Command 'write /config/usb_gadget/g1/UDC ${sys.usb.controller}' action=sys.usb.config=adb && sys.usb.configfs=1 && sys.usb.ffs.ready=1 (/system/etc/init/hw/init.usb.configfs.rc:24) took 0ms and failed: property 'sys.usb.controller' doesn't exist while expanding '${sys.usb.controller}'
[57000.271785] read descriptors
[57000.271906] read strings
[57000.273956] init: processing action (sys.usb.config=adb && sys.usb.configfs=1 && sys.usb.ffs.ready=1) from (/system/etc/init/hw/init.usb.configfs.rc:21)
[57000.743977] AICWFDBG(LOGTRACE)\x09>>> rwnx_cfg80211_scan()
[57000.744062] AICWFDBG(LOGTRACE)\x09>>> rwnx_send_scanu_req()
[57000.744097] AICWFDBG(LOGDEBUG)\x09scan channel:1(2412) \x0d
[57000.744125] AICWFDBG(LOGDEBUG)\x09scan channel:2(2417) \x0d
[57000.744148] AICWFDBG(LOGDEBUG)\x09scan channel:3(2422) \x0d
[57000.744267] AICWFDBG(LOGDEBUG)\x09scan channel:4(2427) \x0d
[57000.744329] AICWFDBG(LOGDEBUG)\x09scan channel:5(2432) \x0d
[57000.744372] AICWFDBG(LOGDEBUG)\x09scan channel:6(2437) \x0d
[57000.744410] AICWFDBG(LOGDEBUG)\x09scan channel:7(2442) \x0d
[57000.744432] AICWFDBG(LOGDEBUG)\x09scan channel:8(2447) \x0d
[57000.744464] AICWFDBG(LOGDEBUG)\x09scan channel:9(2452) \x0d
[57000.744486] AICWFDBG(LOGDEBUG)\x09scan channel:10(2457) \x0d
[57000.744507] AICWFDBG(LOGDEBUG)\x09scan channel:11(2462) \x0d
[57000.744532] AICWFDBG(LOGDEBUG)\x09scan channel:12(2467) \x0d
[57000.744553] AICWFDBG(LOGDEBUG)\x09scan channel:13(2472) \x0d
[57000.744587] AICWFDBG(LOGDEBUG)\x09scan channel:36(5180) \x0d
[57000.744609] AICWFDBG(LOGDEBUG)\x09scan channel:40(5200) \x0d
[57000.744631] AICWFDBG(LOGDEBUG)\x09scan channel:44(5220) \x0d
[57000.744657] AICWFDBG(LOGDEBUG)\x09scan channel:48(5240) \x0d
[57000.744680] AICWFDBG(LOGDEBUG)\x09scan channel:52(5260) \x0d
[57000.744701] AICWFDBG(LOGDEBUG)\x09scan channel:56(5280) \x0d
[57000.744734] AICWFDBG(LOGDEBUG)\x09scan channel:60(5300) \x0d
[57000.744756] AICWFDBG(LOGDEBUG)\x09scan channel:64(5320) \x0d
[57000.744788] AICWFDBG(LOGDEBUG)\x09scan channel:149(5745) \x0d
[57000.744810] AICWFDBG(LOGDEBUG)\x09scan channel:153(5765) \x0d
[57000.744841] AICWFDBG(LOGDEBUG)\x09scan channel:157(5785) \x0d
[57000.744863] AICWFDBG(LOGDEBUG)\x09scan channel:161(5805) \x0d
[57000.744885] AICWFDBG(LOGDEBUG)\x09scan channel:165(5825) \x0d
[57000.744921] AICWFDBG(LOGTRACE)\x09rwnx_send_msg (4105)SCANU_START_CFM_ADDTIONAL reqcfm:1 in_irq:0 in_softirq:0 in_atomic:0\x0d
[57000.744970] AICWFDBG(LOGTRACE)\x09rwnx_cmd_malloc get cmd_array[0]:00000000f100465a \x0d
[57000.745996] AICWFDBG(LOGDEBUG)\x09rwnx_rx_handle_msg msg->id:0x1009 \x0d
[57000.746141] AICWFDBG(LOGTRACE)\x09rwnx_cmd_free cmd_array[0]:00000000f100465a \x0d
[57000.781884] AICWFDBG(LOGDEBUG)\x09rwnx_rx_handle_msg msg->id:0x1004 \x0d
[57000.783733] AICWFDBG(LOGDEBUG)\x09rwnx_rx_handle_msg msg->id:0x1004 \x0d
[57000.790431] AICWFDBG(LOGDEBUG)\x09rwnx_rx_handle_msg msg->id:0x1004 \x0d
[57000.801113] AICWFDBG(LOGDEBUG)\x09rwnx_rx_handle_msg msg->id:0x4f \x0d
[57000.810275] AICWFDBG(LOGDEBUG)\x09rwnx_rx_handle_msg msg->id:0x1004 \x0d
[57000.815198] AICWFDBG(LOGDEBUG)\x09rwnx_rx_handle_msg msg->id:0x1004 \x0d
[57000.835993] AICWFDBG(LOGDEBUG)\x09rwnx_rx_handle_msg msg->id:0x1004 \x0d
[57000.836118] AICWFDBG(LOGDEBUG)\x09rwnx_rx_handle_msg msg->id:0x4f \x0d
[57000.871135] AICWFDBG(LOGDEBUG)\x09rwnx_rx_handle_msg msg->id:0x4f \x0d
[57000.906090] AICWFDBG(LOGDEBUG)\x09rwnx_rx_handle_msg msg->id:0x4f \x0d
[57000.940988] AICWFDBG(LOGDEBUG)\x09rwnx_rx_handle_msg msg->id:0x4f \x0d
[57000.996024] AICWFDBG(LOGDEBUG)\x09rwnx_rx_handle_msg msg->id:0x4f \x0d
[57001.031024] AICWFDBG(LOGDEBUG)\x09rwnx_rx_handle_msg msg->id:0x4f \x0d
[57001.066168] AICWFDBG(LOGDEBUG)\x09rwnx_rx_handle_msg msg->id:0x4f \x0d
[57001.070395] AICWFDBG(LOGDEBUG)\x09rwnx_rx_handle_msg msg->id:0x1004 \x0d
[57001.071451] AICWFDBG(LOGDEBUG)\x09rwnx_rx_handle_msg msg->id:0x1004 \x0d
[57001.077844] AICWFDBG(LOGDEBUG)\x09rwnx_rx_handle_msg msg->id:0x1004 \x0d
[57001.091288] AICWFDBG(LOGDEBUG)\x09rwnx_rx_handle_msg msg->id:0x1004 \x0d
[57001.101179] AICWFDBG(LOGDEBUG)\x09rwnx_rx_handle_msg msg->id:0x4f \x0d
[57001.136228] AICWFDBG(LOGDEBUG)\x09rwnx_rx_handle_msg msg->id:0x4f \x0d
[57001.191247] AICWFDBG(LOGDEBUG)\x09rwnx_rx_handle_msg msg->id:0x4f \x0d
[57001.226251] AICWFDBG(LOGDEBUG)\x09rwnx_rx_handle_msg msg->id:0x4f \x0d
[57001.281292] AICWFDBG(LOGDEBUG)\x09rwnx_rx_handle_msg msg->id:0x4f \x0d
[57001.283223] AICWFDBG(LOGDEBUG)\x09rwnx_rx_handle_msg msg->id:0x1004 \x0d
[57001.335225] read descriptors
[57001.335334] read strings
[57001.335931] AICWFDBG(LOGDEBUG)\x09rwnx_rx_handle_msg msg->id:0x1004 \x0d
[57001.336313] AICWFDBG(LOGDEBUG)\x09rwnx_rx_handle_msg msg->id:0x4f \x0d
[57001.371401] AICWFDBG(LOGDEBUG)\x09rwnx_rx_handle_msg msg->id:0x4f \x0d
[57001.426391] AICWFDBG(LOGDEBUG)\x09rwnx_rx_handle_msg msg->id:0x4f \x0d
[57001.428517] AICWFDBG(LOGDEBUG)\x09rwnx_rx_handle_msg msg->id:0x1004 \x0d
[57001.461393] AICWFDBG(LOGDEBUG)\x09rwnx_rx_handle_msg msg->id:0x4f \x0d
[57001.496416] AICWFDBG(LOGDEBUG)\x09rwnx_rx_handle_msg msg->id:0x4f \x0d
[57001.531442] AICWFDBG(LOGDEBUG)\x09rwnx_rx_handle_msg msg->id:0x4f \x0d
[57001.566449] AICWFDBG(LOGDEBUG)\x09rwnx_rx_handle_msg msg->id:0x4f \x0d
[57001.601363] AICWFDBG(LOGDEBUG)\x09rwnx_rx_handle_msg msg->id:0x4f \x0d
[57001.604347] AICWFDBG(LOGDEBUG)\x09rwnx_rx_handle_msg msg->id:0x1004 \x0d
[57001.636372] AICWFDBG(LOGDEBUG)\x09rwnx_rx_handle_msg msg->id:0x4f \x0d
[57001.691500] AICWFDBG(LOGDEBUG)\x09rwnx_rx_handle_msg msg->id:0x4f \x0d
[57001.746527] AICWFDBG(LOGDEBUG)\x09rwnx_rx_handle_msg msg->id:0x4f \x0d
[57001.801571] AICWFDBG(LOGDEBUG)\x09rwnx_rx_handle_msg msg->id:0x4f \x0d
[57001.836659] AICWFDBG(LOGDEBUG)\x09rwnx_rx_handle_msg msg->id:0x4f \x0d
[57001.836770] AICWFDBG(LOGDEBUG)\x09rwnx_rx_handle_msg msg->id:0x1001 \x0d
[57001.836808] AICWFDBG(LOGTRACE)\x09>>> rwnx_rx_scanu_start_cfm()
[57002.375140] read descriptors
[57002.375251] read strings
[57002.377238] init: processing action (sys.usb.config=adb && sys.usb.configfs=1 && sys.usb.ffs.ready=1) from (/system/etc/init/hw/init.usb.configfs.rc:21)
[57002.379765] init: Command 'symlink /config/usb_gadget/g1/functions/ffs.adb /config/usb_gadget/g1/configs/b.1/f1' action=sys.usb.config=adb && sys.usb.configfs=1 && sys.usb.ffs.ready=1 (/system/etc/init/hw/init.usb.configfs.rc:23) took 0ms and failed: symlink() failed: File exists
[57002.380143] init: Command 'write /config/usb_gadget/g1/UDC ${sys.usb.controller}' action=sys.usb.config=adb && sys.usb.configfs=1 && sys.usb.ffs.ready=1 (/system/etc/init/hw/init.usb.configfs.rc:24) took 0ms and failed: property 'sys.usb.controller' doesn't exist while expanding '${sys.usb.controller}'
[57003.438635] read descriptors
[57003.438747] read strings
[57003.440802] init: processing action (sys.usb.config=adb && sys.usb.configfs=1 && sys.usb.ffs.ready=1) from (/system/etc/init/hw/init.usb.configfs.rc:21)
[57003.444787] init: Command 'symlink /config/usb_gadget/g1/functions/ffs.adb /config/usb_gadget/g1/configs/b.1/f1' action=sys.usb.config=adb && sys.usb.configfs=1 && sys.usb.ffs.ready=1 (/system/etc/init/hw/init.usb.configfs.rc:23) took 1ms and failed: symlink() failed: File exists
[57003.445456] init: Command 'write /config/usb_gadget/g1/UDC ${sys.usb.controller}' action=sys.usb.config=adb && sys.usb.configfs=1 && sys.usb.ffs.ready=1 (/system/etc/init/hw/init.usb.configfs.rc:24) took 0ms and failed: property 'sys.usb.controller' doesn't exist while expanding '${sys.usb.controller}'
[57004.498400] read descriptors
[57004.498516] read strings
[57004.500436] init: processing action (sys.usb.config=adb && sys.usb.configfs=1 && sys.usb.ffs.ready=1) from (/system/etc/init/hw/init.usb.configfs.rc:21)
[57004.504408] init: Command 'symlink /config/usb_gadget/g1/functions/ffs.adb /config/usb_gadget/g1/configs/b.1/f1' action=sys.usb.config=adb && sys.usb.configfs=1 && sys.usb.ffs.ready=1 (/system/etc/init/hw/init.usb.configfs.rc:23) took 1ms and failed: symlink() failed: File exists
[57004.505075] init: Command 'write /config/usb_gadget/g1/UDC ${sys.usb.controller}' action=sys.usb.config=adb && sys.usb.configfs=1 && sys.usb.ffs.ready=1 (/system/etc/init/hw/init.usb.configfs.rc:24) took 0ms and failed: property 'sys.usb.controller' doesn't exist while expanding '${sys.usb.controller}'
[57005.545079] read descriptors
[57005.545192] read strings
[57005.547341] init: processing action (sys.usb.config=adb && sys.usb.configfs=1 && sys.usb.ffs.ready=1) from (/system/etc/init/hw/init.usb.configfs.rc:21)
[57006.588319] read descriptors
[57006.588422] read strings
[57007.635043] read descriptors
[57007.635158] read strings
[57007.637226] init: processing action (sys.usb.config=adb && sys.usb.configfs=1 && sys.usb.ffs.ready=1) from (/system/etc/init/hw/init.usb.configfs.rc:21)
[57007.641225] init: Command 'symlink /config/usb_gadget/g1/functions/ffs.adb /config/usb_gadget/g1/configs/b.1/f1' action=sys.usb.config=adb && sys.usb.configfs=1 && sys.usb.ffs.ready=1 (/system/etc/init/hw/init.usb.configfs.rc:23) took 1ms and failed: symlink() failed: File exists
[57007.641891] init: Command 'write /config/usb_gadget/g1/UDC ${sys.usb.controller}' action=sys.usb.config=adb && sys.usb.configfs=1 && sys.usb.ffs.ready=1 (/system/etc/init/hw/init.usb.configfs.rc:24) took 0ms and failed: property 'sys.usb.controller' doesn't exist while expanding '${sys.usb.controller}'
[57008.685270] read descriptors
[57008.685389] read strings
[57008.687408] init: processing action (sys.usb.config=adb && sys.usb.configfs=1 && sys.usb.ffs.ready=1) from (/system/etc/init/hw/init.usb.configfs.rc:21)
[57008.691252] init: Command 'symlink /config/usb_gadget/g1/functions/ffs.adb /config/usb_gadget/g1/configs/b.1/f1' action=sys.usb.config=adb && sys.usb.configfs=1 && sys.usb.ffs.ready=1 (/system/etc/init/hw/init.usb.configfs.rc:23) took 1ms and failed: symlink() failed: File exists
[57008.691937] init: Command 'write /config/usb_gadget/g1/UDC ${sys.usb.controller}' action=sys.usb.config=adb && sys.usb.configfs=1 && sys.usb.ffs.ready=1 (/system/etc/init/hw/init.usb.configfs.rc:24) took 0ms and failed: property 'sys.usb.controller' doesn't exist while expanding '${sys.usb.controller}'
[57009.735140] read descriptors
[57009.735251] read strings
[57009.737107] init: processing action (sys.usb.config=adb && sys.usb.configfs=1 && sys.usb.ffs.ready=1) from (/system/etc/init/hw/init.usb.configfs.rc:21)
[57009.741229] init: Command 'symlink /config/usb_gadget/g1/functions/ffs.adb /config/usb_gadget/g1/configs/b.1/f1' action=sys.usb.config=adb && sys.usb.configfs=1 && sys.usb.ffs.ready=1 (/system/etc/init/hw/init.usb.configfs.rc:23) took 1ms and failed: symlink() failed: File exists
[57009.741915] init: Command 'write /config/usb_gadget/g1/UDC ${sys.usb.controller}' action=sys.usb.config=adb && sys.usb.configfs=1 && sys.usb.ffs.ready=1 (/system/etc/init/hw/init.usb.configfs.rc:24) took 0ms and failed: property 'sys.usb.controller' doesn't exist while expanding '${sys.usb.controller}'
[57010.748288] AICWFDBG(LOGTRACE)\x09>>> rwnx_cfg80211_scan()
[57010.748362] AICWFDBG(LOGTRACE)\x09>>> rwnx_send_scanu_req()
[57010.748396] AICWFDBG(LOGDEBUG)\x09scan channel:1(2412) \x0d
[57010.748421] AICWFDBG(LOGDEBUG)\x09scan channel:2(2417) \x0d
[57010.748443] AICWFDBG(LOGDEBUG)\x09scan channel:3(2422) \x0d
[57010.748466] AICWFDBG(LOGDEBUG)\x09scan channel:4(2427) \x0d
[57010.748489] AICWFDBG(LOGDEBUG)\x09scan channel:5(2432) \x0d
[57010.748512] AICWFDBG(LOGDEBUG)\x09scan channel:6(2437) \x0d
[57010.748536] AICWFDBG(LOGDEBUG)\x09scan channel:7(2442) \x0d
[57010.748558] AICWFDBG(LOGDEBUG)\x09scan channel:8(2447) \x0d
[57010.748581] AICWFDBG(LOGDEBUG)\x09scan channel:9(2452) \x0d
[57010.748603] AICWFDBG(LOGDEBUG)\x09scan channel:10(2457) \x0d
[57010.748626] AICWFDBG(LOGDEBUG)\x09scan channel:11(2462) \x0d
[57010.748647] AICWFDBG(LOGDEBUG)\x09scan channel:12(2467) \x0d
[57010.748671] AICWFDBG(LOGDEBUG)\x09scan channel:13(2472) \x0d
[57010.748695] AICWFDBG(LOGDEBUG)\x09scan channel:36(5180) \x0d
[57010.748719] AICWFDBG(LOGDEBUG)\x09scan channel:40(5200) \x0d
[57010.748741] AICWFDBG(LOGDEBUG)\x09scan channel:44(5220) \x0d
[57010.748764] AICWFDBG(LOGDEBUG)\x09scan channel:48(5240) \x0d
[57010.748787] AICWFDBG(LOGDEBUG)\x09scan channel:52(5260) \x0d
[57010.748810] AICWFDBG(LOGDEBUG)\x09scan channel:56(5280) \x0d
[57010.748834] AICWFDBG(LOGDEBUG)\x09scan channel:60(5300) \x0d
[57010.748856] AICWFDBG(LOGDEBUG)\x09scan channel:64(5320) \x0d
[57010.748879] AICWFDBG(LOGDEBUG)\x09scan channel:149(5745) \x0d
[57010.748902] AICWFDBG(LOGDEBUG)\x09scan channel:153(5765) \x0d
[57010.748924] AICWFDBG(LOGDEBUG)\x09scan channel:157(5785) \x0d
[57010.748947] AICWFDBG(LOGDEBUG)\x09scan channel:161(5805) \x0d
[57010.748969] AICWFDBG(LOGDEBUG)\x09scan channel:165(5825) \x0d
[57010.749000] AICWFDBG(LOGTRACE)\x09rwnx_send_msg (4105)SCANU_START_CFM_ADDTIONAL reqcfm:1 in_irq:0 in_softirq:0 in_atomic:0\x0d
[57010.749035] AICWFDBG(LOGTRACE)\x09rwnx_cmd_malloc get cmd_array[0]:00000000f100465a \x0d
[57010.749904] AICWFDBG(LOGDEBUG)\x09rwnx_rx_handle_msg msg->id:0x1009 \x0d
[57010.750128] AICWFDBG(LOGTRACE)\x09rwnx_cmd_free cmd_array[0]:00000000f100465a \x0d
[57010.787254] AICWFDBG(LOGDEBUG)\x09rwnx_rx_handle_msg msg->id:0x1004 \x0d
[57010.801787] read descriptors
[57010.801898] read strings
[57010.803891] init: processing action (sys.usb.config=adb && sys.usb.configfs=1 && sys.usb.ffs.ready=1) from (/system/etc/init/hw/init.usb.configfs.rc:21)
[57010.805084] AICWFDBG(LOGDEBUG)\x09rwnx_rx_handle_msg msg->id:0x4f \x0d
[57010.812206] AICWFDBG(LOGDEBUG)\x09rwnx_rx_handle_msg msg->id:0x1004 \x0d
[57010.837067] AICWFDBG(LOGDEBUG)\x09rwnx_rx_handle_msg msg->id:0x1004 \x0d
[57010.839979] AICWFDBG(LOGDEBUG)\x09rwnx_rx_handle_msg msg->id:0x4f \x0d
[57010.845411] AICWFDBG(LOGDEBUG)\x09rwnx_rx_handle_msg msg->id:0x1004 \x0d
[57010.852328] AICWFDBG(LOGDEBUG)\x09rwnx_rx_handle_msg msg->id:0x1004 \x0d
[57010.871083] AICWFDBG(LOGDEBUG)\x09rwnx_rx_handle_msg msg->id:0x1004 \x0d
[57010.875002] AICWFDBG(LOGDEBUG)\x09rwnx_rx_handle_msg msg->id:0x4f \x0d
[57010.910034] AICWFDBG(LOGDEBUG)\x09rwnx_rx_handle_msg msg->id:0x4f \x0d
[57010.945061] AICWFDBG(LOGDEBUG)\x09rwnx_rx_handle_msg msg->id:0x4f \x0d
[57011.000084] AICWFDBG(LOGDEBUG)\x09rwnx_rx_handle_msg msg->id:0x4f \x0d
[57011.035102] AICWFDBG(LOGDEBUG)\x09rwnx_rx_handle_msg msg->id:0x4f \x0d
[57011.070109] AICWFDBG(LOGDEBUG)\x09rwnx_rx_handle_msg msg->id:0x4f \x0d
[57011.072552] AICWFDBG(LOGDEBUG)\x09rwnx_rx_handle_msg msg->id:0x1004 \x0d
[57011.073054] AICWFDBG(LOGDEBUG)\x09rwnx_rx_handle_msg msg->id:0x1004 \x0d
[57011.105013] AICWFDBG(LOGDEBUG)\x09rwnx_rx_handle_msg msg->id:0x4f \x0d
[57011.140016] AICWFDBG(LOGDEBUG)\x09rwnx_rx_handle_msg msg->id:0x4f \x0d
[57011.145787] AICWFDBG(LOGDEBUG)\x09rwnx_rx_handle_msg msg->id:0x1004 \x0d
[57011.164145] AICWFDBG(LOGDEBUG)\x09rwnx_rx_handle_msg msg->id:0x1004 \x0d
[57011.195161] AICWFDBG(LOGDEBUG)\x09rwnx_rx_handle_msg msg->id:0x4f \x0d
[57011.230187] AICWFDBG(LOGDEBUG)\x09rwnx_rx_handle_msg msg->id:0x4f \x0d
[57011.285212] AICWFDBG(LOGDEBUG)\x09rwnx_rx_handle_msg msg->id:0x4f \x0d
[57011.286897] AICWFDBG(LOGDEBUG)\x09rwnx_rx_handle_msg msg->id:0x1004 \x0d
[57011.340268] AICWFDBG(LOGDEBUG)\x09rwnx_rx_handle_msg msg->id:0x4f \x0d
[57011.375271] AICWFDBG(LOGDEBUG)\x09rwnx_rx_handle_msg msg->id:0x4f \x0d
[57011.430308] AICWFDBG(LOGDEBUG)\x09rwnx_rx_handle_msg msg->id:0x4f \x0d
[57011.432793] AICWFDBG(LOGDEBUG)\x09rwnx_rx_handle_msg msg->id:0x1004 \x0d
[57011.456494] AICWFDBG(LOGDEBUG)\x09rwnx_rx_handle_msg msg->id:0x1004 \x0d
[57011.457098] AICWFDBG(LOGDEBUG)\x09rwnx_rx_handle_msg msg->id:0x1004 \x0d
[57011.465318] AICWFDBG(LOGDEBUG)\x09rwnx_rx_handle_msg msg->id:0x4f \x0d
[57011.500329] AICWFDBG(LOGDEBUG)\x09rwnx_rx_handle_msg msg->id:0x4f \x0d
[57011.535371] AICWFDBG(LOGDEBUG)\x09rwnx_rx_handle_msg msg->id:0x4f \x0d
[57011.570380] AICWFDBG(LOGDEBUG)\x09rwnx_rx_handle_msg msg->id:0x4f \x0d
[57011.605415] AICWFDBG(LOGDEBUG)\x09rwnx_rx_handle_msg msg->id:0x4f \x0d
[57011.639421] AICWFDBG(LOGDEBUG)\x09rwnx_rx_handle_msg msg->id:0x1004 \x0d
[57011.640349] AICWFDBG(LOGDEBUG)\x09rwnx_rx_handle_msg msg->id:0x4f \x0d
[57011.695457] AICWFDBG(LOGDEBUG)\x09rwnx_rx_handle_msg msg->id:0x4f \x0d
[57011.750397] AICWFDBG(LOGDEBUG)\x09rwnx_rx_handle_msg msg->id:0x4f \x0d
[57011.805480] AICWFDBG(LOGDEBUG)\x09rwnx_rx_handle_msg msg->id:0x4f \x0d
[57011.840503] AICWFDBG(LOGDEBUG)\x09rwnx_rx_handle_msg msg->id:0x4f \x0d
[57011.840602] AICWFDBG(LOGDEBUG)\x09rwnx_rx_handle_msg msg->id:0x1001 \x0d
[57011.840630] AICWFDBG(LOGTRACE)\x09>>> rwnx_rx_scanu_start_cfm()
[57011.861944] read descriptors
[57011.862067] read strings
[57012.914796] read descriptors
[57012.914860] read strings
[57012.916072] init: processing action (sys.usb.config=adb && sys.usb.configfs=1 && sys.usb.ffs.ready=1) from (/system/etc/init/hw/init.usb.configfs.rc:21)
[57012.918265] init: Command 'symlink /config/usb_gadget/g1/functions/ffs.adb /config/usb_gadget/g1/configs/b.1/f1' action=sys.usb.config=adb && sys.usb.configfs=1 && sys.usb.ffs.ready=1 (/system/etc/init/hw/init.usb.configfs.rc:23) took 0ms and failed: symlink() failed: File exists
[57012.918648] init: Command 'write /config/usb_gadget/g1/UDC ${sys.usb.controller}' action=sys.usb.config=adb && sys.usb.configfs=1 && sys.usb.ffs.ready=1 (/system/etc/init/hw/init.usb.configfs.rc:24) took 0ms and failed: property 'sys.usb.controller' doesn't exist while expanding '${sys.usb.controller}'
[57013.951817] read descriptors
[57013.951925] read strings
[57013.954074] init: processing action (sys.usb.config=adb && sys.usb.configfs=1 && sys.usb.ffs.ready=1) from (/system/etc/init/hw/init.usb.configfs.rc:21)
[57013.958076] init: Command 'symlink /config/usb_gadget/g1/functions/ffs.adb /config/usb_gadget/g1/configs/b.1/f1' action=sys.usb.config=adb && sys.usb.configfs=1 && sys.usb.ffs.ready=1 (/system/etc/init/hw/init.usb.configfs.rc:23) took 1ms and failed: symlink() failed: File exists
[57013.958758] init: Command 'write /config/usb_gadget/g1/UDC ${sys.usb.controller}' action=sys.usb.config=adb && sys.usb.configfs=1 && sys.usb.ffs.ready=1 (/system/etc/init/hw/init.usb.configfs.rc:24) took 0ms and failed: property 'sys.usb.controller' doesn't exist while expanding '${sys.usb.controller}'
[57015.005146] read descriptors
[57015.005259] read strings
[57015.007249] init: processing action (sys.usb.config=adb && sys.usb.configfs=1 && sys.usb.ffs.ready=1) from (/system/etc/init/hw/init.usb.configfs.rc:21)
[57015.011018] init: Command 'symlink /config/usb_gadget/g1/functions/ffs.adb /config/usb_gadget/g1/configs/b.1/f1' action=sys.usb.config=adb && sys.usb.configfs=1 && sys.usb.ffs.ready=1 (/system/etc/init/hw/init.usb.configfs.rc:23) took 1ms and failed: symlink() failed: File exists
[57015.011706] init: Command 'write /config/usb_gadget/g1/UDC ${sys.usb.controller}' action=sys.usb.config=adb && sys.usb.configfs=1 && sys.usb.ffs.ready=1 (/system/etc/init/hw/init.usb.configfs.rc:24) took 0ms and failed: property 'sys.usb.controller' doesn't exist while expanding '${sys.usb.controller}'
[57016.045287] read descriptors
[57016.045398] read strings
[57016.047733] init: processing action (sys.usb.config=adb && sys.usb.configfs=1 && sys.usb.ffs.ready=1) from (/system/etc/init/hw/init.usb.configfs.rc:21)
[57017.081449] read descriptors
[57017.081513] read strings
[57018.121759] read descriptors
[57018.121869] read strings
[57018.123859] init: processing action (sys.usb.config=adb && sys.usb.configfs=1 && sys.usb.ffs.ready=1) from (/system/etc/init/hw/init.usb.configfs.rc:21)
[57018.127898] init: Command 'symlink /config/usb_gadget/g1/functions/ffs.adb /config/usb_gadget/g1/configs/b.1/f1' action=sys.usb.config=adb && sys.usb.configfs=1 && sys.usb.ffs.ready=1 (/system/etc/init/hw/init.usb.configfs.rc:23) took 1ms and failed: symlink() failed: File exists
[57018.128576] init: Command 'write /config/usb_gadget/g1/UDC ${sys.usb.controller}' action=sys.usb.config=adb && sys.usb.configfs=1 && sys.usb.ffs.ready=1 (/system/etc/init/hw/init.usb.configfs.rc:24) took 0ms and failed: property 'sys.usb.controller' doesn't exist while expanding '${sys.usb.controller}'
[57019.161697] read descriptors
[57019.161809] read strings
[57019.163705] init: processing action (sys.usb.config=adb && sys.usb.configfs=1 && sys.usb.ffs.ready=1) from (/system/etc/init/hw/init.usb.configfs.rc:21)
[57019.168546] init: Command 'symlink /config/usb_gadget/g1/functions/ffs.adb /config/usb_gadget/g1/configs/b.1/f1' action=sys.usb.config=adb && sys.usb.configfs=1 && sys.usb.ffs.ready=1 (/system/etc/init/hw/init.usb.configfs.rc:23) took 1ms and failed: symlink() failed: File exists
[57019.169117] init: Command 'write /config/usb_gadget/g1/UDC ${sys.usb.controller}' action=sys.usb.config=adb && sys.usb.configfs=1 && sys.usb.ffs.ready=1 (/system/etc/init/hw/init.usb.configfs.rc:24) took 0ms and failed: property 'sys.usb.controller' doesn't exist while expanding '${sys.usb.controller}'
[57020.205078] read descriptors
[57020.205177] read strings
[57020.207157] init: processing action (sys.usb.config=adb && sys.usb.configfs=1 && sys.usb.ffs.ready=1) from (/system/etc/init/hw/init.usb.configfs.rc:21)
[57020.210812] init: Command 'symlink /config/usb_gadget/g1/functions/ffs.adb /config/usb_gadget/g1/configs/b.1/f1' action=sys.usb.config=adb && sys.usb.configfs=1 && sys.usb.ffs.ready=1 (/system/etc/init/hw/init.usb.configfs.rc:23) took 1ms and failed: symlink() failed: File exists
[57020.211570] init: Command 'write /config/usb_gadget/g1/UDC ${sys.usb.controller}' action=sys.usb.config=adb && sys.usb.configfs=1 && sys.usb.ffs.ready=1 (/system/etc/init/hw/init.usb.configfs.rc:24) took 0ms and failed: property 'sys.usb.controller' doesn't exist while expanding '${sys.usb.controller}'
[57020.751178] AICWFDBG(LOGTRACE)\x09>>> rwnx_cfg80211_scan()
[57020.751268] AICWFDBG(LOGTRACE)\x09>>> rwnx_send_scanu_req()
[57020.751315] AICWFDBG(LOGDEBUG)\x09scan channel:1(2412) \x0d
[57020.751341] AICWFDBG(LOGDEBUG)\x09scan channel:2(2417) \x0d
[57020.751408] AICWFDBG(LOGDEBUG)\x09scan channel:3(2422) \x0d
[57020.751440] AICWFDBG(LOGDEBUG)\x09scan channel:4(2427) \x0d
[57020.751463] AICWFDBG(LOGDEBUG)\x09scan channel:5(2432) \x0d
[57020.751485] AICWFDBG(LOGDEBUG)\x09scan channel:6(2437) \x0d
[57020.751508] AICWFDBG(LOGDEBUG)\x09scan channel:7(2442) \x0d
[57020.751531] AICWFDBG(LOGDEBUG)\x09scan channel:8(2447) \x0d
[57020.751562] AICWFDBG(LOGDEBUG)\x09scan channel:9(2452) \x0d
[57020.751584] AICWFDBG(LOGDEBUG)\x09scan channel:10(2457) \x0d
[57020.751606] AICWFDBG(LOGDEBUG)\x09scan channel:11(2462) \x0d
[57020.751636] AICWFDBG(LOGDEBUG)\x09scan channel:12(2467) \x0d
[57020.751658] AICWFDBG(LOGDEBUG)\x09scan channel:13(2472) \x0d
[57020.751687] AICWFDBG(LOGDEBUG)\x09scan channel:36(5180) \x0d
[57020.751710] AICWFDBG(LOGDEBUG)\x09scan channel:40(5200) \x0d
[57020.751733] AICWFDBG(LOGDEBUG)\x09scan channel:44(5220) \x0d
[57020.751765] AICWFDBG(LOGDEBUG)\x09scan channel:48(5240) \x0d
[57020.751788] AICWFDBG(LOGDEBUG)\x09scan channel:52(5260) \x0d
[57020.751818] AICWFDBG(LOGDEBUG)\x09scan channel:56(5280) \x0d
[57020.751840] AICWFDBG(LOGDEBUG)\x09scan channel:60(5300) \x0d
[57020.751863] AICWFDBG(LOGDEBUG)\x09scan channel:64(5320) \x0d
[57020.751893] AICWFDBG(LOGDEBUG)\x09scan channel:149(5745) \x0d
[57020.751916] AICWFDBG(LOGDEBUG)\x09scan channel:153(5765) \x0d
[57020.751939] AICWFDBG(LOGDEBUG)\x09scan channel:157(5785) \x0d
[57020.751965] AICWFDBG(LOGDEBUG)\x09scan channel:161(5805) \x0d
[57020.751988] AICWFDBG(LOGDEBUG)\x09scan channel:165(5825) \x0d
[57020.752029] AICWFDBG(LOGTRACE)\x09rwnx_send_msg (4105)SCANU_START_CFM_ADDTIONAL reqcfm:1 in_irq:0 in_softirq:0 in_atomic:0\x0d
[57020.752074] AICWFDBG(LOGTRACE)\x09rwnx_cmd_malloc get cmd_array[0]:00000000f100465a \x0d
[57020.752961] AICWFDBG(LOGDEBUG)\x09rwnx_rx_handle_msg msg->id:0x1009 \x0d
[57020.753194] AICWFDBG(LOGTRACE)\x09rwnx_cmd_free cmd_array[0]:00000000f100465a \x0d
[57020.777912] AICWFDBG(LOGDEBUG)\x09rwnx_rx_handle_msg msg->id:0x1004 \x0d
[57020.803624] AICWFDBG(LOGDEBUG)\x09rwnx_rx_handle_msg msg->id:0x1004 \x0d
[57020.808005] AICWFDBG(LOGDEBUG)\x09rwnx_rx_handle_msg msg->id:0x4f \x0d
[57020.814866] AICWFDBG(LOGDEBUG)\x09rwnx_rx_handle_msg msg->id:0x1004 \x0d
[57020.817818] AICWFDBG(LOGDEBUG)\x09rwnx_rx_handle_msg msg->id:0x1004 \x0d
[57020.821213] AICWFDBG(LOGDEBUG)\x09rwnx_rx_handle_msg msg->id:0x1004 \x0d
[57020.843059] AICWFDBG(LOGDEBUG)\x09rwnx_rx_handle_msg msg->id:0x4f \x0d
[57020.848305] AICWFDBG(LOGDEBUG)\x09rwnx_rx_handle_msg msg->id:0x1004 \x0d
[57020.872242] AICWFDBG(LOGDEBUG)\x09rwnx_rx_handle_msg msg->id:0x1004 \x0d
[57020.878074] AICWFDBG(LOGDEBUG)\x09rwnx_rx_handle_msg msg->id:0x4f \x0d
[57020.913120] AICWFDBG(LOGDEBUG)\x09rwnx_rx_handle_msg msg->id:0x4f \x0d
[57020.951117] AICWFDBG(LOGDEBUG)\x09rwnx_rx_handle_msg msg->id:0x4f \x0d
[57021.006046] AICWFDBG(LOGDEBUG)\x09rwnx_rx_handle_msg msg->id:0x4f \x0d
[57021.041068] AICWFDBG(LOGDEBUG)\x09rwnx_rx_handle_msg msg->id:0x4f \x0d
[57021.076064] AICWFDBG(LOGDEBUG)\x09rwnx_rx_handle_msg msg->id:0x4f \x0d
[57021.078563] AICWFDBG(LOGDEBUG)\x09rwnx_rx_handle_msg msg->id:0x1004 \x0d
[57021.079140] AICWFDBG(LOGDEBUG)\x09rwnx_rx_handle_msg msg->id:0x1004 \x0d
[57021.098661] AICWFDBG(LOGDEBUG)\x09rwnx_rx_handle_msg msg->id:0x1004 \x0d
[57021.102633] AICWFDBG(LOGDEBUG)\x09rwnx_rx_handle_msg msg->id:0x1004 \x0d
[57021.111100] AICWFDBG(LOGDEBUG)\x09rwnx_rx_handle_msg msg->id:0x4f \x0d
[57021.146090] AICWFDBG(LOGDEBUG)\x09rwnx_rx_handle_msg msg->id:0x4f \x0d
[57021.201135] AICWFDBG(LOGDEBUG)\x09rwnx_rx_handle_msg msg->id:0x4f \x0d
[57021.236048] AICWFDBG(LOGDEBUG)\x09rwnx_rx_handle_msg msg->id:0x4f \x0d
[57021.254737] read descriptors
[57021.254837] read strings
[57021.256150] init: processing action (sys.usb.config=adb && sys.usb.configfs=1 && sys.usb.ffs.ready=1) from (/system/etc/init/hw/init.usb.configfs.rc:21)
[57021.291221] AICWFDBG(LOGDEBUG)\x09rwnx_rx_handle_msg msg->id:0x4f \x0d
[57021.293000] AICWFDBG(LOGDEBUG)\x09rwnx_rx_handle_msg msg->id:0x1004 \x0d
[57021.303354] AICWFDBG(LOGDEBUG)\x09rwnx_rx_handle_msg msg->id:0x1004 \x0d
[57021.346217] AICWFDBG(LOGDEBUG)\x09rwnx_rx_handle_msg msg->id:0x4f \x0d
[57021.381111] AICWFDBG(LOGDEBUG)\x09rwnx_rx_handle_msg msg->id:0x4f \x0d
[57021.436264] AICWFDBG(LOGDEBUG)\x09rwnx_rx_handle_msg msg->id:0x4f \x0d
[57021.438441] AICWFDBG(LOGDEBUG)\x09rwnx_rx_handle_msg msg->id:0x1004 \x0d
[57021.471271] AICWFDBG(LOGDEBUG)\x09rwnx_rx_handle_msg msg->id:0x4f \x0d
[57021.506282] AICWFDBG(LOGDEBUG)\x09rwnx_rx_handle_msg msg->id:0x4f \x0d
[57021.541308] AICWFDBG(LOGDEBUG)\x09rwnx_rx_handle_msg msg->id:0x4f \x0d
[57021.576342] AICWFDBG(LOGDEBUG)\x09rwnx_rx_handle_msg msg->id:0x4f \x0d
[57021.611381] AICWFDBG(LOGDEBUG)\x09rwnx_rx_handle_msg msg->id:0x4f \x0d
[57021.613733] AICWFDBG(LOGDEBUG)\x09rwnx_rx_handle_msg msg->id:0x1004 \x0d
[57021.646360] AICWFDBG(LOGDEBUG)\x09rwnx_rx_handle_msg msg->id:0x4f \x0d
[57021.701416] AICWFDBG(LOGDEBUG)\x09rwnx_rx_handle_msg msg->id:0x4f \x0d
[57021.756398] AICWFDBG(LOGDEBUG)\x09rwnx_rx_handle_msg msg->id:0x4f \x0d
[57021.811322] AICWFDBG(LOGDEBUG)\x09rwnx_rx_handle_msg msg->id:0x4f \x0d
[57021.846330] AICWFDBG(LOGDEBUG)\x09rwnx_rx_handle_msg msg->id:0x4f \x0d
[57021.846386] AICWFDBG(LOGDEBUG)\x09rwnx_rx_handle_msg msg->id:0x1001 \x0d
[57021.846409] AICWFDBG(LOGTRACE)\x09>>> rwnx_rx_scanu_start_cfm()
[57022.295054] read descriptors
[57022.295159] read strings
[57023.351699] read descriptors
[57023.351817] read strings
[57023.353756] init: processing action (sys.usb.config=adb && sys.usb.configfs=1 && sys.usb.ffs.ready=1) from (/system/etc/init/hw/init.usb.configfs.rc:21)
[57023.357878] init: Command 'symlink /config/usb_gadget/g1/functions/ffs.adb /config/usb_gadget/g1/configs/b.1/f1' action=sys.usb.config=adb && sys.usb.configfs=1 && sys.usb.ffs.ready=1 (/system/etc/init/hw/init.usb.configfs.rc:23) took 1ms and failed: symlink() failed: File exists
[57023.358639] init: Command 'write /config/usb_gadget/g1/UDC ${sys.usb.controller}' action=sys.usb.config=adb && sys.usb.configfs=1 && sys.usb.ffs.ready=1 (/system/etc/init/hw/init.usb.configfs.rc:24) took 0ms and failed: property 'sys.usb.controller' doesn't exist while expanding '${sys.usb.controller}'
[57024.398382] read descriptors
[57024.398496] read strings
[57024.400519] init: processing action (sys.usb.config=adb && sys.usb.configfs=1 && sys.usb.ffs.ready=1) from (/system/etc/init/hw/init.usb.configfs.rc:21)
[57024.405116] init: Command 'symlink /config/usb_gadget/g1/functions/ffs.adb /config/usb_gadget/g1/configs/b.1/f1' action=sys.usb.config=adb && sys.usb.configfs=1 && sys.usb.ffs.ready=1 (/system/etc/init/hw/init.usb.configfs.rc:23) took 1ms and failed: symlink() failed: File exists
[57024.405789] init: Command 'write /config/usb_gadget/g1/UDC ${sys.usb.controller}' action=sys.usb.config=adb && sys.usb.configfs=1 && sys.usb.ffs.ready=1 (/system/etc/init/hw/init.usb.configfs.rc:24) took 0ms and failed: property 'sys.usb.controller' doesn't exist while expanding '${sys.usb.controller}'
[57025.438377] read descriptors
[57025.438490] read strings
[57025.440615] init: processing action (sys.usb.config=adb && sys.usb.configfs=1 && sys.usb.ffs.ready=1) from (/system/etc/init/hw/init.usb.configfs.rc:21)
[57025.444590] init: Command 'symlink /config/usb_gadget/g1/functions/ffs.adb /config/usb_gadget/g1/configs/b.1/f1' action=sys.usb.config=adb && sys.usb.configfs=1 && sys.usb.ffs.ready=1 (/system/etc/init/hw/init.usb.configfs.rc:23) took 1ms and failed: symlink() failed: File exists
[57025.445262] init: Command 'write /config/usb_gadget/g1/UDC ${sys.usb.controller}' action=sys.usb.config=adb && sys.usb.configfs=1 && sys.usb.ffs.ready=1 (/system/etc/init/hw/init.usb.configfs.rc:24) took 0ms and failed: property 'sys.usb.controller' doesn't exist while expanding '${sys.usb.controller}'
[57026.478364] read descriptors
[57026.478518] read strings
[57026.480527] init: processing action (sys.usb.config=adb && sys.usb.configfs=1 && sys.usb.ffs.ready=1) from (/system/etc/init/hw/init.usb.configfs.rc:21)
[57027.518447] read descriptors
[57027.518571] read strings
[57028.568360] read descriptors
[57028.568453] read strings
[57028.570189] init: processing action (sys.usb.config=adb && sys.usb.configfs=1 && sys.usb.ffs.ready=1) from (/system/etc/init/hw/init.usb.configfs.rc:21)
[57028.574134] init: Command 'symlink /config/usb_gadget/g1/functions/ffs.adb /config/usb_gadget/g1/configs/b.1/f1' action=sys.usb.config=adb && sys.usb.configfs=1 && sys.usb.ffs.ready=1 (/system/etc/init/hw/init.usb.configfs.rc:23) took 1ms and failed: symlink() failed: File exists
[57028.574960] init: Command 'write /config/usb_gadget/g1/UDC ${sys.usb.controller}' action=sys.usb.config=adb && sys.usb.configfs=1 && sys.usb.ffs.ready=1 (/system/etc/init/hw/init.usb.configfs.rc:24) took 0ms and failed: property 'sys.usb.controller' doesn't exist while expanding '${sys.usb.controller}'
[57029.625142] read descriptors
[57029.625261] read strings
[57029.627285] init: processing action (sys.usb.config=adb && sys.usb.configfs=1 && sys.usb.ffs.ready=1) from (/system/etc/init/hw/init.usb.configfs.rc:21)
[57029.631159] init: Command 'symlink /config/usb_gadget/g1/functions/ffs.adb /config/usb_gadget/g1/configs/b.1/f1' action=sys.usb.config=adb && sys.usb.configfs=1 && sys.usb.ffs.ready=1 (/system/etc/init/hw/init.usb.configfs.rc:23) took 1ms and failed: symlink() failed: File exists
[57029.631845] init: Command 'write /config/usb_gadget/g1/UDC ${sys.usb.controller}' action=sys.usb.config=adb && sys.usb.configfs=1 && sys.usb.ffs.ready=1 (/system/etc/init/hw/init.usb.configfs.rc:24) took 0ms and failed: property 'sys.usb.controller' doesn't exist while expanding '${sys.usb.controller}'
[57030.695243] read descriptors
[57030.695352] read strings
[57030.697301] init: processing action (sys.usb.config=adb && sys.usb.configfs=1 && sys.usb.ffs.ready=1) from (/system/etc/init/hw/init.usb.configfs.rc:21)
[57030.701331] init: Command 'symlink /config/usb_gadget/g1/functions/ffs.adb /config/usb_gadget/g1/configs/b.1/f1' action=sys.usb.config=adb && sys.usb.configfs=1 && sys.usb.ffs.ready=1 (/system/etc/init/hw/init.usb.configfs.rc:23) took 1ms and failed: symlink() failed: File exists
[57030.701983] init: Command 'write /config/usb_gadget/g1/UDC ${sys.usb.controller}' action=sys.usb.config=adb && sys.usb.configfs=1 && sys.usb.ffs.ready=1 (/system/etc/init/hw/init.usb.configfs.rc:24) took 0ms and failed: property 'sys.usb.controller' doesn't exist while expanding '${sys.usb.controller}'
[57030.735897] AICWFDBG(LOGTRACE)\x09>>> rwnx_cfg80211_scan()
[57030.735954] AICWFDBG(LOGTRACE)\x09>>> rwnx_send_scanu_req()
[57030.735971] AICWFDBG(LOGDEBUG)\x09scan channel:1(2412) \x0d
[57030.735980] AICWFDBG(LOGDEBUG)\x09scan channel:2(2417) \x0d
[57030.735990] AICWFDBG(LOGDEBUG)\x09scan channel:3(2422) \x0d
[57030.736009] AICWFDBG(LOGDEBUG)\x09scan channel:4(2427) \x0d
[57030.736019] AICWFDBG(LOGDEBUG)\x09scan channel:5(2432) \x0d
[57030.736028] AICWFDBG(LOGDEBUG)\x09scan channel:6(2437) \x0d
[57030.736037] AICWFDBG(LOGDEBUG)\x09scan channel:7(2442) \x0d
[57030.736046] AICWFDBG(LOGDEBUG)\x09scan channel:8(2447) \x0d
[57030.736056] AICWFDBG(LOGDEBUG)\x09scan channel:9(2452) \x0d
[57030.736071] AICWFDBG(LOGDEBUG)\x09scan channel:10(2457) \x0d
[57030.736079] AICWFDBG(LOGDEBUG)\x09scan channel:11(2462) \x0d
[57030.736088] AICWFDBG(LOGDEBUG)\x09scan channel:12(2467) \x0d
[57030.736097] AICWFDBG(LOGDEBUG)\x09scan channel:13(2472) \x0d
[57030.736106] AICWFDBG(LOGDEBUG)\x09scan channel:36(5180) \x0d
[57030.736114] AICWFDBG(LOGDEBUG)\x09scan channel:40(5200) \x0d
[57030.736123] AICWFDBG(LOGDEBUG)\x09scan channel:44(5220) \x0d
[57030.736141] AICWFDBG(LOGDEBUG)\x09scan channel:48(5240) \x0d
[57030.736149] AICWFDBG(LOGDEBUG)\x09scan channel:52(5260) \x0d
[57030.736158] AICWFDBG(LOGDEBUG)\x09scan channel:56(5280) \x0d
[57030.736166] AICWFDBG(LOGDEBUG)\x09scan channel:60(5300) \x0d
[57030.736175] AICWFDBG(LOGDEBUG)\x09scan channel:64(5320) \x0d
[57030.736184] AICWFDBG(LOGDEBUG)\x09scan channel:149(5745) \x0d
[57030.736201] AICWFDBG(LOGDEBUG)\x09scan channel:153(5765) \x0d
[57030.736210] AICWFDBG(LOGDEBUG)\x09scan channel:157(5785) \x0d
[57030.736219] AICWFDBG(LOGDEBUG)\x09scan channel:161(5805) \x0d
[57030.736227] AICWFDBG(LOGDEBUG)\x09scan channel:165(5825) \x0d
[57030.736239] AICWFDBG(LOGTRACE)\x09rwnx_send_msg (4105)SCANU_START_CFM_ADDTIONAL reqcfm:1 in_irq:0 in_softirq:0 in_atomic:0\x0d
[57030.736266] AICWFDBG(LOGTRACE)\x09rwnx_cmd_malloc get cmd_array[0]:00000000f100465a \x0d
[57030.736845] AICWFDBG(LOGDEBUG)\x09rwnx_rx_handle_msg msg->id:0x1009 \x0d
[57030.736887] AICWFDBG(LOGTRACE)\x09rwnx_cmd_free cmd_array[0]:00000000f100465a \x0d
[57030.753145] AICWFDBG(LOGDEBUG)\x09rwnx_rx_handle_msg msg->id:0x1004 \x0d
[57030.791715] AICWFDBG(LOGDEBUG)\x09rwnx_rx_handle_msg msg->id:0x1004 \x0d
[57030.792117] AICWFDBG(LOGDEBUG)\x09rwnx_rx_handle_msg msg->id:0x4f \x0d
[57030.798947] AICWFDBG(LOGDEBUG)\x09rwnx_rx_handle_msg msg->id:0x1004 \x0d
[57030.804626] AICWFDBG(LOGDEBUG)\x09rwnx_rx_handle_msg msg->id:0x1004 \x0d
[57030.812877] AICWFDBG(LOGDEBUG)\x09rwnx_rx_handle_msg msg->id:0x1004 \x0d
[57030.827066] AICWFDBG(LOGDEBUG)\x09rwnx_rx_handle_msg msg->id:0x4f \x0d
[57030.838617] AICWFDBG(LOGDEBUG)\x09rwnx_rx_handle_msg msg->id:0x1004 \x0d
[57030.849551] AICWFDBG(LOGDEBUG)\x09rwnx_rx_handle_msg msg->id:0x1004 \x0d
[57030.862080] AICWFDBG(LOGDEBUG)\x09rwnx_rx_handle_msg msg->id:0x4f \x0d
[57030.897124] AICWFDBG(LOGDEBUG)\x09rwnx_rx_handle_msg msg->id:0x4f \x0d
[57030.932140] AICWFDBG(LOGDEBUG)\x09rwnx_rx_handle_msg msg->id:0x4f \x0d
[57030.987193] AICWFDBG(LOGDEBUG)\x09rwnx_rx_handle_msg msg->id:0x4f \x0d
[57031.022192] AICWFDBG(LOGDEBUG)\x09rwnx_rx_handle_msg msg->id:0x4f \x0d
[57031.057195] AICWFDBG(LOGDEBUG)\x09rwnx_rx_handle_msg msg->id:0x4f \x0d
[57031.059874] AICWFDBG(LOGDEBUG)\x09rwnx_rx_handle_msg msg->id:0x1004 \x0d
[57031.060371] AICWFDBG(LOGDEBUG)\x09rwnx_rx_handle_msg msg->id:0x1004 \x0d
[57031.093799] AICWFDBG(LOGDEBUG)\x09rwnx_rx_handle_msg msg->id:0x4f \x0d
[57031.094131] AICWFDBG(LOGDEBUG)\x09rwnx_rx_handle_msg msg->id:0x1004 \x0d
[57031.128781] AICWFDBG(LOGDEBUG)\x09rwnx_rx_handle_msg msg->id:0x4f \x0d
[57031.183847] AICWFDBG(LOGDEBUG)\x09rwnx_rx_handle_msg msg->id:0x4f \x0d
[57031.218865] AICWFDBG(LOGDEBUG)\x09rwnx_rx_handle_msg msg->id:0x4f \x0d
[57031.273930] AICWFDBG(LOGDEBUG)\x09rwnx_rx_handle_msg msg->id:0x4f \x0d
[57031.275670] AICWFDBG(LOGDEBUG)\x09rwnx_rx_handle_msg msg->id:0x1004 \x0d
[57031.328798] AICWFDBG(LOGDEBUG)\x09rwnx_rx_handle_msg msg->id:0x4f \x0d
[57031.363948] AICWFDBG(LOGDEBUG)\x09rwnx_rx_handle_msg msg->id:0x4f \x0d
[57031.418982] AICWFDBG(LOGDEBUG)\x09rwnx_rx_handle_msg msg->id:0x4f \x0d
[57031.421141] AICWFDBG(LOGDEBUG)\x09rwnx_rx_handle_msg msg->id:0x1004 \x0d
[57031.424022] AICWFDBG(LOGDEBUG)\x09rwnx_rx_handle_msg msg->id:0x1004 \x0d
[57031.424745] AICWFDBG(LOGDEBUG)\x09rwnx_rx_handle_msg msg->id:0x1004 \x0d
[57031.453995] AICWFDBG(LOGDEBUG)\x09rwnx_rx_handle_msg msg->id:0x4f \x0d
[57031.488974] AICWFDBG(LOGDEBUG)\x09rwnx_rx_handle_msg msg->id:0x4f \x0d
[57031.524065] AICWFDBG(LOGDEBUG)\x09rwnx_rx_handle_msg msg->id:0x4f \x0d
[57031.559066] AICWFDBG(LOGDEBUG)\x09rwnx_rx_handle_msg msg->id:0x4f \x0d
[57031.594105] AICWFDBG(LOGDEBUG)\x09rwnx_rx_handle_msg msg->id:0x4f \x0d
[57031.607049] AICWFDBG(LOGDEBUG)\x09rwnx_rx_handle_msg msg->id:0x1004 \x0d
[57031.629074] AICWFDBG(LOGDEBUG)\x09rwnx_rx_handle_msg msg->id:0x4f \x0d
[57031.684126] AICWFDBG(LOGDEBUG)\x09rwnx_rx_handle_msg msg->id:0x4f \x0d
[57031.739166] AICWFDBG(LOGDEBUG)\x09rwnx_rx_handle_msg msg->id:0x4f \x0d
[57031.768343] read descriptors
[57031.768435] read strings
[57031.770201] init: processing action (sys.usb.config=adb && sys.usb.configfs=1 && sys.usb.ffs.ready=1) from (/system/etc/init/hw/init.usb.configfs.rc:21)
[57031.794168] AICWFDBG(LOGDEBUG)\x09rwnx_rx_handle_msg msg->id:0x4f \x0d
[57031.829226] AICWFDBG(LOGDEBUG)\x09rwnx_rx_handle_msg msg->id:0x4f \x0d
[57031.829304] AICWFDBG(LOGDEBUG)\x09rwnx_rx_handle_msg msg->id:0x1001 \x0d
[57031.829336] AICWFDBG(LOGTRACE)\x09>>> rwnx_rx_scanu_start_cfm()
[57032.841974] read descriptors
[57032.842092] read strings
[57033.881717] read descriptors
[57033.881831] read strings
[57033.884068] init: processing action (sys.usb.config=adb && sys.usb.configfs=1 && sys.usb.ffs.ready=1) from (/system/etc/init/hw/init.usb.configfs.rc:21)
[57033.888184] init: Command 'symlink /config/usb_gadget/g1/functions/ffs.adb /config/usb_gadget/g1/configs/b.1/f1' action=sys.usb.config=adb && sys.usb.configfs=1 && sys.usb.ffs.ready=1 (/system/etc/init/hw/init.usb.configfs.rc:23) took 1ms and failed: symlink() failed: File exists
[57033.888813] init: Command 'write /config/usb_gadget/g1/UDC ${sys.usb.controller}' action=sys.usb.config=adb && sys.usb.configfs=1 && sys.usb.ffs.ready=1 (/system/etc/init/hw/init.usb.configfs.rc:24) took 0ms and failed: property 'sys.usb.controller' doesn't exist while expanding '${sys.usb.controller}'
[57034.917992] read descriptors
[57034.918055] read strings
[57034.919151] init: processing action (sys.usb.config=adb && sys.usb.configfs=1 && sys.usb.ffs.ready=1) from (/system/etc/init/hw/init.usb.configfs.rc:21)
[57034.921324] init: Command 'symlink /config/usb_gadget/g1/functions/ffs.adb /config/usb_gadget/g1/configs/b.1/f1' action=sys.usb.config=adb && sys.usb.configfs=1 && sys.usb.ffs.ready=1 (/system/etc/init/hw/init.usb.configfs.rc:23) took 0ms and failed: symlink() failed: File exists
[57034.921707] init: Command 'write /config/usb_gadget/g1/UDC ${sys.usb.controller}' action=sys.usb.config=adb && sys.usb.configfs=1 && sys.usb.ffs.ready=1 (/system/etc/init/hw/init.usb.configfs.rc:24) took 0ms and failed: property 'sys.usb.controller' doesn't exist while expanding '${sys.usb.controller}'
[57035.958369] read descriptors
[57035.958482] read strings
[57035.960474] init: processing action (sys.usb.config=adb && sys.usb.configfs=1 && sys.usb.ffs.ready=1) from (/system/etc/init/hw/init.usb.configfs.rc:21)
[57035.964496] init: Command 'symlink /config/usb_gadget/g1/functions/ffs.adb /config/usb_gadget/g1/configs/b.1/f1' action=sys.usb.config=adb && sys.usb.configfs=1 && sys.usb.ffs.ready=1 (/system/etc/init/hw/init.usb.configfs.rc:23) took 1ms and failed: symlink() failed: File exists
[57035.965169] init: Command 'write /config/usb_gadget/g1/UDC ${sys.usb.controller}' action=sys.usb.config=adb && sys.usb.configfs=1 && sys.usb.ffs.ready=1 (/system/etc/init/hw/init.usb.configfs.rc:24) took 0ms and failed: property 'sys.usb.controller' doesn't exist while expanding '${sys.usb.controller}'
[57037.008415] read descriptors
[57037.008510] read strings
[57037.010376] init: processing action (sys.usb.config=adb && sys.usb.configfs=1 && sys.usb.ffs.ready=1) from (/system/etc/init/hw/init.usb.configfs.rc:21)
[57038.075124] read descriptors
[57038.075244] read strings
[57039.131929] read descriptors
[57039.132041] read strings
[57039.134072] init: processing action (sys.usb.config=adb && sys.usb.configfs=1 && sys.usb.ffs.ready=1) from (/system/etc/init/hw/init.usb.configfs.rc:21)
[57039.138105] init: Command 'symlink /config/usb_gadget/g1/functions/ffs.adb /config/usb_gadget/g1/configs/b.1/f1' action=sys.usb.config=adb && sys.usb.configfs=1 && sys.usb.ffs.ready=1 (/system/etc/init/hw/init.usb.configfs.rc:23) took 1ms and failed: symlink() failed: File exists
[57039.138791] init: Command 'write /config/usb_gadget/g1/UDC ${sys.usb.controller}' action=sys.usb.config=adb && sys.usb.configfs=1 && sys.usb.ffs.ready=1 (/system/etc/init/hw/init.usb.configfs.rc:24) took 0ms and failed: property 'sys.usb.controller' doesn't exist while expanding '${sys.usb.controller}'
[57040.201893] read descriptors
[57040.202007] read strings
[57040.204028] init: processing action (sys.usb.config=adb && sys.usb.configfs=1 && sys.usb.ffs.ready=1) from (/system/etc/init/hw/init.usb.configfs.rc:21)
[57040.207965] init: Command 'symlink /config/usb_gadget/g1/functions/ffs.adb /config/usb_gadget/g1/configs/b.1/f1' action=sys.usb.config=adb && sys.usb.configfs=1 && sys.usb.ffs.ready=1 (/system/etc/init/hw/init.usb.configfs.rc:23) took 1ms and failed: symlink() failed: File exists
[57040.208595] init: Command 'write /config/usb_gadget/g1/UDC ${sys.usb.controller}' action=sys.usb.config=adb && sys.usb.configfs=1 && sys.usb.ffs.ready=1 (/system/etc/init/hw/init.usb.configfs.rc:24) took 0ms and failed: property 'sys.usb.controller' doesn't exist while expanding '${sys.usb.controller}'
[57040.757988] AICWFDBG(LOGTRACE)\x09>>> rwnx_cfg80211_scan()
[57040.758064] AICWFDBG(LOGTRACE)\x09>>> rwnx_send_scanu_req()
[57040.758097] AICWFDBG(LOGDEBUG)\x09scan channel:1(2412) \x0d
[57040.758113] AICWFDBG(LOGDEBUG)\x09scan channel:2(2417) \x0d
[57040.758129] AICWFDBG(LOGDEBUG)\x09scan channel:3(2422) \x0d
[57040.758150] AICWFDBG(LOGDEBUG)\x09scan channel:4(2427) \x0d
[57040.758167] AICWFDBG(LOGDEBUG)\x09scan channel:5(2432) \x0d
[57040.758185] AICWFDBG(LOGDEBUG)\x09scan channel:6(2437) \x0d
[57040.758201] AICWFDBG(LOGDEBUG)\x09scan channel:7(2442) \x0d
[57040.758224] AICWFDBG(LOGDEBUG)\x09scan channel:8(2447) \x0d
[57040.758239] AICWFDBG(LOGDEBUG)\x09scan channel:9(2452) \x0d
[57040.758255] AICWFDBG(LOGDEBUG)\x09scan channel:10(2457) \x0d
[57040.758269] AICWFDBG(LOGDEBUG)\x09scan channel:11(2462) \x0d
[57040.758296] AICWFDBG(LOGDEBUG)\x09scan channel:12(2467) \x0d
[57040.758311] AICWFDBG(LOGDEBUG)\x09scan channel:13(2472) \x0d
[57040.758326] AICWFDBG(LOGDEBUG)\x09scan channel:36(5180) \x0d
[57040.758352] AICWFDBG(LOGDEBUG)\x09scan channel:40(5200) \x0d
[57040.758367] AICWFDBG(LOGDEBUG)\x09scan channel:44(5220) \x0d
[57040.758382] AICWFDBG(LOGDEBUG)\x09scan channel:48(5240) \x0d
[57040.758397] AICWFDBG(LOGDEBUG)\x09scan channel:52(5260) \x0d
[57040.758414] AICWFDBG(LOGDEBUG)\x09scan channel:56(5280) \x0d
[57040.758428] AICWFDBG(LOGDEBUG)\x09scan channel:60(5300) \x0d
[57040.758444] AICWFDBG(LOGDEBUG)\x09scan channel:64(5320) \x0d
[57040.758461] AICWFDBG(LOGDEBUG)\x09scan channel:149(5745) \x0d
[57040.758480] AICWFDBG(LOGDEBUG)\x09scan channel:153(5765) \x0d
[57040.758495] AICWFDBG(LOGDEBUG)\x09scan channel:157(5785) \x0d
[57040.758511] AICWFDBG(LOGDEBUG)\x09scan channel:161(5805) \x0d
[57040.758526] AICWFDBG(LOGDEBUG)\x09scan channel:165(5825) \x0d
[57040.758549] AICWFDBG(LOGTRACE)\x09rwnx_send_msg (4105)SCANU_START_CFM_ADDTIONAL reqcfm:1 in_irq:0 in_softirq:0 in_atomic:0\x0d
[57040.758574] AICWFDBG(LOGTRACE)\x09rwnx_cmd_malloc get cmd_array[0]:00000000f100465a \x0d
[57040.759289] AICWFDBG(LOGDEBUG)\x09rwnx_rx_handle_msg msg->id:0x1009 \x0d
[57040.759402] AICWFDBG(LOGTRACE)\x09rwnx_cmd_free cmd_array[0]:00000000f100465a \x0d
[57040.814507] AICWFDBG(LOGDEBUG)\x09rwnx_rx_handle_msg msg->id:0x4f \x0d
[57040.821611] AICWFDBG(LOGDEBUG)\x09rwnx_rx_handle_msg msg->id:0x1004 \x0d
[57040.839586] AICWFDBG(LOGDEBUG)\x09rwnx_rx_handle_msg msg->id:0x1004 \x0d
[57040.847788] AICWFDBG(LOGDEBUG)\x09rwnx_rx_handle_msg msg->id:0x1004 \x0d
[57040.849295] AICWFDBG(LOGDEBUG)\x09rwnx_rx_handle_msg msg->id:0x4f \x0d
[57040.856268] AICWFDBG(LOGDEBUG)\x09rwnx_rx_handle_msg msg->id:0x1004 \x0d
[57040.884379] AICWFDBG(LOGDEBUG)\x09rwnx_rx_handle_msg msg->id:0x4f \x0d
[57040.919533] AICWFDBG(LOGDEBUG)\x09rwnx_rx_handle_msg msg->id:0x4f \x0d
[57040.958141] AICWFDBG(LOGDEBUG)\x09rwnx_rx_handle_msg msg->id:0x4f \x0d
[57041.013162] AICWFDBG(LOGDEBUG)\x09rwnx_rx_handle_msg msg->id:0x4f \x0d
[57041.048192] AICWFDBG(LOGDEBUG)\x09rwnx_rx_handle_msg msg->id:0x4f \x0d
[57041.083190] AICWFDBG(LOGDEBUG)\x09rwnx_rx_handle_msg msg->id:0x4f \x0d
[57041.085914] AICWFDBG(LOGDEBUG)\x09rwnx_rx_handle_msg msg->id:0x1004 \x0d
[57041.086348] AICWFDBG(LOGDEBUG)\x09rwnx_rx_handle_msg msg->id:0x1004 \x0d
[57041.118200] AICWFDBG(LOGDEBUG)\x09rwnx_rx_handle_msg msg->id:0x4f \x0d
[57041.153264] AICWFDBG(LOGDEBUG)\x09rwnx_rx_handle_msg msg->id:0x4f \x0d
[57041.166950] AICWFDBG(LOGDEBUG)\x09rwnx_rx_handle_msg msg->id:0x1004 \x0d
[57041.208119] AICWFDBG(LOGDEBUG)\x09rwnx_rx_handle_msg msg->id:0x4f \x0d
[57041.243160] AICWFDBG(LOGDEBUG)\x09rwnx_rx_handle_msg msg->id:0x4f \x0d
[57041.251407] read descriptors
[57041.251471] read strings
[57041.252532] init: processing action (sys.usb.config=adb && sys.usb.configfs=1 && sys.usb.ffs.ready=1) from (/system/etc/init/hw/init.usb.configfs.rc:21)
[57041.254672] init: Command 'symlink /config/usb_gadget/g1/functions/ffs.adb /config/usb_gadget/g1/configs/b.1/f1' action=sys.usb.config=adb && sys.usb.configfs=1 && sys.usb.ffs.ready=1 (/system/etc/init/hw/init.usb.configfs.rc:23) took 0ms and failed: symlink() failed: File exists
[57041.255020] init: Command 'write /config/usb_gadget/g1/UDC ${sys.usb.controller}' action=sys.usb.config=adb && sys.usb.configfs=1 && sys.usb.ffs.ready=1 (/system/etc/init/hw/init.usb.configfs.rc:24) took 0ms and failed: property 'sys.usb.controller' doesn't exist while expanding '${sys.usb.controller}'
[57041.298325] AICWFDBG(LOGDEBUG)\x09rwnx_rx_handle_msg msg->id:0x4f \x0d
[57041.300007] AICWFDBG(LOGDEBUG)\x09rwnx_rx_handle_msg msg->id:0x1004 \x0d
[57041.353371] AICWFDBG(LOGDEBUG)\x09rwnx_rx_handle_msg msg->id:0x4f \x0d
[57041.388436] AICWFDBG(LOGDEBUG)\x09rwnx_rx_handle_msg msg->id:0x4f \x0d
[57041.443339] AICWFDBG(LOGDEBUG)\x09rwnx_rx_handle_msg msg->id:0x4f \x0d
[57041.445491] AICWFDBG(LOGDEBUG)\x09rwnx_rx_handle_msg msg->id:0x1004 \x0d
[57041.458954] AICWFDBG(LOGDEBUG)\x09rwnx_rx_handle_msg msg->id:0x1004 \x0d
[57041.459621] AICWFDBG(LOGDEBUG)\x09rwnx_rx_handle_msg msg->id:0x1004 \x0d
[57041.478304] AICWFDBG(LOGDEBUG)\x09rwnx_rx_handle_msg msg->id:0x4f \x0d
[57041.513439] AICWFDBG(LOGDEBUG)\x09rwnx_rx_handle_msg msg->id:0x4f \x0d
[57041.548478] AICWFDBG(LOGDEBUG)\x09rwnx_rx_handle_msg msg->id:0x4f \x0d
[57041.583459] AICWFDBG(LOGDEBUG)\x09rwnx_rx_handle_msg msg->id:0x4f \x0d
[57041.618478] AICWFDBG(LOGDEBUG)\x09rwnx_rx_handle_msg msg->id:0x4f \x0d
[57041.642031] AICWFDBG(LOGDEBUG)\x09rwnx_rx_handle_msg msg->id:0x1004 \x0d
[57041.653483] AICWFDBG(LOGDEBUG)\x09rwnx_rx_handle_msg msg->id:0x4f \x0d
[57041.708487] AICWFDBG(LOGDEBUG)\x09rwnx_rx_handle_msg msg->id:0x4f \x0d
[57041.763560] AICWFDBG(LOGDEBUG)\x09rwnx_rx_handle_msg msg->id:0x4f \x0d
[57041.818604] AICWFDBG(LOGDEBUG)\x09rwnx_rx_handle_msg msg->id:0x4f \x0d
[57041.853604] AICWFDBG(LOGDEBUG)\x09rwnx_rx_handle_msg msg->id:0x4f \x0d
[57041.853706] AICWFDBG(LOGDEBUG)\x09rwnx_rx_handle_msg msg->id:0x1001 \x0d
[57041.853734] AICWFDBG(LOGTRACE)\x09>>> rwnx_rx_scanu_start_cfm()
[57042.308446] read descriptors
[57042.308555] read strings
[57042.310481] init: processing action (sys.usb.config=adb && sys.usb.configfs=1 && sys.usb.ffs.ready=1) from (/system/etc/init/hw/init.usb.configfs.rc:21)
[57043.358382] read descriptors
[57043.358495] read strings
[57044.398118] read descriptors
[57044.398184] read strings
[57044.399267] init: processing action (sys.usb.config=adb && sys.usb.configfs=1 && sys.usb.ffs.ready=1) from (/system/etc/init/hw/init.usb.configfs.rc:21)
[57044.401443] init: Command 'symlink /config/usb_gadget/g1/functions/ffs.adb /config/usb_gadget/g1/configs/b.1/f1' action=sys.usb.config=adb && sys.usb.configfs=1 && sys.usb.ffs.ready=1 (/system/etc/init/hw/init.usb.configfs.rc:23) took 0ms and failed: symlink() failed: File exists
[57044.401807] init: Command 'write /config/usb_gadget/g1/UDC ${sys.usb.controller}' action=sys.usb.config=adb && sys.usb.configfs=1 && sys.usb.ffs.ready=1 (/system/etc/init/hw/init.usb.configfs.rc:24) took 0ms and failed: property 'sys.usb.controller' doesn't exist while expanding '${sys.usb.controller}'
[57045.445145] read descriptors
[57045.445257] read strings
[57045.447182] init: processing action (sys.usb.config=adb && sys.usb.configfs=1 && sys.usb.ffs.ready=1) from (/system/etc/init/hw/init.usb.configfs.rc:21)
[57045.451002] init: Command 'symlink /config/usb_gadget/g1/functions/ffs.adb /config/usb_gadget/g1/configs/b.1/f1' action=sys.usb.config=adb && sys.usb.configfs=1 && sys.usb.ffs.ready=1 (/system/etc/init/hw/init.usb.configfs.rc:23) took 1ms and failed: symlink() failed: File exists
[57045.451698] init: Command 'write /config/usb_gadget/g1/UDC ${sys.usb.controller}' action=sys.usb.config=adb && sys.usb.configfs=1 && sys.usb.ffs.ready=1 (/system/etc/init/hw/init.usb.configfs.rc:24) took 0ms and failed: property 'sys.usb.controller' doesn't exist while expanding '${sys.usb.controller}'
[57046.518485] read descriptors
[57046.518586] read strings
[57046.520716] init: processing action (sys.usb.config=adb && sys.usb.configfs=1 && sys.usb.ffs.ready=1) from (/system/etc/init/hw/init.usb.configfs.rc:21)
[57046.524714] init: Command 'symlink /config/usb_gadget/g1/functions/ffs.adb /config/usb_gadget/g1/configs/b.1/f1' action=sys.usb.config=adb && sys.usb.configfs=1 && sys.usb.ffs.ready=1 (/system/etc/init/hw/init.usb.configfs.rc:23) took 1ms and failed: symlink() failed: File exists
[57046.525400] init: Command 'write /config/usb_gadget/g1/UDC ${sys.usb.controller}' action=sys.usb.config=adb && sys.usb.configfs=1 && sys.usb.ffs.ready=1 (/system/etc/init/hw/init.usb.configfs.rc:24) took 0ms and failed: property 'sys.usb.controller' doesn't exist while expanding '${sys.usb.controller}'
[57047.558389] read descriptors
[57047.558508] read strings
[57047.560411] init: processing action (sys.usb.config=adb && sys.usb.configfs=1 && sys.usb.ffs.ready=1) from (/system/etc/init/hw/init.usb.configfs.rc:21)
[57048.598001] read descriptors
[57048.598069] read strings
[57049.638369] read descriptors
[57049.638487] read strings
[57049.640359] init: processing action (sys.usb.config=adb && sys.usb.configfs=1 && sys.usb.ffs.ready=1) from (/system/etc/init/hw/init.usb.configfs.rc:21)
[57049.644490] init: Command 'symlink /config/usb_gadget/g1/functions/ffs.adb /config/usb_gadget/g1/configs/b.1/f1' action=sys.usb.config=adb && sys.usb.configfs=1 && sys.usb.ffs.ready=1 (/system/etc/init/hw/init.usb.configfs.rc:23) took 1ms and failed: symlink() failed: File exists
[57049.645234] init: Command 'write /config/usb_gadget/g1/UDC ${sys.usb.controller}' action=sys.usb.config=adb && sys.usb.configfs=1 && sys.usb.ffs.ready=1 (/system/etc/init/hw/init.usb.configfs.rc:24) took 0ms and failed: property 'sys.usb.controller' doesn't exist while expanding '${sys.usb.controller}'
[57050.688558] read descriptors
[57050.688653] read strings
[57050.690592] init: processing action (sys.usb.config=adb && sys.usb.configfs=1 && sys.usb.ffs.ready=1) from (/system/etc/init/hw/init.usb.configfs.rc:21)
[57050.694568] init: Command 'symlink /config/usb_gadget/g1/functions/ffs.adb /config/usb_gadget/g1/configs/b.1/f1' action=sys.usb.config=adb && sys.usb.configfs=1 && sys.usb.ffs.ready=1 (/system/etc/init/hw/init.usb.configfs.rc:23) took 1ms and failed: symlink() failed: File exists
[57050.695250] init: Command 'write /config/usb_gadget/g1/UDC ${sys.usb.controller}' action=sys.usb.config=adb && sys.usb.configfs=1 && sys.usb.ffs.ready=1 (/system/etc/init/hw/init.usb.configfs.rc:24) took 0ms and failed: property 'sys.usb.controller' doesn't exist while expanding '${sys.usb.controller}'
[57050.762227] AICWFDBG(LOGTRACE)\x09>>> rwnx_cfg80211_scan()
[57050.762326] AICWFDBG(LOGTRACE)\x09>>> rwnx_send_scanu_req()
[57050.762358] AICWFDBG(LOGDEBUG)\x09scan channel:1(2412) \x0d
[57050.762388] AICWFDBG(LOGDEBUG)\x09scan channel:2(2417) \x0d
[57050.762411] AICWFDBG(LOGDEBUG)\x09scan channel:3(2422) \x0d
[57050.762441] AICWFDBG(LOGDEBUG)\x09scan channel:4(2427) \x0d
[57050.762466] AICWFDBG(LOGDEBUG)\x09scan channel:5(2432) \x0d
[57050.762490] AICWFDBG(LOGDEBUG)\x09scan channel:6(2437) \x0d
[57050.762516] AICWFDBG(LOGDEBUG)\x09scan channel:7(2442) \x0d
[57050.762538] AICWFDBG(LOGDEBUG)\x09scan channel:8(2447) \x0d
[57050.762567] AICWFDBG(LOGDEBUG)\x09scan channel:9(2452) \x0d
[57050.762590] AICWFDBG(LOGDEBUG)\x09scan channel:10(2457) \x0d
[57050.762613] AICWFDBG(LOGDEBUG)\x09scan channel:11(2462) \x0d
[57050.762644] AICWFDBG(LOGDEBUG)\x09scan channel:12(2467) \x0d
[57050.762667] AICWFDBG(LOGDEBUG)\x09scan channel:13(2472) \x0d
[57050.762698] AICWFDBG(LOGDEBUG)\x09scan channel:36(5180) \x0d
[57050.762720] AICWFDBG(LOGDEBUG)\x09scan channel:40(5200) \x0d
[57050.762742] AICWFDBG(LOGDEBUG)\x09scan channel:44(5220) \x0d
[57050.762773] AICWFDBG(LOGDEBUG)\x09scan channel:48(5240) \x0d
[57050.762795] AICWFDBG(LOGDEBUG)\x09scan channel:52(5260) \x0d
[57050.762824] AICWFDBG(LOGDEBUG)\x09scan channel:56(5280) \x0d
[57050.762846] AICWFDBG(LOGDEBUG)\x09scan channel:60(5300) \x0d
[57050.762868] AICWFDBG(LOGDEBUG)\x09scan channel:64(5320) \x0d
[57050.762900] AICWFDBG(LOGDEBUG)\x09scan channel:149(5745) \x0d
[57050.762922] AICWFDBG(LOGDEBUG)\x09scan channel:153(5765) \x0d
[57050.762948] AICWFDBG(LOGDEBUG)\x09scan channel:157(5785) \x0d
[57050.762971] AICWFDBG(LOGDEBUG)\x09scan channel:161(5805) \x0d
[57050.762993] AICWFDBG(LOGDEBUG)\x09scan channel:165(5825) \x0d
[57050.763034] AICWFDBG(LOGTRACE)\x09rwnx_send_msg (4105)SCANU_START_CFM_ADDTIONAL reqcfm:1 in_irq:0 in_softirq:0 in_atomic:0\x0d
[57050.763071] AICWFDBG(LOGTRACE)\x09rwnx_cmd_malloc get cmd_array[0]:00000000f100465a \x0d
[57050.764055] AICWFDBG(LOGDEBUG)\x09rwnx_rx_handle_msg msg->id:0x1009 \x0d
[57050.764159] AICWFDBG(LOGTRACE)\x09rwnx_cmd_free cmd_array[0]:00000000f100465a \x0d
[57050.780467] AICWFDBG(LOGDEBUG)\x09rwnx_rx_handle_msg msg->id:0x1004 \x0d
[57050.806234] AICWFDBG(LOGDEBUG)\x09rwnx_rx_handle_msg msg->id:0x1004 \x0d
[57050.820559] AICWFDBG(LOGDEBUG)\x09rwnx_rx_handle_msg msg->id:0x4f \x0d
[57050.820938] AICWFDBG(LOGDEBUG)\x09rwnx_rx_handle_msg msg->id:0x1004 \x0d
[57050.827358] AICWFDBG(LOGDEBUG)\x09rwnx_rx_handle_msg msg->id:0x1004 \x0d
[57050.855594] AICWFDBG(LOGDEBUG)\x09rwnx_rx_handle_msg msg->id:0x4f \x0d
[57050.867740] AICWFDBG(LOGDEBUG)\x09rwnx_rx_handle_msg msg->id:0x1004 \x0d
[57050.874644] AICWFDBG(LOGDEBUG)\x09rwnx_rx_handle_msg msg->id:0x1004 \x0d
[57050.882929] AICWFDBG(LOGDEBUG)\x09rwnx_rx_handle_msg msg->id:0x1004 \x0d
[57050.890600] AICWFDBG(LOGDEBUG)\x09rwnx_rx_handle_msg msg->id:0x4f \x0d
[57050.925624] AICWFDBG(LOGDEBUG)\x09rwnx_rx_handle_msg msg->id:0x4f \x0d
[57050.960615] AICWFDBG(LOGDEBUG)\x09rwnx_rx_handle_msg msg->id:0x4f \x0d
[57051.015534] AICWFDBG(LOGDEBUG)\x09rwnx_rx_handle_msg msg->id:0x4f \x0d
[57051.050701] AICWFDBG(LOGDEBUG)\x09rwnx_rx_handle_msg msg->id:0x4f \x0d
[57051.085713] AICWFDBG(LOGDEBUG)\x09rwnx_rx_handle_msg msg->id:0x4f \x0d
[57051.089882] AICWFDBG(LOGDEBUG)\x09rwnx_rx_handle_msg msg->id:0x1004 \x0d
[57051.090718] AICWFDBG(LOGDEBUG)\x09rwnx_rx_handle_msg msg->id:0x1004 \x0d
[57051.095146] AICWFDBG(LOGDEBUG)\x09rwnx_rx_handle_msg msg->id:0x1004 \x0d
[57051.101221] AICWFDBG(LOGDEBUG)\x09rwnx_rx_handle_msg msg->id:0x1004 \x0d
[57051.107468] AICWFDBG(LOGDEBUG)\x09rwnx_rx_handle_msg msg->id:0x1004 \x0d
[57051.108291] AICWFDBG(LOGDEBUG)\x09rwnx_rx_handle_msg msg->id:0x1004 \x0d
[57051.118809] AICWFDBG(LOGDEBUG)\x09rwnx_rx_handle_msg msg->id:0x1004 \x0d
[57051.120656] AICWFDBG(LOGDEBUG)\x09rwnx_rx_handle_msg msg->id:0x4f \x0d
[57051.155736] AICWFDBG(LOGDEBUG)\x09rwnx_rx_handle_msg msg->id:0x4f \x0d
[57051.210741] AICWFDBG(LOGDEBUG)\x09rwnx_rx_handle_msg msg->id:0x4f \x0d
[57051.245653] AICWFDBG(LOGDEBUG)\x09rwnx_rx_handle_msg msg->id:0x4f \x0d
[57051.300776] AICWFDBG(LOGDEBUG)\x09rwnx_rx_handle_msg msg->id:0x4f \x0d
[57051.302899] AICWFDBG(LOGDEBUG)\x09rwnx_rx_handle_msg msg->id:0x1004 \x0d
[57051.305879] AICWFDBG(LOGDEBUG)\x09rwnx_rx_handle_msg msg->id:0x1004 \x0d
[57051.355857] AICWFDBG(LOGDEBUG)\x09rwnx_rx_handle_msg msg->id:0x4f \x0d
[57051.390920] AICWFDBG(LOGDEBUG)\x09rwnx_rx_handle_msg msg->id:0x4f \x0d
[57051.445928] AICWFDBG(LOGDEBUG)\x09rwnx_rx_handle_msg msg->id:0x4f \x0d
[57051.448412] AICWFDBG(LOGDEBUG)\x09rwnx_rx_handle_msg msg->id:0x1004 \x0d
[57051.480994] AICWFDBG(LOGDEBUG)\x09rwnx_rx_handle_msg msg->id:0x4f \x0d
[57051.515955] AICWFDBG(LOGDEBUG)\x09rwnx_rx_handle_msg msg->id:0x4f \x0d
[57051.551012] AICWFDBG(LOGDEBUG)\x09rwnx_rx_handle_msg msg->id:0x4f \x0d
[57051.585886] AICWFDBG(LOGDEBUG)\x09rwnx_rx_handle_msg msg->id:0x4f \x0d
[57051.620968] AICWFDBG(LOGDEBUG)\x09rwnx_rx_handle_msg msg->id:0x4f \x0d
[57051.656030] AICWFDBG(LOGDEBUG)\x09rwnx_rx_handle_msg msg->id:0x4f \x0d
[57051.711097] AICWFDBG(LOGDEBUG)\x09rwnx_rx_handle_msg msg->id:0x4f \x0d
[57051.741752] read descriptors
[57051.741869] read strings
[57051.743885] init: processing action (sys.usb.config=adb && sys.usb.configfs=1 && sys.usb.ffs.ready=1) from (/system/etc/init/hw/init.usb.configfs.rc:21)
[57051.747902] init: Command 'symlink /config/usb_gadget/g1/functions/ffs.adb /config/usb_gadget/g1/configs/b.1/f1' action=sys.usb.config=adb && sys.usb.configfs=1 && sys.usb.ffs.ready=1 (/system/etc/init/hw/init.usb.configfs.rc:23) took 1ms and failed: symlink() failed: File exists
[57051.748604] init: Command 'write /config/usb_gadget/g1/UDC ${sys.usb.controller}' action=sys.usb.config=adb && sys.usb.configfs=1 && sys.usb.ffs.ready=1 (/system/etc/init/hw/init.usb.configfs.rc:24) took 0ms and failed: property 'sys.usb.controller' doesn't exist while expanding '${sys.usb.controller}'
[57051.766072] AICWFDBG(LOGDEBUG)\x09rwnx_rx_handle_msg msg->id:0x4f \x0d
[57051.821096] AICWFDBG(LOGDEBUG)\x09rwnx_rx_handle_msg msg->id:0x4f \x0d
[57051.856097] AICWFDBG(LOGDEBUG)\x09rwnx_rx_handle_msg msg->id:0x4f \x0d
[57051.856188] AICWFDBG(LOGDEBUG)\x09rwnx_rx_handle_msg msg->id:0x1001 \x0d
[57051.856227] AICWFDBG(LOGTRACE)\x09>>> rwnx_rx_scanu_start_cfm()
[57052.815090] read descriptors
[57052.815208] read strings
[57052.817354] init: processing action (sys.usb.config=adb && sys.usb.configfs=1 && sys.usb.ffs.ready=1) from (/system/etc/init/hw/init.usb.configfs.rc:21)
[57053.871862] read descriptors
[57053.871975] read strings
[57054.918416] read descriptors
[57054.918520] read strings
[57054.920436] init: processing action (sys.usb.config=adb && sys.usb.configfs=1 && sys.usb.ffs.ready=1) from (/system/etc/init/hw/init.usb.configfs.rc:21)
[57054.924454] init: Command 'symlink /config/usb_gadget/g1/functions/ffs.adb /config/usb_gadget/g1/configs/b.1/f1' action=sys.usb.config=adb && sys.usb.configfs=1 && sys.usb.ffs.ready=1 (/system/etc/init/hw/init.usb.configfs.rc:23) took 1ms and failed: symlink() failed: File exists
[57054.925136] init: Command 'write /config/usb_gadget/g1/UDC ${sys.usb.controller}' action=sys.usb.config=adb && sys.usb.configfs=1 && sys.usb.ffs.ready=1 (/system/etc/init/hw/init.usb.configfs.rc:24) took 0ms and failed: property 'sys.usb.controller' doesn't exist while expanding '${sys.usb.controller}'
[57055.958387] read descriptors
[57055.958499] read strings
[57055.960501] init: processing action (sys.usb.config=adb && sys.usb.configfs=1 && sys.usb.ffs.ready=1) from (/system/etc/init/hw/init.usb.configfs.rc:21)
[57055.964522] init: Command 'symlink /config/usb_gadget/g1/functions/ffs.adb /config/usb_gadget/g1/configs/b.1/f1' action=sys.usb.config=adb && sys.usb.configfs=1 && sys.usb.ffs.ready=1 (/system/etc/init/hw/init.usb.configfs.rc:23) took 1ms and failed: symlink() failed: File exists
[57055.965208] init: Command 'write /config/usb_gadget/g1/UDC ${sys.usb.controller}' action=sys.usb.config=adb && sys.usb.configfs=1 && sys.usb.ffs.ready=1 (/system/etc/init/hw/init.usb.configfs.rc:24) took 0ms and failed: property 'sys.usb.controller' doesn't exist while expanding '${sys.usb.controller}'
[57056.998364] read descriptors
[57056.998475] read strings
[57057.000566] init: processing action (sys.usb.config=adb && sys.usb.configfs=1 && sys.usb.ffs.ready=1) from (/system/etc/init/hw/init.usb.configfs.rc:21)
[57057.004661] init: Command 'symlink /config/usb_gadget/g1/functions/ffs.adb /config/usb_gadget/g1/configs/b.1/f1' action=sys.usb.config=adb && sys.usb.configfs=1 && sys.usb.ffs.ready=1 (/system/etc/init/hw/init.usb.configfs.rc:23) took 1ms and failed: symlink() failed: File exists
[57057.005337] init: Command 'write /config/usb_gadget/g1/UDC ${sys.usb.controller}' action=sys.usb.config=adb && sys.usb.configfs=1 && sys.usb.ffs.ready=1 (/system/etc/init/hw/init.usb.configfs.rc:24) took 0ms and failed: property 'sys.usb.controller' doesn't exist while expanding '${sys.usb.controller}'
[57058.045036] read descriptors
[57058.045149] read strings
[57058.047203] init: processing action (sys.usb.config=adb && sys.usb.configfs=1 && sys.usb.ffs.ready=1) from (/system/etc/init/hw/init.usb.configfs.rc:21)
[57059.088465] read descriptors
[57059.088560] read strings
[57060.135136] read descriptors
[57060.135250] read strings
[57060.137186] init: processing action (sys.usb.config=adb && sys.usb.configfs=1 && sys.usb.ffs.ready=1) from (/system/etc/init/hw/init.usb.configfs.rc:21)
[57060.141531] init: Command 'symlink /config/usb_gadget/g1/functions/ffs.adb /config/usb_gadget/g1/configs/b.1/f1' action=sys.usb.config=adb && sys.usb.configfs=1 && sys.usb.ffs.ready=1 (/system/etc/init/hw/init.usb.configfs.rc:23) took 1ms and failed: symlink() failed: File exists
[57060.142192] init: Command 'write /config/usb_gadget/g1/UDC ${sys.usb.controller}' action=sys.usb.config=adb && sys.usb.configfs=1 && sys.usb.ffs.ready=1 (/system/etc/init/hw/init.usb.configfs.rc:24) took 0ms and failed: property 'sys.usb.controller' doesn't exist while expanding '${sys.usb.controller}'
[57060.767332] AICWFDBG(LOGTRACE)\x09>>> rwnx_cfg80211_scan()
[57060.767421] AICWFDBG(LOGTRACE)\x09>>> rwnx_send_scanu_req()
[57060.767454] AICWFDBG(LOGDEBUG)\x09scan channel:1(2412) \x0d
[57060.767479] AICWFDBG(LOGDEBUG)\x09scan channel:2(2417) \x0d
[57060.767626] AICWFDBG(LOGDEBUG)\x09scan channel:3(2422) \x0d
[57060.767649] AICWFDBG(LOGDEBUG)\x09scan channel:4(2427) \x0d
[57060.767671] AICWFDBG(LOGDEBUG)\x09scan channel:5(2432) \x0d
[57060.767693] AICWFDBG(LOGDEBUG)\x09scan channel:6(2437) \x0d
[57060.767728] AICWFDBG(LOGDEBUG)\x09scan channel:7(2442) \x0d
[57060.767773] AICWFDBG(LOGDEBUG)\x09scan channel:8(2447) \x0d
[57060.767817] AICWFDBG(LOGDEBUG)\x09scan channel:9(2452) \x0d
[57060.767860] AICWFDBG(LOGDEBUG)\x09scan channel:10(2457) \x0d
[57060.767896] AICWFDBG(LOGDEBUG)\x09scan channel:11(2462) \x0d
[57060.767918] AICWFDBG(LOGDEBUG)\x09scan channel:12(2467) \x0d
[57060.767940] AICWFDBG(LOGDEBUG)\x09scan channel:13(2472) \x0d
[57060.767961] AICWFDBG(LOGDEBUG)\x09scan channel:36(5180) \x0d
[57060.767984] AICWFDBG(LOGDEBUG)\x09scan channel:40(5200) \x0d
[57060.768006] AICWFDBG(LOGDEBUG)\x09scan channel:44(5220) \x0d
[57060.768028] AICWFDBG(LOGDEBUG)\x09scan channel:48(5240) \x0d
[57060.768049] AICWFDBG(LOGDEBUG)\x09scan channel:52(5260) \x0d
[57060.768071] AICWFDBG(LOGDEBUG)\x09scan channel:56(5280) \x0d
[57060.768093] AICWFDBG(LOGDEBUG)\x09scan channel:60(5300) \x0d
[57060.768115] AICWFDBG(LOGDEBUG)\x09scan channel:64(5320) \x0d
[57060.768161] AICWFDBG(LOGDEBUG)\x09scan channel:149(5745) \x0d
[57060.768189] AICWFDBG(LOGDEBUG)\x09scan channel:153(5765) \x0d
[57060.768211] AICWFDBG(LOGDEBUG)\x09scan channel:157(5785) \x0d
[57060.768232] AICWFDBG(LOGDEBUG)\x09scan channel:161(5805) \x0d
[57060.768255] AICWFDBG(LOGDEBUG)\x09scan channel:165(5825) \x0d
[57060.768286] AICWFDBG(LOGTRACE)\x09rwnx_send_msg (4105)SCANU_START_CFM_ADDTIONAL reqcfm:1 in_irq:0 in_softirq:0 in_atomic:0\x0d
[57060.768322] AICWFDBG(LOGTRACE)\x09rwnx_cmd_malloc get cmd_array[0]:00000000f100465a \x0d
[57060.769173] AICWFDBG(LOGDEBUG)\x09rwnx_rx_handle_msg msg->id:0x1009 \x0d
[57060.769406] AICWFDBG(LOGTRACE)\x09rwnx_cmd_free cmd_array[0]:00000000f100465a \x0d
[57060.777553] AICWFDBG(LOGDEBUG)\x09rwnx_rx_handle_msg msg->id:0x1004 \x0d
[57060.786979] AICWFDBG(LOGDEBUG)\x09rwnx_rx_handle_msg msg->id:0x1004 \x0d
[57060.792025] AICWFDBG(LOGDEBUG)\x09rwnx_rx_handle_msg msg->id:0x1004 \x0d
[57060.815413] AICWFDBG(LOGDEBUG)\x09rwnx_rx_handle_msg msg->id:0x1004 \x0d
[57060.824284] AICWFDBG(LOGDEBUG)\x09rwnx_rx_handle_msg msg->id:0x4f \x0d
[57060.831449] AICWFDBG(LOGDEBUG)\x09rwnx_rx_handle_msg msg->id:0x1004 \x0d
[57060.859294] AICWFDBG(LOGDEBUG)\x09rwnx_rx_handle_msg msg->id:0x4f \x0d
[57060.866163] AICWFDBG(LOGDEBUG)\x09rwnx_rx_handle_msg msg->id:0x1004 \x0d
[57060.894356] AICWFDBG(LOGDEBUG)\x09rwnx_rx_handle_msg msg->id:0x4f \x0d
[57060.909444] AICWFDBG(LOGDEBUG)\x09rwnx_rx_handle_msg msg->id:0x1004 \x0d
[57060.929260] AICWFDBG(LOGDEBUG)\x09rwnx_rx_handle_msg msg->id:0x4f \x0d
[57060.964397] AICWFDBG(LOGDEBUG)\x09rwnx_rx_handle_msg msg->id:0x4f \x0d
[57061.019359] AICWFDBG(LOGDEBUG)\x09rwnx_rx_handle_msg msg->id:0x4f \x0d
[57061.054360] AICWFDBG(LOGDEBUG)\x09rwnx_rx_handle_msg msg->id:0x4f \x0d
[57061.089291] AICWFDBG(LOGDEBUG)\x09rwnx_rx_handle_msg msg->id:0x4f \x0d
[57061.092890] AICWFDBG(LOGDEBUG)\x09rwnx_rx_handle_msg msg->id:0x1004 \x0d
[57061.094441] AICWFDBG(LOGDEBUG)\x09rwnx_rx_handle_msg msg->id:0x1004 \x0d
[57061.105135] AICWFDBG(LOGDEBUG)\x09rwnx_rx_handle_msg msg->id:0x1004 \x0d
[57061.124585] AICWFDBG(LOGDEBUG)\x09rwnx_rx_handle_msg msg->id:0x4f \x0d
[57061.159414] AICWFDBG(LOGDEBUG)\x09rwnx_rx_handle_msg msg->id:0x4f \x0d
[57061.164775] AICWFDBG(LOGDEBUG)\x09rwnx_rx_handle_msg msg->id:0x1004 \x0d
[57061.205035] read descriptors
[57061.205148] read strings
[57061.207151] init: processing action (sys.usb.config=adb && sys.usb.configfs=1 && sys.usb.ffs.ready=1) from (/system/etc/init/hw/init.usb.configfs.rc:21)
[57061.210838] init: Command 'symlink /config/usb_gadget/g1/functions/ffs.adb /config/usb_gadget/g1/configs/b.1/f1' action=sys.usb.config=adb && sys.usb.configfs=1 && sys.usb.ffs.ready=1 (/system/etc/init/hw/init.usb.configfs.rc:23) took 1ms and failed: symlink() failed: File exists
[57061.211611] init: Command 'write /config/usb_gadget/g1/UDC ${sys.usb.controller}' action=sys.usb.config=adb && sys.usb.configfs=1 && sys.usb.ffs.ready=1 (/system/etc/init/hw/init.usb.configfs.rc:24) took 0ms and failed: property 'sys.usb.controller' doesn't exist while expanding '${sys.usb.controller}'
[57061.214540] AICWFDBG(LOGDEBUG)\x09rwnx_rx_handle_msg msg->id:0x4f \x0d
[57061.249431] AICWFDBG(LOGDEBUG)\x09rwnx_rx_handle_msg msg->id:0x4f \x0d
[57061.304500] AICWFDBG(LOGDEBUG)\x09rwnx_rx_handle_msg msg->id:0x4f \x0d
[57061.306456] AICWFDBG(LOGDEBUG)\x09rwnx_rx_handle_msg msg->id:0x1004 \x0d
[57061.340951] AICWFDBG(LOGDEBUG)\x09rwnx_rx_handle_msg msg->id:0x1004 \x0d
[57061.359532] AICWFDBG(LOGDEBUG)\x09rwnx_rx_handle_msg msg->id:0x4f \x0d
[57061.394546] AICWFDBG(LOGDEBUG)\x09rwnx_rx_handle_msg msg->id:0x4f \x0d
[57061.449548] AICWFDBG(LOGDEBUG)\x09rwnx_rx_handle_msg msg->id:0x4f \x0d
[57061.451761] AICWFDBG(LOGDEBUG)\x09rwnx_rx_handle_msg msg->id:0x1004 \x0d
[57061.484595] AICWFDBG(LOGDEBUG)\x09rwnx_rx_handle_msg msg->id:0x4f \x0d
[57061.519626] AICWFDBG(LOGDEBUG)\x09rwnx_rx_handle_msg msg->id:0x4f \x0d
[57061.554641] AICWFDBG(LOGDEBUG)\x09rwnx_rx_handle_msg msg->id:0x4f \x0d
[57061.589614] AICWFDBG(LOGDEBUG)\x09rwnx_rx_handle_msg msg->id:0x4f \x0d
[57061.624677] AICWFDBG(LOGDEBUG)\x09rwnx_rx_handle_msg msg->id:0x4f \x0d
[57061.659569] AICWFDBG(LOGDEBUG)\x09rwnx_rx_handle_msg msg->id:0x4f \x0d
[57061.714742] AICWFDBG(LOGDEBUG)\x09rwnx_rx_handle_msg msg->id:0x4f \x0d
[57061.769712] AICWFDBG(LOGDEBUG)\x09rwnx_rx_handle_msg msg->id:0x4f \x0d
[57061.824757] AICWFDBG(LOGDEBUG)\x09rwnx_rx_handle_msg msg->id:0x4f \x0d
[57061.859797] AICWFDBG(LOGDEBUG)\x09rwnx_rx_handle_msg msg->id:0x4f \x0d
[57061.859888] AICWFDBG(LOGDEBUG)\x09rwnx_rx_handle_msg msg->id:0x1001 \x0d
[57061.859927] AICWFDBG(LOGTRACE)\x09>>> rwnx_rx_scanu_start_cfm()
[57062.258031] read descriptors
[57062.258099] read strings
[57062.259287] init: processing action (sys.usb.config=adb && sys.usb.configfs=1 && sys.usb.ffs.ready=1) from (/system/etc/init/hw/init.usb.configfs.rc:21)
[57062.261451] init: Command 'symlink /config/usb_gadget/g1/functions/ffs.adb /config/usb_gadget/g1/configs/b.1/f1' action=sys.usb.config=adb && sys.usb.configfs=1 && sys.usb.ffs.ready=1 (/system/etc/init/hw/init.usb.configfs.rc:23) took 0ms and failed: symlink() failed: File exists
[57062.261814] init: Command 'write /config/usb_gadget/g1/UDC ${sys.usb.controller}' action=sys.usb.config=adb && sys.usb.configfs=1 && sys.usb.ffs.ready=1 (/system/etc/init/hw/init.usb.configfs.rc:24) took 0ms and failed: property 'sys.usb.controller' doesn't exist while expanding '${sys.usb.controller}'
[57063.308314] read descriptors
[57063.308409] read strings
[57063.310268] init: processing action (sys.usb.config=adb && sys.usb.configfs=1 && sys.usb.ffs.ready=1) from (/system/etc/init/hw/init.usb.configfs.rc:21)
[57064.361756] read descriptors
[57064.361863] read strings
[57065.404682] read descriptors
[57065.404732] read strings
[57065.405927] init: processing action (sys.usb.config=adb && sys.usb.configfs=1 && sys.usb.ffs.ready=1) from (/system/etc/init/hw/init.usb.configfs.rc:21)
[57065.408080] init: Command 'symlink /config/usb_gadget/g1/functions/ffs.adb /config/usb_gadget/g1/configs/b.1/f1' action=sys.usb.config=adb && sys.usb.configfs=1 && sys.usb.ffs.ready=1 (/system/etc/init/hw/init.usb.configfs.rc:23) took 0ms and failed: symlink() failed: File exists
[57065.408455] init: Command 'write /config/usb_gadget/g1/UDC ${sys.usb.controller}' action=sys.usb.config=adb && sys.usb.configfs=1 && sys.usb.ffs.ready=1 (/system/etc/init/hw/init.usb.configfs.rc:24) took 0ms and failed: property 'sys.usb.controller' doesn't exist while expanding '${sys.usb.controller}'
[57066.447948] read descriptors
[57066.448008] read strings
[57066.449024] init: processing action (sys.usb.config=adb && sys.usb.configfs=1 && sys.usb.ffs.ready=1) from (/system/etc/init/hw/init.usb.configfs.rc:21)
[57066.451046] init: Command 'symlink /config/usb_gadget/g1/functions/ffs.adb /config/usb_gadget/g1/configs/b.1/f1' action=sys.usb.config=adb && sys.usb.configfs=1 && sys.usb.ffs.ready=1 (/system/etc/init/hw/init.usb.configfs.rc:23) took 0ms and failed: symlink() failed: File exists
[57066.451467] init: Command 'write /config/usb_gadget/g1/UDC ${sys.usb.controller}' action=sys.usb.config=adb && sys.usb.configfs=1 && sys.usb.ffs.ready=1 (/system/etc/init/hw/init.usb.configfs.rc:24) took 0ms and failed: property 'sys.usb.controller' doesn't exist while expanding '${sys.usb.controller}'
[57067.505114] read descriptors
[57067.505228] read strings
[57067.507159] init: processing action (sys.usb.config=adb && sys.usb.configfs=1 && sys.usb.ffs.ready=1) from (/system/etc/init/hw/init.usb.configfs.rc:21)
[57067.510925] init: Command 'symlink /config/usb_gadget/g1/functions/ffs.adb /config/usb_gadget/g1/configs/b.1/f1' action=sys.usb.config=adb && sys.usb.configfs=1 && sys.usb.ffs.ready=1 (/system/etc/init/hw/init.usb.configfs.rc:23) took 1ms and failed: symlink() failed: File exists
[57067.511607] init: Command 'write /config/usb_gadget/g1/UDC ${sys.usb.controller}' action=sys.usb.config=adb && sys.usb.configfs=1 && sys.usb.ffs.ready=1 (/system/etc/init/hw/init.usb.configfs.rc:24) took 0ms and failed: property 'sys.usb.controller' doesn't exist while expanding '${sys.usb.controller}'
[57068.545053] read descriptors
[57068.545167] read strings
[57068.547124] init: processing action (sys.usb.config=adb && sys.usb.configfs=1 && sys.usb.ffs.ready=1) from (/system/etc/init/hw/init.usb.configfs.rc:21)
[57069.615177] read descriptors
[57069.615282] read strings
[57070.661915] read descriptors
[57070.662027] read strings
[57070.663967] init: processing action (sys.usb.config=adb && sys.usb.configfs=1 && sys.usb.ffs.ready=1) from (/system/etc/init/hw/init.usb.configfs.rc:21)
[57070.668018] init: Command 'symlink /config/usb_gadget/g1/functions/ffs.adb /config/usb_gadget/g1/configs/b.1/f1' action=sys.usb.config=adb && sys.usb.configfs=1 && sys.usb.ffs.ready=1 (/system/etc/init/hw/init.usb.configfs.rc:23) took 1ms and failed: symlink() failed: File exists
[57070.668655] init: Command 'write /config/usb_gadget/g1/UDC ${sys.usb.controller}' action=sys.usb.config=adb && sys.usb.configfs=1 && sys.usb.ffs.ready=1 (/system/etc/init/hw/init.usb.configfs.rc:24) took 0ms and failed: property 'sys.usb.controller' doesn't exist while expanding '${sys.usb.controller}'
[57070.769233] AICWFDBG(LOGTRACE)\x09>>> rwnx_cfg80211_scan()
[57070.769294] AICWFDBG(LOGTRACE)\x09>>> rwnx_send_scanu_req()
[57070.769318] AICWFDBG(LOGDEBUG)\x09scan channel:1(2412) \x0d
[57070.769336] AICWFDBG(LOGDEBUG)\x09scan channel:2(2417) \x0d
[57070.769351] AICWFDBG(LOGDEBUG)\x09scan channel:3(2422) \x0d
[57070.769367] AICWFDBG(LOGDEBUG)\x09scan channel:4(2427) \x0d
[57070.769382] AICWFDBG(LOGDEBUG)\x09scan channel:5(2432) \x0d
[57070.769397] AICWFDBG(LOGDEBUG)\x09scan channel:6(2437) \x0d
[57070.769411] AICWFDBG(LOGDEBUG)\x09scan channel:7(2442) \x0d
[57070.769426] AICWFDBG(LOGDEBUG)\x09scan channel:8(2447) \x0d
[57070.769442] AICWFDBG(LOGDEBUG)\x09scan channel:9(2452) \x0d
[57070.769458] AICWFDBG(LOGDEBUG)\x09scan channel:10(2457) \x0d
[57070.769472] AICWFDBG(LOGDEBUG)\x09scan channel:11(2462) \x0d
[57070.769487] AICWFDBG(LOGDEBUG)\x09scan channel:12(2467) \x0d
[57070.769502] AICWFDBG(LOGDEBUG)\x09scan channel:13(2472) \x0d
[57070.769517] AICWFDBG(LOGDEBUG)\x09scan channel:36(5180) \x0d
[57070.769531] AICWFDBG(LOGDEBUG)\x09scan channel:40(5200) \x0d
[57070.769546] AICWFDBG(LOGDEBUG)\x09scan channel:44(5220) \x0d
[57070.769560] AICWFDBG(LOGDEBUG)\x09scan channel:48(5240) \x0d
[57070.769576] AICWFDBG(LOGDEBUG)\x09scan channel:52(5260) \x0d
[57070.769592] AICWFDBG(LOGDEBUG)\x09scan channel:56(5280) \x0d
[57070.769613] AICWFDBG(LOGDEBUG)\x09scan channel:60(5300) \x0d
[57070.769627] AICWFDBG(LOGDEBUG)\x09scan channel:64(5320) \x0d
[57070.769642] AICWFDBG(LOGDEBUG)\x09scan channel:149(5745) \x0d
[57070.769657] AICWFDBG(LOGDEBUG)\x09scan channel:153(5765) \x0d
[57070.769680] AICWFDBG(LOGDEBUG)\x09scan channel:157(5785) \x0d
[57070.769695] AICWFDBG(LOGDEBUG)\x09scan channel:161(5805) \x0d
[57070.769710] AICWFDBG(LOGDEBUG)\x09scan channel:165(5825) \x0d
[57070.769741] AICWFDBG(LOGTRACE)\x09rwnx_send_msg (4105)SCANU_START_CFM_ADDTIONAL reqcfm:1 in_irq:0 in_softirq:0 in_atomic:0\x0d
[57070.769766] AICWFDBG(LOGTRACE)\x09rwnx_cmd_malloc get cmd_array[0]:00000000f100465a \x0d
[57070.770513] AICWFDBG(LOGDEBUG)\x09rwnx_rx_handle_msg msg->id:0x1009 \x0d
[57070.770586] AICWFDBG(LOGTRACE)\x09rwnx_cmd_free cmd_array[0]:00000000f100465a \x0d
[57070.788384] AICWFDBG(LOGDEBUG)\x09rwnx_rx_handle_msg msg->id:0x1004 \x0d
[57070.823849] AICWFDBG(LOGDEBUG)\x09rwnx_rx_handle_msg msg->id:0x1004 \x0d
[57070.825676] AICWFDBG(LOGDEBUG)\x09rwnx_rx_handle_msg msg->id:0x4f \x0d
[57070.837450] AICWFDBG(LOGDEBUG)\x09rwnx_rx_handle_msg msg->id:0x1004 \x0d
[57070.841961] AICWFDBG(LOGDEBUG)\x09rwnx_rx_handle_msg msg->id:0x1004 \x0d
[57070.850404] AICWFDBG(LOGDEBUG)\x09rwnx_rx_handle_msg msg->id:0x1004 \x0d
[57070.860562] AICWFDBG(LOGDEBUG)\x09rwnx_rx_handle_msg msg->id:0x4f \x0d
[57070.875766] AICWFDBG(LOGDEBUG)\x09rwnx_rx_handle_msg msg->id:0x1004 \x0d
[57070.886860] AICWFDBG(LOGDEBUG)\x09rwnx_rx_handle_msg msg->id:0x1004 \x0d
[57070.895690] AICWFDBG(LOGDEBUG)\x09rwnx_rx_handle_msg msg->id:0x4f \x0d
[57070.930729] AICWFDBG(LOGDEBUG)\x09rwnx_rx_handle_msg msg->id:0x4f \x0d
[57070.965727] AICWFDBG(LOGDEBUG)\x09rwnx_rx_handle_msg msg->id:0x4f \x0d
[57071.020754] AICWFDBG(LOGDEBUG)\x09rwnx_rx_handle_msg msg->id:0x4f \x0d
[57071.055777] AICWFDBG(LOGDEBUG)\x09rwnx_rx_handle_msg msg->id:0x4f \x0d
[57071.079629] AICWFDBG(LOGDEBUG)\x09rwnx_rx_handle_msg msg->id:0x1004 \x0d
[57071.090796] AICWFDBG(LOGDEBUG)\x09rwnx_rx_handle_msg msg->id:0x4f \x0d
[57071.093178] AICWFDBG(LOGDEBUG)\x09rwnx_rx_handle_msg msg->id:0x1004 \x0d
[57071.093708] AICWFDBG(LOGDEBUG)\x09rwnx_rx_handle_msg msg->id:0x1004 \x0d
[57071.125800] AICWFDBG(LOGDEBUG)\x09rwnx_rx_handle_msg msg->id:0x4f \x0d
[57071.160819] AICWFDBG(LOGDEBUG)\x09rwnx_rx_handle_msg msg->id:0x4f \x0d
[57071.169593] AICWFDBG(LOGDEBUG)\x09rwnx_rx_handle_msg msg->id:0x1004 \x0d
[57071.180534] AICWFDBG(LOGDEBUG)\x09rwnx_rx_handle_msg msg->id:0x1004 \x0d
[57071.215723] AICWFDBG(LOGDEBUG)\x09rwnx_rx_handle_msg msg->id:0x4f \x0d
[57071.250888] AICWFDBG(LOGDEBUG)\x09rwnx_rx_handle_msg msg->id:0x4f \x0d
[57071.305895] AICWFDBG(LOGDEBUG)\x09rwnx_rx_handle_msg msg->id:0x4f \x0d
[57071.307959] AICWFDBG(LOGDEBUG)\x09rwnx_rx_handle_msg msg->id:0x1004 \x0d
[57071.361015] AICWFDBG(LOGDEBUG)\x09rwnx_rx_handle_msg msg->id:0x4f \x0d
[57071.395947] AICWFDBG(LOGDEBUG)\x09rwnx_rx_handle_msg msg->id:0x4f \x0d
[57071.451055] AICWFDBG(LOGDEBUG)\x09rwnx_rx_handle_msg msg->id:0x4f \x0d
[57071.453088] AICWFDBG(LOGDEBUG)\x09rwnx_rx_handle_msg msg->id:0x1004 \x0d
[57071.461672] AICWFDBG(LOGDEBUG)\x09rwnx_rx_handle_msg msg->id:0x1004 \x0d
[57071.462349] AICWFDBG(LOGDEBUG)\x09rwnx_rx_handle_msg msg->id:0x1004 \x0d
[57071.485988] AICWFDBG(LOGDEBUG)\x09rwnx_rx_handle_msg msg->id:0x4f \x0d
[57071.521061] AICWFDBG(LOGDEBUG)\x09rwnx_rx_handle_msg msg->id:0x4f \x0d
[57071.556041] AICWFDBG(LOGDEBUG)\x09rwnx_rx_handle_msg msg->id:0x4f \x0d
[57071.591069] AICWFDBG(LOGDEBUG)\x09rwnx_rx_handle_msg msg->id:0x4f \x0d
[57071.626083] AICWFDBG(LOGDEBUG)\x09rwnx_rx_handle_msg msg->id:0x4f \x0d
[57071.644644] AICWFDBG(LOGDEBUG)\x09rwnx_rx_handle_msg msg->id:0x1004 \x0d
[57071.661094] AICWFDBG(LOGDEBUG)\x09rwnx_rx_handle_msg msg->id:0x4f \x0d
[57071.716126] AICWFDBG(LOGDEBUG)\x09rwnx_rx_handle_msg msg->id:0x4f \x0d
[57071.725149] read descriptors
[57071.725264] read strings
[57071.727223] init: processing action (sys.usb.config=adb && sys.usb.configfs=1 && sys.usb.ffs.ready=1) from (/system/etc/init/hw/init.usb.configfs.rc:21)
[57071.730962] init: Command 'symlink /config/usb_gadget/g1/functions/ffs.adb /config/usb_gadget/g1/configs/b.1/f1' action=sys.usb.config=adb && sys.usb.configfs=1 && sys.usb.ffs.ready=1 (/system/etc/init/hw/init.usb.configfs.rc:23) took 1ms and failed: symlink() failed: File exists
[57071.731675] init: Command 'write /config/usb_gadget/g1/UDC ${sys.usb.controller}' action=sys.usb.config=adb && sys.usb.configfs=1 && sys.usb.ffs.ready=1 (/system/etc/init/hw/init.usb.configfs.rc:24) took 0ms and failed: property 'sys.usb.controller' doesn't exist while expanding '${sys.usb.controller}'
[57071.771229] AICWFDBG(LOGDEBUG)\x09rwnx_rx_handle_msg msg->id:0x4f \x0d
[57071.826070] AICWFDBG(LOGDEBUG)\x09rwnx_rx_handle_msg msg->id:0x4f \x0d
[57071.861215] AICWFDBG(LOGDEBUG)\x09rwnx_rx_handle_msg msg->id:0x4f \x0d
[57071.861301] AICWFDBG(LOGDEBUG)\x09rwnx_rx_handle_msg msg->id:0x1001 \x0d
[57071.861336] AICWFDBG(LOGTRACE)\x09>>> rwnx_rx_scanu_start_cfm()
[57072.775119] read descriptors
[57072.775242] read strings
[57072.777248] init: processing action (sys.usb.config=adb && sys.usb.configfs=1 && sys.usb.ffs.ready=1) from (/system/etc/init/hw/init.usb.configfs.rc:21)
[57072.781261] init: Command 'symlink /config/usb_gadget/g1/functions/ffs.adb /config/usb_gadget/g1/configs/b.1/f1' action=sys.usb.config=adb && sys.usb.configfs=1 && sys.usb.ffs.ready=1 (/system/etc/init/hw/init.usb.configfs.rc:23) took 1ms and failed: symlink() failed: File exists
[57072.781937] init: Command 'write /config/usb_gadget/g1/UDC ${sys.usb.controller}' action=sys.usb.config=adb && sys.usb.configfs=1 && sys.usb.ffs.ready=1 (/system/etc/init/hw/init.usb.configfs.rc:24) took 0ms and failed: property 'sys.usb.controller' doesn't exist while expanding '${sys.usb.controller}'
[57073.828351] read descriptors
[57073.828450] read strings
[57073.830153] init: processing action (sys.usb.config=adb && sys.usb.configfs=1 && sys.usb.ffs.ready=1) from (/system/etc/init/hw/init.usb.configfs.rc:21)
[57074.868463] read descriptors
[57074.868596] read strings
[57075.941432] read descriptors
[57075.941499] read strings
[57075.942667] init: processing action (sys.usb.config=adb && sys.usb.configfs=1 && sys.usb.ffs.ready=1) from (/system/etc/init/hw/init.usb.configfs.rc:21)
[57075.944878] init: Command 'symlink /config/usb_gadget/g1/functions/ffs.adb /config/usb_gadget/g1/configs/b.1/f1' action=sys.usb.config=adb && sys.usb.configfs=1 && sys.usb.ffs.ready=1 (/system/etc/init/hw/init.usb.configfs.rc:23) took 0ms and failed: symlink() failed: File exists
[57075.945263] init: Command 'write /config/usb_gadget/g1/UDC ${sys.usb.controller}' action=sys.usb.config=adb && sys.usb.configfs=1 && sys.usb.ffs.ready=1 (/system/etc/init/hw/init.usb.configfs.rc:24) took 0ms and failed: property 'sys.usb.controller' doesn't exist while expanding '${sys.usb.controller}'
[57076.988469] read descriptors
[57076.988566] read strings
[57076.990391] init: processing action (sys.usb.config=adb && sys.usb.configfs=1 && sys.usb.ffs.ready=1) from (/system/etc/init/hw/init.usb.configfs.rc:21)
[57076.994444] init: Command 'symlink /config/usb_gadget/g1/functions/ffs.adb /config/usb_gadget/g1/configs/b.1/f1' action=sys.usb.config=adb && sys.usb.configfs=1 && sys.usb.ffs.ready=1 (/system/etc/init/hw/init.usb.configfs.rc:23) took 1ms and failed: symlink() failed: File exists
[57076.995154] init: Command 'write /config/usb_gadget/g1/UDC ${sys.usb.controller}' action=sys.usb.config=adb && sys.usb.configfs=1 && sys.usb.ffs.ready=1 (/system/etc/init/hw/init.usb.configfs.rc:24) took 0ms and failed: property 'sys.usb.controller' doesn't exist while expanding '${sys.usb.controller}'
[57078.045259] read descriptors
[57078.045362] read strings
[57078.047340] init: processing action (sys.usb.config=adb && sys.usb.configfs=1 && sys.usb.ffs.ready=1) from (/system/etc/init/hw/init.usb.configfs.rc:21)
[57078.051044] init: Command 'symlink /config/usb_gadget/g1/functions/ffs.adb /config/usb_gadget/g1/configs/b.1/f1' action=sys.usb.config=adb && sys.usb.configfs=1 && sys.usb.ffs.ready=1 (/system/etc/init/hw/init.usb.configfs.rc:23) took 1ms and failed: symlink() failed: File exists
[57078.051738] init: Command 'write /config/usb_gadget/g1/UDC ${sys.usb.controller}' action=sys.usb.config=adb && sys.usb.configfs=1 && sys.usb.ffs.ready=1 (/system/etc/init/hw/init.usb.configfs.rc:24) took 0ms and failed: property 'sys.usb.controller' doesn't exist while expanding '${sys.usb.controller}'
[57079.085141] read descriptors
[57079.085260] read strings
[57079.087229] init: processing action (sys.usb.config=adb && sys.usb.configfs=1 && sys.usb.ffs.ready=1) from (/system/etc/init/hw/init.usb.configfs.rc:21)
[57080.155176] read descriptors
[57080.155287] read strings
[57080.770281] AICWFDBG(LOGTRACE)\x09>>> rwnx_cfg80211_scan()
[57080.770348] AICWFDBG(LOGTRACE)\x09>>> rwnx_send_scanu_req()
[57080.770380] AICWFDBG(LOGDEBUG)\x09scan channel:1(2412) \x0d
[57080.770396] AICWFDBG(LOGDEBUG)\x09scan channel:2(2417) \x0d
[57080.770412] AICWFDBG(LOGDEBUG)\x09scan channel:3(2422) \x0d
[57080.770428] AICWFDBG(LOGDEBUG)\x09scan channel:4(2427) \x0d
[57080.770448] AICWFDBG(LOGDEBUG)\x09scan channel:5(2432) \x0d
[57080.770465] AICWFDBG(LOGDEBUG)\x09scan channel:6(2437) \x0d
[57080.770482] AICWFDBG(LOGDEBUG)\x09scan channel:7(2442) \x0d
[57080.770505] AICWFDBG(LOGDEBUG)\x09scan channel:8(2447) \x0d
[57080.770520] AICWFDBG(LOGDEBUG)\x09scan channel:9(2452) \x0d
[57080.770536] AICWFDBG(LOGDEBUG)\x09scan channel:10(2457) \x0d
[57080.770551] AICWFDBG(LOGDEBUG)\x09scan channel:11(2462) \x0d
[57080.770576] AICWFDBG(LOGDEBUG)\x09scan channel:12(2467) \x0d
[57080.770590] AICWFDBG(LOGDEBUG)\x09scan channel:13(2472) \x0d
[57080.770606] AICWFDBG(LOGDEBUG)\x09scan channel:36(5180) \x0d
[57080.770620] AICWFDBG(LOGDEBUG)\x09scan channel:40(5200) \x0d
[57080.770637] AICWFDBG(LOGDEBUG)\x09scan channel:44(5220) \x0d
[57080.770652] AICWFDBG(LOGDEBUG)\x09scan channel:48(5240) \x0d
[57080.770667] AICWFDBG(LOGDEBUG)\x09scan channel:52(5260) \x0d
[57080.770681] AICWFDBG(LOGDEBUG)\x09scan channel:56(5280) \x0d
[57080.770704] AICWFDBG(LOGDEBUG)\x09scan channel:60(5300) \x0d
[57080.770719] AICWFDBG(LOGDEBUG)\x09scan channel:64(5320) \x0d
[57080.770735] AICWFDBG(LOGDEBUG)\x09scan channel:149(5745) \x0d
[57080.770761] AICWFDBG(LOGDEBUG)\x09scan channel:153(5765) \x0d
[57080.770777] AICWFDBG(LOGDEBUG)\x09scan channel:157(5785) \x0d
[57080.770791] AICWFDBG(LOGDEBUG)\x09scan channel:161(5805) \x0d
[57080.770806] AICWFDBG(LOGDEBUG)\x09scan channel:165(5825) \x0d
[57080.770903] AICWFDBG(LOGTRACE)\x09rwnx_send_msg (4105)SCANU_START_CFM_ADDTIONAL reqcfm:1 in_irq:0 in_softirq:0 in_atomic:0\x0d
[57080.770941] AICWFDBG(LOGTRACE)\x09rwnx_cmd_malloc get cmd_array[0]:00000000f100465a \x0d
[57080.771699] AICWFDBG(LOGDEBUG)\x09rwnx_rx_handle_msg msg->id:0x1009 \x0d
[57080.771834] AICWFDBG(LOGTRACE)\x09rwnx_cmd_free cmd_array[0]:00000000f100465a \x0d
[57080.783129] AICWFDBG(LOGDEBUG)\x09rwnx_rx_handle_msg msg->id:0x1004 \x0d
[57080.808908] AICWFDBG(LOGDEBUG)\x09rwnx_rx_handle_msg msg->id:0x1004 \x0d
[57080.825806] AICWFDBG(LOGDEBUG)\x09rwnx_rx_handle_msg msg->id:0x1004 \x0d
[57080.826732] AICWFDBG(LOGDEBUG)\x09rwnx_rx_handle_msg msg->id:0x4f \x0d
[57080.833650] AICWFDBG(LOGDEBUG)\x09rwnx_rx_handle_msg msg->id:0x1004 \x0d
[57080.861875] AICWFDBG(LOGDEBUG)\x09rwnx_rx_handle_msg msg->id:0x4f \x0d
[57080.868776] AICWFDBG(LOGDEBUG)\x09rwnx_rx_handle_msg msg->id:0x1004 \x0d
[57080.877019] AICWFDBG(LOGDEBUG)\x09rwnx_rx_handle_msg msg->id:0x1004 \x0d
[57080.896916] AICWFDBG(LOGDEBUG)\x09rwnx_rx_handle_msg msg->id:0x4f \x0d
[57080.931930] AICWFDBG(LOGDEBUG)\x09rwnx_rx_handle_msg msg->id:0x4f \x0d
[57080.966946] AICWFDBG(LOGDEBUG)\x09rwnx_rx_handle_msg msg->id:0x4f \x0d
[57081.021969] AICWFDBG(LOGDEBUG)\x09rwnx_rx_handle_msg msg->id:0x4f \x0d
[57081.056984] AICWFDBG(LOGDEBUG)\x09rwnx_rx_handle_msg msg->id:0x4f \x0d
[57081.087771] AICWFDBG(LOGDEBUG)\x09rwnx_rx_handle_msg msg->id:0x1004 \x0d
[57081.092002] AICWFDBG(LOGDEBUG)\x09rwnx_rx_handle_msg msg->id:0x4f \x0d
[57081.094419] AICWFDBG(LOGDEBUG)\x09rwnx_rx_handle_msg msg->id:0x1004 \x0d
[57081.095125] AICWFDBG(LOGDEBUG)\x09rwnx_rx_handle_msg msg->id:0x1004 \x0d
[57081.105884] AICWFDBG(LOGDEBUG)\x09rwnx_rx_handle_msg msg->id:0x1004 \x0d
[57081.107718] AICWFDBG(LOGDEBUG)\x09rwnx_rx_handle_msg msg->id:0x1004 \x0d
[57081.127037] AICWFDBG(LOGDEBUG)\x09rwnx_rx_handle_msg msg->id:0x4f \x0d
[57081.162136] AICWFDBG(LOGDEBUG)\x09rwnx_rx_handle_msg msg->id:0x4f \x0d
[57081.204653] AICWFDBG(LOGDEBUG)\x09rwnx_rx_handle_msg msg->id:0x1004 \x0d
[57081.217055] AICWFDBG(LOGDEBUG)\x09rwnx_rx_handle_msg msg->id:0x4f \x0d
[57081.225015] read descriptors
[57081.225136] read strings
[57081.227222] init: processing action (sys.usb.config=adb && sys.usb.configfs=1 && sys.usb.ffs.ready=1) from (/system/etc/init/hw/init.usb.configfs.rc:21)
[57081.231060] init: Command 'symlink /config/usb_gadget/g1/functions/ffs.adb /config/usb_gadget/g1/configs/b.1/f1' action=sys.usb.config=adb && sys.usb.configfs=1 && sys.usb.ffs.ready=1 (/system/etc/init/hw/init.usb.configfs.rc:23) took 1ms and failed: symlink() failed: File exists
[57081.231739] init: Command 'write /config/usb_gadget/g1/UDC ${sys.usb.controller}' action=sys.usb.config=adb && sys.usb.configfs=1 && sys.usb.ffs.ready=1 (/system/etc/init/hw/init.usb.configfs.rc:24) took 0ms and failed: property 'sys.usb.controller' doesn't exist while expanding '${sys.usb.controller}'
[57081.252077] AICWFDBG(LOGDEBUG)\x09rwnx_rx_handle_msg msg->id:0x4f \x0d
[57081.306990] AICWFDBG(LOGDEBUG)\x09rwnx_rx_handle_msg msg->id:0x4f \x0d
[57081.308352] AICWFDBG(LOGDEBUG)\x09rwnx_rx_handle_msg msg->id:0x1004 \x0d
[57081.308704] AICWFDBG(LOGDEBUG)\x09rwnx_rx_handle_msg msg->id:0x1004 \x0d
[57081.362149] AICWFDBG(LOGDEBUG)\x09rwnx_rx_handle_msg msg->id:0x4f \x0d
[57081.397164] AICWFDBG(LOGDEBUG)\x09rwnx_rx_handle_msg msg->id:0x4f \x0d
[57081.452199] AICWFDBG(LOGDEBUG)\x09rwnx_rx_handle_msg msg->id:0x4f \x0d
[57081.454416] AICWFDBG(LOGDEBUG)\x09rwnx_rx_handle_msg msg->id:0x1004 \x0d
[57081.487196] AICWFDBG(LOGDEBUG)\x09rwnx_rx_handle_msg msg->id:0x4f \x0d
[57081.522224] AICWFDBG(LOGDEBUG)\x09rwnx_rx_handle_msg msg->id:0x4f \x0d
[57081.557230] AICWFDBG(LOGDEBUG)\x09rwnx_rx_handle_msg msg->id:0x4f \x0d
[57081.592271] AICWFDBG(LOGDEBUG)\x09rwnx_rx_handle_msg msg->id:0x4f \x0d
[57081.627294] AICWFDBG(LOGDEBUG)\x09rwnx_rx_handle_msg msg->id:0x4f \x0d
[57081.629436] AICWFDBG(LOGDEBUG)\x09rwnx_rx_handle_msg msg->id:0x1004 \x0d
[57081.662348] AICWFDBG(LOGDEBUG)\x09rwnx_rx_handle_msg msg->id:0x4f \x0d
[57081.717331] AICWFDBG(LOGDEBUG)\x09rwnx_rx_handle_msg msg->id:0x4f \x0d
[57081.772341] AICWFDBG(LOGDEBUG)\x09rwnx_rx_handle_msg msg->id:0x4f \x0d
[57081.827371] AICWFDBG(LOGDEBUG)\x09rwnx_rx_handle_msg msg->id:0x4f \x0d
[57081.862474] AICWFDBG(LOGDEBUG)\x09rwnx_rx_handle_msg msg->id:0x4f \x0d
[57081.862569] AICWFDBG(LOGDEBUG)\x09rwnx_rx_handle_msg msg->id:0x1001 \x0d
[57081.862605] AICWFDBG(LOGTRACE)\x09>>> rwnx_rx_scanu_start_cfm()
[57082.298458] read descriptors
[57082.298579] read strings
[57082.300470] init: processing action (sys.usb.config=adb && sys.usb.configfs=1 && sys.usb.ffs.ready=1) from (/system/etc/init/hw/init.usb.configfs.rc:21)
[57082.304506] init: Command 'symlink /config/usb_gadget/g1/functions/ffs.adb /config/usb_gadget/g1/configs/b.1/f1' action=sys.usb.config=adb && sys.usb.configfs=1 && sys.usb.ffs.ready=1 (/system/etc/init/hw/init.usb.configfs.rc:23) took 1ms and failed: symlink() failed: File exists
[57082.305173] init: Command 'write /config/usb_gadget/g1/UDC ${sys.usb.controller}' action=sys.usb.config=adb && sys.usb.configfs=1 && sys.usb.ffs.ready=1 (/system/etc/init/hw/init.usb.configfs.rc:24) took 0ms and failed: property 'sys.usb.controller' doesn't exist while expanding '${sys.usb.controller}'
[57083.338451] read descriptors
[57083.338556] read strings
[57083.340570] init: processing action (sys.usb.config=adb && sys.usb.configfs=1 && sys.usb.ffs.ready=1) from (/system/etc/init/hw/init.usb.configfs.rc:21)
[57083.344560] init: Command 'symlink /config/usb_gadget/g1/functions/ffs.adb /config/usb_gadget/g1/configs/b.1/f1' action=sys.usb.config=adb && sys.usb.configfs=1 && sys.usb.ffs.ready=1 (/system/etc/init/hw/init.usb.configfs.rc:23) took 1ms and failed: symlink() failed: File exists
[57083.345231] init: Command 'write /config/usb_gadget/g1/UDC ${sys.usb.controller}' action=sys.usb.config=adb && sys.usb.configfs=1 && sys.usb.ffs.ready=1 (/system/etc/init/hw/init.usb.configfs.rc:24) took 0ms and failed: property 'sys.usb.controller' doesn't exist while expanding '${sys.usb.controller}'
[57084.388439] read descriptors
[57084.388535] read strings
[57084.390369] init: processing action (sys.usb.config=adb && sys.usb.configfs=1 && sys.usb.ffs.ready=1) from (/system/etc/init/hw/init.usb.configfs.rc:21)
[57085.441565] read descriptors
[57085.441628] read strings
[57086.478473] read descriptors
[57086.478574] read strings
[57086.480572] init: processing action (sys.usb.config=adb && sys.usb.configfs=1 && sys.usb.ffs.ready=1) from (/system/etc/init/hw/init.usb.configfs.rc:21)
[57086.484592] init: Command 'symlink /config/usb_gadget/g1/functions/ffs.adb /config/usb_gadget/g1/configs/b.1/f1' action=sys.usb.config=adb && sys.usb.configfs=1 && sys.usb.ffs.ready=1 (/system/etc/init/hw/init.usb.configfs.rc:23) took 1ms and failed: symlink() failed: File exists
[57086.485265] init: Command 'write /config/usb_gadget/g1/UDC ${sys.usb.controller}' action=sys.usb.config=adb && sys.usb.configfs=1 && sys.usb.ffs.ready=1 (/system/etc/init/hw/init.usb.configfs.rc:24) took 0ms and failed: property 'sys.usb.controller' doesn't exist while expanding '${sys.usb.controller}'
[57087.538388] read descriptors
[57087.538488] read strings
[57087.540536] init: processing action (sys.usb.config=adb && sys.usb.configfs=1 && sys.usb.ffs.ready=1) from (/system/etc/init/hw/init.usb.configfs.rc:21)
[57087.544686] init: Command 'symlink /config/usb_gadget/g1/functions/ffs.adb /config/usb_gadget/g1/configs/b.1/f1' action=sys.usb.config=adb && sys.usb.configfs=1 && sys.usb.ffs.ready=1 (/system/etc/init/hw/init.usb.configfs.rc:23) took 1ms and failed: symlink() failed: File exists
[57087.545363] init: Command 'write /config/usb_gadget/g1/UDC ${sys.usb.controller}' action=sys.usb.config=adb && sys.usb.configfs=1 && sys.usb.ffs.ready=1 (/system/etc/init/hw/init.usb.configfs.rc:24) took 0ms and failed: property 'sys.usb.controller' doesn't exist while expanding '${sys.usb.controller}'
[57088.588470] read descriptors
[57088.588563] read strings
[57088.590294] init: processing action (sys.usb.config=adb && sys.usb.configfs=1 && sys.usb.ffs.ready=1) from (/system/etc/init/hw/init.usb.configfs.rc:21)
[57088.594294] init: Command 'symlink /config/usb_gadget/g1/functions/ffs.adb /config/usb_gadget/g1/configs/b.1/f1' action=sys.usb.config=adb && sys.usb.configfs=1 && sys.usb.ffs.ready=1 (/system/etc/init/hw/init.usb.configfs.rc:23) took 1ms and failed: symlink() failed: File exists
[57088.594978] init: Command 'write /config/usb_gadget/g1/UDC ${sys.usb.controller}' action=sys.usb.config=adb && sys.usb.configfs=1 && sys.usb.ffs.ready=1 (/system/etc/init/hw/init.usb.configfs.rc:24) took 0ms and failed: property 'sys.usb.controller' doesn't exist while expanding '${sys.usb.controller}'
[57089.638096] read descriptors
[57089.638164] read strings
[57089.639293] init: processing action (sys.usb.config=adb && sys.usb.configfs=1 && sys.usb.ffs.ready=1) from (/system/etc/init/hw/init.usb.configfs.rc:21)
[57090.675127] read descriptors
[57090.675244] read strings
[57090.776813] AICWFDBG(LOGTRACE)\x09>>> rwnx_cfg80211_scan()
[57090.776882] AICWFDBG(LOGTRACE)\x09>>> rwnx_send_scanu_req()
[57090.776917] AICWFDBG(LOGDEBUG)\x09scan channel:1(2412) \x0d
[57090.776933] AICWFDBG(LOGDEBUG)\x09scan channel:2(2417) \x0d
[57090.776950] AICWFDBG(LOGDEBUG)\x09scan channel:3(2422) \x0d
[57090.776975] AICWFDBG(LOGDEBUG)\x09scan channel:4(2427) \x0d
[57090.776990] AICWFDBG(LOGDEBUG)\x09scan channel:5(2432) \x0d
[57090.777004] AICWFDBG(LOGDEBUG)\x09scan channel:6(2437) \x0d
[57090.777019] AICWFDBG(LOGDEBUG)\x09scan channel:7(2442) \x0d
[57090.777041] AICWFDBG(LOGDEBUG)\x09scan channel:8(2447) \x0d
[57090.777055] AICWFDBG(LOGDEBUG)\x09scan channel:9(2452) \x0d
[57090.777070] AICWFDBG(LOGDEBUG)\x09scan channel:10(2457) \x0d
[57090.777085] AICWFDBG(LOGDEBUG)\x09scan channel:11(2462) \x0d
[57090.777101] AICWFDBG(LOGDEBUG)\x09scan channel:12(2467) \x0d
[57090.777116] AICWFDBG(LOGDEBUG)\x09scan channel:13(2472) \x0d
[57090.777131] AICWFDBG(LOGDEBUG)\x09scan channel:36(5180) \x0d
[57090.777146] AICWFDBG(LOGDEBUG)\x09scan channel:40(5200) \x0d
[57090.777168] AICWFDBG(LOGDEBUG)\x09scan channel:44(5220) \x0d
[57090.777185] AICWFDBG(LOGDEBUG)\x09scan channel:48(5240) \x0d
[57090.777200] AICWFDBG(LOGDEBUG)\x09scan channel:52(5260) \x0d
[57090.777225] AICWFDBG(LOGDEBUG)\x09scan channel:56(5280) \x0d
[57090.777239] AICWFDBG(LOGDEBUG)\x09scan channel:60(5300) \x0d
[57090.777254] AICWFDBG(LOGDEBUG)\x09scan channel:64(5320) \x0d
[57090.777269] AICWFDBG(LOGDEBUG)\x09scan channel:149(5745) \x0d
[57090.777289] AICWFDBG(LOGDEBUG)\x09scan channel:153(5765) \x0d
[57090.777304] AICWFDBG(LOGDEBUG)\x09scan channel:157(5785) \x0d
[57090.777319] AICWFDBG(LOGDEBUG)\x09scan channel:161(5805) \x0d
[57090.777334] AICWFDBG(LOGDEBUG)\x09scan channel:165(5825) \x0d
[57090.777363] AICWFDBG(LOGTRACE)\x09rwnx_send_msg (4105)SCANU_START_CFM_ADDTIONAL reqcfm:1 in_irq:0 in_softirq:0 in_atomic:0\x0d
[57090.777388] AICWFDBG(LOGTRACE)\x09rwnx_cmd_malloc get cmd_array[0]:00000000f100465a \x0d
[57090.778190] AICWFDBG(LOGDEBUG)\x09rwnx_rx_handle_msg msg->id:0x1009 \x0d
[57090.778394] AICWFDBG(LOGTRACE)\x09rwnx_cmd_free cmd_array[0]:00000000f100465a \x0d
[57090.789670] AICWFDBG(LOGDEBUG)\x09rwnx_rx_handle_msg msg->id:0x1004 \x0d
[57090.797475] AICWFDBG(LOGDEBUG)\x09rwnx_rx_handle_msg msg->id:0x1004 \x0d
[57090.818045] AICWFDBG(LOGDEBUG)\x09rwnx_rx_handle_msg msg->id:0x1004 \x0d
[57090.833331] AICWFDBG(LOGDEBUG)\x09rwnx_rx_handle_msg msg->id:0x4f \x0d
[57090.840502] AICWFDBG(LOGDEBUG)\x09rwnx_rx_handle_msg msg->id:0x1004 \x0d
[57090.843984] AICWFDBG(LOGDEBUG)\x09rwnx_rx_handle_msg msg->id:0x1004 \x0d
[57090.864849] AICWFDBG(LOGDEBUG)\x09rwnx_rx_handle_msg msg->id:0x1004 \x0d
[57090.868407] AICWFDBG(LOGDEBUG)\x09rwnx_rx_handle_msg msg->id:0x4f \x0d
[57090.880205] AICWFDBG(LOGDEBUG)\x09rwnx_rx_handle_msg msg->id:0x1004 \x0d
[57090.903356] AICWFDBG(LOGDEBUG)\x09rwnx_rx_handle_msg msg->id:0x4f \x0d
[57090.911978] AICWFDBG(LOGDEBUG)\x09rwnx_rx_handle_msg msg->id:0x1004 \x0d
[57090.938392] AICWFDBG(LOGDEBUG)\x09rwnx_rx_handle_msg msg->id:0x4f \x0d
[57090.973428] AICWFDBG(LOGDEBUG)\x09rwnx_rx_handle_msg msg->id:0x4f \x0d
[57091.028460] AICWFDBG(LOGDEBUG)\x09rwnx_rx_handle_msg msg->id:0x4f \x0d
[57091.063452] AICWFDBG(LOGDEBUG)\x09rwnx_rx_handle_msg msg->id:0x4f \x0d
[57091.098464] AICWFDBG(LOGDEBUG)\x09rwnx_rx_handle_msg msg->id:0x4f \x0d
[57091.101338] AICWFDBG(LOGDEBUG)\x09rwnx_rx_handle_msg msg->id:0x1004 \x0d
[57091.103097] AICWFDBG(LOGDEBUG)\x09rwnx_rx_handle_msg msg->id:0x1004 \x0d
[57091.107168] AICWFDBG(LOGDEBUG)\x09rwnx_rx_handle_msg msg->id:0x1004 \x0d
[57091.133587] AICWFDBG(LOGDEBUG)\x09rwnx_rx_handle_msg msg->id:0x4f \x0d
[57091.168471] AICWFDBG(LOGDEBUG)\x09rwnx_rx_handle_msg msg->id:0x4f \x0d
[57091.223531] AICWFDBG(LOGDEBUG)\x09rwnx_rx_handle_msg msg->id:0x4f \x0d
[57091.258541] AICWFDBG(LOGDEBUG)\x09rwnx_rx_handle_msg msg->id:0x4f \x0d
[57091.313577] AICWFDBG(LOGDEBUG)\x09rwnx_rx_handle_msg msg->id:0x4f \x0d
[57091.315809] AICWFDBG(LOGDEBUG)\x09rwnx_rx_handle_msg msg->id:0x1004 \x0d
[57091.343340] AICWFDBG(LOGDEBUG)\x09rwnx_rx_handle_msg msg->id:0x1004 \x0d
[57091.368595] AICWFDBG(LOGDEBUG)\x09rwnx_rx_handle_msg msg->id:0x4f \x0d
[57091.403515] AICWFDBG(LOGDEBUG)\x09rwnx_rx_handle_msg msg->id:0x4f \x0d
[57091.458659] AICWFDBG(LOGDEBUG)\x09rwnx_rx_handle_msg msg->id:0x4f \x0d
[57091.460749] AICWFDBG(LOGDEBUG)\x09rwnx_rx_handle_msg msg->id:0x1004 \x0d
[57091.493673] AICWFDBG(LOGDEBUG)\x09rwnx_rx_handle_msg msg->id:0x4f \x0d
[57091.528695] AICWFDBG(LOGDEBUG)\x09rwnx_rx_handle_msg msg->id:0x4f \x0d
[57091.563733] AICWFDBG(LOGDEBUG)\x09rwnx_rx_handle_msg msg->id:0x4f \x0d
[57091.598776] AICWFDBG(LOGDEBUG)\x09rwnx_rx_handle_msg msg->id:0x4f \x0d
[57091.633763] AICWFDBG(LOGDEBUG)\x09rwnx_rx_handle_msg msg->id:0x4f \x0d
[57091.668763] AICWFDBG(LOGDEBUG)\x09rwnx_rx_handle_msg msg->id:0x4f \x0d
[57091.723806] AICWFDBG(LOGDEBUG)\x09rwnx_rx_handle_msg msg->id:0x4f \x0d
[57091.765049] read descriptors
[57091.765164] read strings
[57091.767065] init: processing action (sys.usb.config=adb && sys.usb.configfs=1 && sys.usb.ffs.ready=1) from (/system/etc/init/hw/init.usb.configfs.rc:21)
[57091.769421] init: Command 'symlink /config/usb_gadget/g1/functions/ffs.adb /config/usb_gadget/g1/configs/b.1/f1' action=sys.usb.config=adb && sys.usb.configfs=1 && sys.usb.ffs.ready=1 (/system/etc/init/hw/init.usb.configfs.rc:23) took 0ms and failed: symlink() failed: File exists
[57091.769774] init: Command 'write /config/usb_gadget/g1/UDC ${sys.usb.controller}' action=sys.usb.config=adb && sys.usb.configfs=1 && sys.usb.ffs.ready=1 (/system/etc/init/hw/init.usb.configfs.rc:24) took 0ms and failed: property 'sys.usb.controller' doesn't exist while expanding '${sys.usb.controller}'
[57091.778713] AICWFDBG(LOGDEBUG)\x09rwnx_rx_handle_msg msg->id:0x4f \x0d
[57091.833885] AICWFDBG(LOGDEBUG)\x09rwnx_rx_handle_msg msg->id:0x4f \x0d
[57091.868825] AICWFDBG(LOGDEBUG)\x09rwnx_rx_handle_msg msg->id:0x4f \x0d
[57091.868905] AICWFDBG(LOGDEBUG)\x09rwnx_rx_handle_msg msg->id:0x1001 \x0d
[57091.868934] AICWFDBG(LOGTRACE)\x09>>> rwnx_rx_scanu_start_cfm()
[57092.811706] read descriptors
[57092.811820] read strings
[57092.813899] init: processing action (sys.usb.config=adb && sys.usb.configfs=1 && sys.usb.ffs.ready=1) from (/system/etc/init/hw/init.usb.configfs.rc:21)
[57092.817813] init: Command 'symlink /config/usb_gadget/g1/functions/ffs.adb /config/usb_gadget/g1/configs/b.1/f1' action=sys.usb.config=adb && sys.usb.configfs=1 && sys.usb.ffs.ready=1 (/system/etc/init/hw/init.usb.configfs.rc:23) took 1ms and failed: symlink() failed: File exists
[57092.818482] init: Command 'write /config/usb_gadget/g1/UDC ${sys.usb.controller}' action=sys.usb.config=adb && sys.usb.configfs=1 && sys.usb.ffs.ready=1 (/system/etc/init/hw/init.usb.configfs.rc:24) took 0ms and failed: property 'sys.usb.controller' doesn't exist while expanding '${sys.usb.controller}'
[57093.858412] read descriptors
[57093.858538] read strings
[57093.860733] init: processing action (sys.usb.config=adb && sys.usb.configfs=1 && sys.usb.ffs.ready=1) from (/system/etc/init/hw/init.usb.configfs.rc:21)
[57093.864730] init: Command 'symlink /config/usb_gadget/g1/functions/ffs.adb /config/usb_gadget/g1/configs/b.1/f1' action=sys.usb.config=adb && sys.usb.configfs=1 && sys.usb.ffs.ready=1 (/system/etc/init/hw/init.usb.configfs.rc:23) took 1ms and failed: symlink() failed: File exists
[57093.865383] init: Command 'write /config/usb_gadget/g1/UDC ${sys.usb.controller}' action=sys.usb.config=adb && sys.usb.configfs=1 && sys.usb.ffs.ready=1 (/system/etc/init/hw/init.usb.configfs.rc:24) took 0ms and failed: property 'sys.usb.controller' doesn't exist while expanding '${sys.usb.controller}'
[57094.925148] read descriptors
[57094.925268] read strings
[57094.927224] init: processing action (sys.usb.config=adb && sys.usb.configfs=1 && sys.usb.ffs.ready=1) from (/system/etc/init/hw/init.usb.configfs.rc:21)
[57096.025159] read descriptors
[57096.025272] read strings
[57097.098384] read descriptors
[57097.098540] read strings
[57097.100645] init: processing action (sys.usb.config=adb && sys.usb.configfs=1 && sys.usb.ffs.ready=1) from (/system/etc/init/hw/init.usb.configfs.rc:21)
[57097.104648] init: Command 'symlink /config/usb_gadget/g1/functions/ffs.adb /config/usb_gadget/g1/configs/b.1/f1' action=sys.usb.config=adb && sys.usb.configfs=1 && sys.usb.ffs.ready=1 (/system/etc/init/hw/init.usb.configfs.rc:23) took 1ms and failed: symlink() failed: File exists
[57097.105322] init: Command 'write /config/usb_gadget/g1/UDC ${sys.usb.controller}' action=sys.usb.config=adb && sys.usb.configfs=1 && sys.usb.ffs.ready=1 (/system/etc/init/hw/init.usb.configfs.rc:24) took 0ms and failed: property 'sys.usb.controller' doesn't exist while expanding '${sys.usb.controller}'
[57098.145118] read descriptors
[57098.145230] read strings
[57098.147095] init: processing action (sys.usb.config=adb && sys.usb.configfs=1 && sys.usb.ffs.ready=1) from (/system/etc/init/hw/init.usb.configfs.rc:21)
[57098.151115] init: Command 'symlink /config/usb_gadget/g1/functions/ffs.adb /config/usb_gadget/g1/configs/b.1/f1' action=sys.usb.config=adb && sys.usb.configfs=1 && sys.usb.ffs.ready=1 (/system/etc/init/hw/init.usb.configfs.rc:23) took 1ms and failed: symlink() failed: File exists
[57098.151791] init: Command 'write /config/usb_gadget/g1/UDC ${sys.usb.controller}' action=sys.usb.config=adb && sys.usb.configfs=1 && sys.usb.ffs.ready=1 (/system/etc/init/hw/init.usb.configfs.rc:24) took 0ms and failed: property 'sys.usb.controller' doesn't exist while expanding '${sys.usb.controller}'
[57099.205143] read descriptors
[57099.205264] read strings
[57099.207455] init: processing action (sys.usb.config=adb && sys.usb.configfs=1 && sys.usb.ffs.ready=1) from (/system/etc/init/hw/init.usb.configfs.rc:21)
[57099.211965] init: Command 'symlink /config/usb_gadget/g1/functions/ffs.adb /config/usb_gadget/g1/configs/b.1/f1' action=sys.usb.config=adb && sys.usb.configfs=1 && sys.usb.ffs.ready=1 (/system/etc/init/hw/init.usb.configfs.rc:23) took 1ms and failed: symlink() failed: File exists
[57099.212650] init: Command 'write /config/usb_gadget/g1/UDC ${sys.usb.controller}' action=sys.usb.config=adb && sys.usb.configfs=1 && sys.usb.ffs.ready=1 (/system/etc/init/hw/init.usb.configfs.rc:24) took 0ms and failed: property 'sys.usb.controller' doesn't exist while expanding '${sys.usb.controller}'
[57100.255127] read descriptors
[57100.255246] read strings
[57100.257237] init: processing action (sys.usb.config=adb && sys.usb.configfs=1 && sys.usb.ffs.ready=1) from (/system/etc/init/hw/init.usb.configfs.rc:21)
[57100.776409] AICWFDBG(LOGTRACE)\x09>>> rwnx_cfg80211_scan()
[57100.776479] AICWFDBG(LOGTRACE)\x09>>> rwnx_send_scanu_req()
[57100.776505] AICWFDBG(LOGDEBUG)\x09scan channel:1(2412) \x0d
[57100.776528] AICWFDBG(LOGDEBUG)\x09scan channel:2(2417) \x0d
[57100.776544] AICWFDBG(LOGDEBUG)\x09scan channel:3(2422) \x0d
[57100.776559] AICWFDBG(LOGDEBUG)\x09scan channel:4(2427) \x0d
[57100.776573] AICWFDBG(LOGDEBUG)\x09scan channel:5(2432) \x0d
[57100.776589] AICWFDBG(LOGDEBUG)\x09scan channel:6(2437) \x0d
[57100.776604] AICWFDBG(LOGDEBUG)\x09scan channel:7(2442) \x0d
[57100.776619] AICWFDBG(LOGDEBUG)\x09scan channel:8(2447) \x0d
[57100.776634] AICWFDBG(LOGDEBUG)\x09scan channel:9(2452) \x0d
[57100.776657] AICWFDBG(LOGDEBUG)\x09scan channel:10(2457) \x0d
[57100.776672] AICWFDBG(LOGDEBUG)\x09scan channel:11(2462) \x0d
[57100.776687] AICWFDBG(LOGDEBUG)\x09scan channel:12(2467) \x0d
[57100.776701] AICWFDBG(LOGDEBUG)\x09scan channel:13(2472) \x0d
[57100.776720] AICWFDBG(LOGDEBUG)\x09scan channel:36(5180) \x0d
[57100.776734] AICWFDBG(LOGDEBUG)\x09scan channel:40(5200) \x0d
[57100.776749] AICWFDBG(LOGDEBUG)\x09scan channel:44(5220) \x0d
[57100.776764] AICWFDBG(LOGDEBUG)\x09scan channel:48(5240) \x0d
[57100.776784] AICWFDBG(LOGDEBUG)\x09scan channel:52(5260) \x0d
[57100.776799] AICWFDBG(LOGDEBUG)\x09scan channel:56(5280) \x0d
[57100.776813] AICWFDBG(LOGDEBUG)\x09scan channel:60(5300) \x0d
[57100.776828] AICWFDBG(LOGDEBUG)\x09scan channel:64(5320) \x0d
[57100.776846] AICWFDBG(LOGDEBUG)\x09scan channel:149(5745) \x0d
[57100.776861] AICWFDBG(LOGDEBUG)\x09scan channel:153(5765) \x0d
[57100.776876] AICWFDBG(LOGDEBUG)\x09scan channel:157(5785) \x0d
[57100.776891] AICWFDBG(LOGDEBUG)\x09scan channel:161(5805) \x0d
[57100.776913] AICWFDBG(LOGDEBUG)\x09scan channel:165(5825) \x0d
[57100.776933] AICWFDBG(LOGTRACE)\x09rwnx_send_msg (4105)SCANU_START_CFM_ADDTIONAL reqcfm:1 in_irq:0 in_softirq:0 in_atomic:0\x0d
[57100.776969] AICWFDBG(LOGTRACE)\x09rwnx_cmd_malloc get cmd_array[0]:00000000f100465a \x0d
[57100.777890] AICWFDBG(LOGDEBUG)\x09rwnx_rx_handle_msg msg->id:0x1009 \x0d
[57100.777980] AICWFDBG(LOGTRACE)\x09rwnx_cmd_free cmd_array[0]:00000000f100465a \x0d
[57100.790871] AICWFDBG(LOGDEBUG)\x09rwnx_rx_handle_msg msg->id:0x1004 \x0d
[57100.793255] AICWFDBG(LOGDEBUG)\x09rwnx_rx_handle_msg msg->id:0x1004 \x0d
[57100.794771] AICWFDBG(LOGDEBUG)\x09rwnx_rx_handle_msg msg->id:0x1004 \x0d
[57100.832890] AICWFDBG(LOGDEBUG)\x09rwnx_rx_handle_msg msg->id:0x4f \x0d
[57100.840092] AICWFDBG(LOGDEBUG)\x09rwnx_rx_handle_msg msg->id:0x1004 \x0d
[57100.844596] AICWFDBG(LOGDEBUG)\x09rwnx_rx_handle_msg msg->id:0x1004 \x0d
[57100.849039] AICWFDBG(LOGDEBUG)\x09rwnx_rx_handle_msg msg->id:0x1004 \x0d
[57100.853150] AICWFDBG(LOGDEBUG)\x09rwnx_rx_handle_msg msg->id:0x1004 \x0d
[57100.867868] AICWFDBG(LOGDEBUG)\x09rwnx_rx_handle_msg msg->id:0x4f \x0d
[57100.879768] AICWFDBG(LOGDEBUG)\x09rwnx_rx_handle_msg msg->id:0x1004 \x0d
[57100.883239] AICWFDBG(LOGDEBUG)\x09rwnx_rx_handle_msg msg->id:0x1004 \x0d
[57100.902933] AICWFDBG(LOGDEBUG)\x09rwnx_rx_handle_msg msg->id:0x4f \x0d
[57100.937863] AICWFDBG(LOGDEBUG)\x09rwnx_rx_handle_msg msg->id:0x4f \x0d
[57100.972842] AICWFDBG(LOGDEBUG)\x09rwnx_rx_handle_msg msg->id:0x4f \x0d
[57101.027941] AICWFDBG(LOGDEBUG)\x09rwnx_rx_handle_msg msg->id:0x4f \x0d
[57101.063031] AICWFDBG(LOGDEBUG)\x09rwnx_rx_handle_msg msg->id:0x4f \x0d
[57101.098022] AICWFDBG(LOGDEBUG)\x09rwnx_rx_handle_msg msg->id:0x4f \x0d
[57101.102256] AICWFDBG(LOGDEBUG)\x09rwnx_rx_handle_msg msg->id:0x1004 \x0d
[57101.103193] AICWFDBG(LOGDEBUG)\x09rwnx_rx_handle_msg msg->id:0x1004 \x0d
[57101.106219] AICWFDBG(LOGDEBUG)\x09rwnx_rx_handle_msg msg->id:0x1004 \x0d
[57101.133030] AICWFDBG(LOGDEBUG)\x09rwnx_rx_handle_msg msg->id:0x4f \x0d
[57101.168035] AICWFDBG(LOGDEBUG)\x09rwnx_rx_handle_msg msg->id:0x4f \x0d
[57101.182630] AICWFDBG(LOGDEBUG)\x09rwnx_rx_handle_msg msg->id:0x1004 \x0d
[57101.223126] AICWFDBG(LOGDEBUG)\x09rwnx_rx_handle_msg msg->id:0x4f \x0d
[57101.258100] AICWFDBG(LOGDEBUG)\x09rwnx_rx_handle_msg msg->id:0x4f \x0d
[57101.313127] AICWFDBG(LOGDEBUG)\x09rwnx_rx_handle_msg msg->id:0x4f \x0d
[57101.315241] AICWFDBG(LOGDEBUG)\x09rwnx_rx_handle_msg msg->id:0x1004 \x0d
[57101.318499] read descriptors
[57101.318612] read strings
[57101.368239] AICWFDBG(LOGDEBUG)\x09rwnx_rx_handle_msg msg->id:0x4f \x0d
[57101.403224] AICWFDBG(LOGDEBUG)\x09rwnx_rx_handle_msg msg->id:0x4f \x0d
[57101.458217] AICWFDBG(LOGDEBUG)\x09rwnx_rx_handle_msg msg->id:0x4f \x0d
[57101.460346] AICWFDBG(LOGDEBUG)\x09rwnx_rx_handle_msg msg->id:0x1004 \x0d
[57101.464369] AICWFDBG(LOGDEBUG)\x09rwnx_rx_handle_msg msg->id:0x1004 \x0d
[57101.464985] AICWFDBG(LOGDEBUG)\x09rwnx_rx_handle_msg msg->id:0x1004 \x0d
[57101.493282] AICWFDBG(LOGDEBUG)\x09rwnx_rx_handle_msg msg->id:0x4f \x0d
[57101.528120] AICWFDBG(LOGDEBUG)\x09rwnx_rx_handle_msg msg->id:0x4f \x0d
[57101.563284] AICWFDBG(LOGDEBUG)\x09rwnx_rx_handle_msg msg->id:0x4f \x0d
[57101.598296] AICWFDBG(LOGDEBUG)\x09rwnx_rx_handle_msg msg->id:0x4f \x0d
[57101.633340] AICWFDBG(LOGDEBUG)\x09rwnx_rx_handle_msg msg->id:0x4f \x0d
[57101.647267] AICWFDBG(LOGDEBUG)\x09rwnx_rx_handle_msg msg->id:0x1004 \x0d
[57101.668367] AICWFDBG(LOGDEBUG)\x09rwnx_rx_handle_msg msg->id:0x4f \x0d
[57101.723363] AICWFDBG(LOGDEBUG)\x09rwnx_rx_handle_msg msg->id:0x4f \x0d
[57101.778381] AICWFDBG(LOGDEBUG)\x09rwnx_rx_handle_msg msg->id:0x4f \x0d
[57101.833387] AICWFDBG(LOGDEBUG)\x09rwnx_rx_handle_msg msg->id:0x4f \x0d
[57101.868472] AICWFDBG(LOGDEBUG)\x09rwnx_rx_handle_msg msg->id:0x4f \x0d
[57101.868549] AICWFDBG(LOGDEBUG)\x09rwnx_rx_handle_msg msg->id:0x1001 \x0d
[57101.868580] AICWFDBG(LOGTRACE)\x09>>> rwnx_rx_scanu_start_cfm()
[57102.375019] read descriptors
[57102.375138] read strings
[57102.377065] init: processing action (sys.usb.config=adb && sys.usb.configfs=1 && sys.usb.ffs.ready=1) from (/system/etc/init/hw/init.usb.configfs.rc:21)
[57102.381077] init: Command 'symlink /config/usb_gadget/g1/functions/ffs.adb /config/usb_gadget/g1/configs/b.1/f1' action=sys.usb.config=adb && sys.usb.configfs=1 && sys.usb.ffs.ready=1 (/system/etc/init/hw/init.usb.configfs.rc:23) took 1ms and failed: symlink() failed: File exists
[57102.381766] init: Command 'write /config/usb_gadget/g1/UDC ${sys.usb.controller}' action=sys.usb.config=adb && sys.usb.configfs=1 && sys.usb.ffs.ready=1 (/system/etc/init/hw/init.usb.configfs.rc:24) took 0ms and failed: property 'sys.usb.controller' doesn't exist while expanding '${sys.usb.controller}'
[57103.425016] read descriptors
[57103.425133] read strings
[57103.427182] init: processing action (sys.usb.config=adb && sys.usb.configfs=1 && sys.usb.ffs.ready=1) from (/system/etc/init/hw/init.usb.configfs.rc:21)
[57103.430800] init: Command 'symlink /config/usb_gadget/g1/functions/ffs.adb /config/usb_gadget/g1/configs/b.1/f1' action=sys.usb.config=adb && sys.usb.configfs=1 && sys.usb.ffs.ready=1 (/system/etc/init/hw/init.usb.configfs.rc:23) took 1ms and failed: symlink() failed: File exists
[57103.431540] init: Command 'write /config/usb_gadget/g1/UDC ${sys.usb.controller}' action=sys.usb.config=adb && sys.usb.configfs=1 && sys.usb.ffs.ready=1 (/system/etc/init/hw/init.usb.configfs.rc:24) took 0ms and failed: property 'sys.usb.controller' doesn't exist while expanding '${sys.usb.controller}'
[57104.478614] read descriptors
[57104.478770] read strings
[57104.480688] init: processing action (sys.usb.config=adb && sys.usb.configfs=1 && sys.usb.ffs.ready=1) from (/system/etc/init/hw/init.usb.configfs.rc:21)
[57104.483017] init: Command 'symlink /config/usb_gadget/g1/functions/ffs.adb /config/usb_gadget/g1/configs/b.1/f1' action=sys.usb.config=adb && sys.usb.configfs=1 && sys.usb.ffs.ready=1 (/system/etc/init/hw/init.usb.configfs.rc:23) took 0ms and failed: symlink() failed: File exists
[57104.483418] init: Command 'write /config/usb_gadget/g1/UDC ${sys.usb.controller}' action=sys.usb.config=adb && sys.usb.configfs=1 && sys.usb.ffs.ready=1 (/system/etc/init/hw/init.usb.configfs.rc:24) took 0ms and failed: property 'sys.usb.controller' doesn't exist while expanding '${sys.usb.controller}'
[57105.555115] read descriptors
[57105.555230] read strings
[57105.557223] init: processing action (sys.usb.config=adb && sys.usb.configfs=1 && sys.usb.ffs.ready=1) from (/system/etc/init/hw/init.usb.configfs.rc:21)
[57106.618440] read descriptors
[57106.618546] read strings
[57107.668400] read descriptors
[57107.668495] read strings
[57107.670299] init: processing action (sys.usb.config=adb && sys.usb.configfs=1 && sys.usb.ffs.ready=1) from (/system/etc/init/hw/init.usb.configfs.rc:21)
[57107.672970] init: Command 'symlink /config/usb_gadget/g1/functions/ffs.adb /config/usb_gadget/g1/configs/b.1/f1' action=sys.usb.config=adb && sys.usb.configfs=1 && sys.usb.ffs.ready=1 (/system/etc/init/hw/init.usb.configfs.rc:23) took 0ms and failed: symlink() failed: File exists
[57107.673328] init: Command 'write /config/usb_gadget/g1/UDC ${sys.usb.controller}' action=sys.usb.config=adb && sys.usb.configfs=1 && sys.usb.ffs.ready=1 (/system/etc/init/hw/init.usb.configfs.rc:24) took 0ms and failed: property 'sys.usb.controller' doesn't exist while expanding '${sys.usb.controller}'
[57108.701642] read descriptors
[57108.701743] read strings
[57108.703755] init: processing action (sys.usb.config=adb && sys.usb.configfs=1 && sys.usb.ffs.ready=1) from (/system/etc/init/hw/init.usb.configfs.rc:21)
[57108.707774] init: Command 'symlink /config/usb_gadget/g1/functions/ffs.adb /config/usb_gadget/g1/configs/b.1/f1' action=sys.usb.config=adb && sys.usb.configfs=1 && sys.usb.ffs.ready=1 (/system/etc/init/hw/init.usb.configfs.rc:23) took 1ms and failed: symlink() failed: File exists
[57108.708421] init: Command 'write /config/usb_gadget/g1/UDC ${sys.usb.controller}' action=sys.usb.config=adb && sys.usb.configfs=1 && sys.usb.ffs.ready=1 (/system/etc/init/hw/init.usb.configfs.rc:24) took 0ms and failed: property 'sys.usb.controller' doesn't exist while expanding '${sys.usb.controller}'
[57109.741772] read descriptors
[57109.741881] read strings
[57109.743826] init: processing action (sys.usb.config=adb && sys.usb.configfs=1 && sys.usb.ffs.ready=1) from (/system/etc/init/hw/init.usb.configfs.rc:21)
[57109.747778] init: Command 'symlink /config/usb_gadget/g1/functions/ffs.adb /config/usb_gadget/g1/configs/b.1/f1' action=sys.usb.config=adb && sys.usb.configfs=1 && sys.usb.ffs.ready=1 (/system/etc/init/hw/init.usb.configfs.rc:23) took 1ms and failed: symlink() failed: File exists
[57109.748405] init: Command 'write /config/usb_gadget/g1/UDC ${sys.usb.controller}' action=sys.usb.config=adb && sys.usb.configfs=1 && sys.usb.ffs.ready=1 (/system/etc/init/hw/init.usb.configfs.rc:24) took 0ms and failed: property 'sys.usb.controller' doesn't exist while expanding '${sys.usb.controller}'
[57110.784266] AICWFDBG(LOGTRACE)\x09>>> rwnx_cfg80211_scan()
[57110.784347] AICWFDBG(LOGTRACE)\x09>>> rwnx_send_scanu_req()
[57110.784391] AICWFDBG(LOGDEBUG)\x09scan channel:1(2412) \x0d
[57110.784415] AICWFDBG(LOGDEBUG)\x09scan channel:2(2417) \x0d
[57110.784439] AICWFDBG(LOGDEBUG)\x09scan channel:3(2422) \x0d
[57110.784468] AICWFDBG(LOGDEBUG)\x09scan channel:4(2427) \x0d
[57110.784491] AICWFDBG(LOGDEBUG)\x09scan channel:5(2432) \x0d
[57110.784521] AICWFDBG(LOGDEBUG)\x09scan channel:6(2437) \x0d
[57110.784544] AICWFDBG(LOGDEBUG)\x09scan channel:7(2442) \x0d
[57110.784568] AICWFDBG(LOGDEBUG)\x09scan channel:8(2447) \x0d
[57110.784596] AICWFDBG(LOGDEBUG)\x09scan channel:9(2452) \x0d
[57110.784618] AICWFDBG(LOGDEBUG)\x09scan channel:10(2457) \x0d
[57110.784647] AICWFDBG(LOGDEBUG)\x09scan channel:11(2462) \x0d
[57110.784670] AICWFDBG(LOGDEBUG)\x09scan channel:12(2467) \x0d
[57110.784693] AICWFDBG(LOGDEBUG)\x09scan channel:13(2472) \x0d
[57110.784723] AICWFDBG(LOGDEBUG)\x09scan channel:36(5180) \x0d
[57110.784747] AICWFDBG(LOGDEBUG)\x09scan channel:40(5200) \x0d
[57110.784777] AICWFDBG(LOGDEBUG)\x09scan channel:44(5220) \x0d
[57110.784800] AICWFDBG(LOGDEBUG)\x09scan channel:48(5240) \x0d
[57110.784824] AICWFDBG(LOGDEBUG)\x09scan channel:52(5260) \x0d
[57110.784852] AICWFDBG(LOGDEBUG)\x09scan channel:56(5280) \x0d
[57110.784876] AICWFDBG(LOGDEBUG)\x09scan channel:60(5300) \x0d
[57110.784903] AICWFDBG(LOGDEBUG)\x09scan channel:64(5320) \x0d
[57110.784925] AICWFDBG(LOGDEBUG)\x09scan channel:149(5745) \x0d
[57110.784950] AICWFDBG(LOGDEBUG)\x09scan channel:153(5765) \x0d
[57110.784981] AICWFDBG(LOGDEBUG)\x09scan channel:157(5785) \x0d
[57110.785004] AICWFDBG(LOGDEBUG)\x09scan channel:161(5805) \x0d
[57110.785033] AICWFDBG(LOGDEBUG)\x09scan channel:165(5825) \x0d
[57110.785064] AICWFDBG(LOGTRACE)\x09rwnx_send_msg (4105)SCANU_START_CFM_ADDTIONAL reqcfm:1 in_irq:0 in_softirq:0 in_atomic:0\x0d
[57110.785111] AICWFDBG(LOGTRACE)\x09rwnx_cmd_malloc get cmd_array[0]:00000000f100465a \x0d
[57110.786001] AICWFDBG(LOGDEBUG)\x09rwnx_rx_handle_msg msg->id:0x1009 \x0d
[57110.786109] AICWFDBG(LOGTRACE)\x09rwnx_cmd_free cmd_array[0]:00000000f100465a \x0d
[57110.788495] read descriptors
[57110.788569] read strings
[57110.790553] init: processing action (sys.usb.config=adb && sys.usb.configfs=1 && sys.usb.ffs.ready=1) from (/system/etc/init/hw/init.usb.configfs.rc:21)
[57110.811699] AICWFDBG(LOGDEBUG)\x09rwnx_rx_handle_msg msg->id:0x1004 \x0d
[57110.841129] AICWFDBG(LOGDEBUG)\x09rwnx_rx_handle_msg msg->id:0x4f \x0d
[57110.847911] AICWFDBG(LOGDEBUG)\x09rwnx_rx_handle_msg msg->id:0x1004 \x0d
[57110.879463] AICWFDBG(LOGDEBUG)\x09rwnx_rx_handle_msg msg->id:0x4f \x0d
[57110.879791] AICWFDBG(LOGDEBUG)\x09rwnx_rx_handle_msg msg->id:0x1004 \x0d
[57110.886328] AICWFDBG(LOGDEBUG)\x09rwnx_rx_handle_msg msg->id:0x1004 \x0d
[57110.914523] AICWFDBG(LOGDEBUG)\x09rwnx_rx_handle_msg msg->id:0x4f \x0d
[57110.949474] AICWFDBG(LOGDEBUG)\x09rwnx_rx_handle_msg msg->id:0x4f \x0d
[57110.984411] AICWFDBG(LOGDEBUG)\x09rwnx_rx_handle_msg msg->id:0x4f \x0d
[57111.039446] AICWFDBG(LOGDEBUG)\x09rwnx_rx_handle_msg msg->id:0x4f \x0d
[57111.074467] AICWFDBG(LOGDEBUG)\x09rwnx_rx_handle_msg msg->id:0x4f \x0d
[57111.109542] AICWFDBG(LOGDEBUG)\x09rwnx_rx_handle_msg msg->id:0x4f \x0d
[57111.115108] AICWFDBG(LOGDEBUG)\x09rwnx_rx_handle_msg msg->id:0x1004 \x0d
[57111.117043] AICWFDBG(LOGDEBUG)\x09rwnx_rx_handle_msg msg->id:0x1004 \x0d
[57111.125934] AICWFDBG(LOGDEBUG)\x09rwnx_rx_handle_msg msg->id:0x1004 \x0d
[57111.144609] AICWFDBG(LOGDEBUG)\x09rwnx_rx_handle_msg msg->id:0x4f \x0d
[57111.179632] AICWFDBG(LOGDEBUG)\x09rwnx_rx_handle_msg msg->id:0x4f \x0d
[57111.186978] AICWFDBG(LOGDEBUG)\x09rwnx_rx_handle_msg msg->id:0x1004 \x0d
[57111.207316] AICWFDBG(LOGDEBUG)\x09rwnx_rx_handle_msg msg->id:0x1004 \x0d
[57111.234653] AICWFDBG(LOGDEBUG)\x09rwnx_rx_handle_msg msg->id:0x4f \x0d
[57111.269628] AICWFDBG(LOGDEBUG)\x09rwnx_rx_handle_msg msg->id:0x4f \x0d
[57111.324719] AICWFDBG(LOGDEBUG)\x09rwnx_rx_handle_msg msg->id:0x4f \x0d
[57111.326776] AICWFDBG(LOGDEBUG)\x09rwnx_rx_handle_msg msg->id:0x1004 \x0d
[57111.379744] AICWFDBG(LOGDEBUG)\x09rwnx_rx_handle_msg msg->id:0x4f \x0d
[57111.414757] AICWFDBG(LOGDEBUG)\x09rwnx_rx_handle_msg msg->id:0x4f \x0d
[57111.469790] AICWFDBG(LOGDEBUG)\x09rwnx_rx_handle_msg msg->id:0x4f \x0d
[57111.472021] AICWFDBG(LOGDEBUG)\x09rwnx_rx_handle_msg msg->id:0x1004 \x0d
[57111.499303] AICWFDBG(LOGDEBUG)\x09rwnx_rx_handle_msg msg->id:0x1004 \x0d
[57111.500010] AICWFDBG(LOGDEBUG)\x09rwnx_rx_handle_msg msg->id:0x1004 \x0d
[57111.504801] AICWFDBG(LOGDEBUG)\x09rwnx_rx_handle_msg msg->id:0x4f \x0d
[57111.539815] AICWFDBG(LOGDEBUG)\x09rwnx_rx_handle_msg msg->id:0x4f \x0d
[57111.574832] AICWFDBG(LOGDEBUG)\x09rwnx_rx_handle_msg msg->id:0x4f \x0d
[57111.609931] AICWFDBG(LOGDEBUG)\x09rwnx_rx_handle_msg msg->id:0x4f \x0d
[57111.644781] AICWFDBG(LOGDEBUG)\x09rwnx_rx_handle_msg msg->id:0x4f \x0d
[57111.679788] AICWFDBG(LOGDEBUG)\x09rwnx_rx_handle_msg msg->id:0x4f \x0d
[57111.734874] AICWFDBG(LOGDEBUG)\x09rwnx_rx_handle_msg msg->id:0x4f \x0d
[57111.789986] AICWFDBG(LOGDEBUG)\x09rwnx_rx_handle_msg msg->id:0x4f \x0d
[57111.835131] read descriptors
[57111.835248] read strings
[57111.844981] AICWFDBG(LOGDEBUG)\x09rwnx_rx_handle_msg msg->id:0x4f \x0d
[57111.879983] AICWFDBG(LOGDEBUG)\x09rwnx_rx_handle_msg msg->id:0x4f \x0d
[57111.880078] AICWFDBG(LOGDEBUG)\x09rwnx_rx_handle_msg msg->id:0x1001 \x0d
[57111.880107] AICWFDBG(LOGTRACE)\x09>>> rwnx_rx_scanu_start_cfm()
[57112.878039] read descriptors
[57112.878101] read strings
[57112.879221] init: processing action (sys.usb.config=adb && sys.usb.configfs=1 && sys.usb.ffs.ready=1) from (/system/etc/init/hw/init.usb.configfs.rc:21)
[57112.882227] init: Command 'symlink /config/usb_gadget/g1/functions/ffs.adb /config/usb_gadget/g1/configs/b.1/f1' action=sys.usb.config=adb && sys.usb.configfs=1 && sys.usb.ffs.ready=1 (/system/etc/init/hw/init.usb.configfs.rc:23) took 1ms and failed: symlink() failed: File exists
[57112.882910] init: Command 'write /config/usb_gadget/g1/UDC ${sys.usb.controller}' action=sys.usb.config=adb && sys.usb.configfs=1 && sys.usb.ffs.ready=1 (/system/etc/init/hw/init.usb.configfs.rc:24) took 0ms and failed: property 'sys.usb.controller' doesn't exist while expanding '${sys.usb.controller}'
[57113.915035] read descriptors
[57113.915187] read strings
[57113.917268] init: processing action (sys.usb.config=adb && sys.usb.configfs=1 && sys.usb.ffs.ready=1) from (/system/etc/init/hw/init.usb.configfs.rc:21)
[57113.921273] init: Command 'symlink /config/usb_gadget/g1/functions/ffs.adb /config/usb_gadget/g1/configs/b.1/f1' action=sys.usb.config=adb && sys.usb.configfs=1 && sys.usb.ffs.ready=1 (/system/etc/init/hw/init.usb.configfs.rc:23) took 1ms and failed: symlink() failed: File exists
[57113.921944] init: Command 'write /config/usb_gadget/g1/UDC ${sys.usb.controller}' action=sys.usb.config=adb && sys.usb.configfs=1 && sys.usb.ffs.ready=1 (/system/etc/init/hw/init.usb.configfs.rc:24) took 0ms and failed: property 'sys.usb.controller' doesn't exist while expanding '${sys.usb.controller}'
[57114.955064] read descriptors
[57114.955175] read strings
[57114.957322] init: processing action (sys.usb.config=adb && sys.usb.configfs=1 && sys.usb.ffs.ready=1) from (/system/etc/init/hw/init.usb.configfs.rc:21)
[57114.961356] init: Command 'symlink /config/usb_gadget/g1/functions/ffs.adb /config/usb_gadget/g1/configs/b.1/f1' action=sys.usb.config=adb && sys.usb.configfs=1 && sys.usb.ffs.ready=1 (/system/etc/init/hw/init.usb.configfs.rc:23) took 1ms and failed: symlink() failed: File exists
[57114.962029] init: Command 'write /config/usb_gadget/g1/UDC ${sys.usb.controller}' action=sys.usb.config=adb && sys.usb.configfs=1 && sys.usb.ffs.ready=1 (/system/etc/init/hw/init.usb.configfs.rc:24) took 0ms and failed: property 'sys.usb.controller' doesn't exist while expanding '${sys.usb.controller}'
[57115.995128] read descriptors
[57115.995245] read strings
[57115.997178] init: processing action (sys.usb.config=adb && sys.usb.configfs=1 && sys.usb.ffs.ready=1) from (/system/etc/init/hw/init.usb.configfs.rc:21)
[57117.034775] read descriptors
[57117.034852] read strings
[57118.098343] read descriptors
[57118.098453] read strings
[57118.100367] init: processing action (sys.usb.config=adb && sys.usb.configfs=1 && sys.usb.ffs.ready=1) from (/system/etc/init/hw/init.usb.configfs.rc:21)
[57118.104466] init: Command 'symlink /config/usb_gadget/g1/functions/ffs.adb /config/usb_gadget/g1/configs/b.1/f1' action=sys.usb.config=adb && sys.usb.configfs=1 && sys.usb.ffs.ready=1 (/system/etc/init/hw/init.usb.configfs.rc:23) took 1ms and failed: symlink() failed: File exists
[57118.105142] init: Command 'write /config/usb_gadget/g1/UDC ${sys.usb.controller}' action=sys.usb.config=adb && sys.usb.configfs=1 && sys.usb.ffs.ready=1 (/system/etc/init/hw/init.usb.configfs.rc:24) took 0ms and failed: property 'sys.usb.controller' doesn't exist while expanding '${sys.usb.controller}'
[57119.148396] read descriptors
[57119.148498] read strings
[57119.150232] init: processing action (sys.usb.config=adb && sys.usb.configfs=1 && sys.usb.ffs.ready=1) from (/system/etc/init/hw/init.usb.configfs.rc:21)
[57119.154145] init: Command 'symlink /config/usb_gadget/g1/functions/ffs.adb /config/usb_gadget/g1/configs/b.1/f1' action=sys.usb.config=adb && sys.usb.configfs=1 && sys.usb.ffs.ready=1 (/system/etc/init/hw/init.usb.configfs.rc:23) took 1ms and failed: symlink() failed: File exists
[57119.154926] init: Command 'write /config/usb_gadget/g1/UDC ${sys.usb.controller}' action=sys.usb.config=adb && sys.usb.configfs=1 && sys.usb.ffs.ready=1 (/system/etc/init/hw/init.usb.configfs.rc:24) took 0ms and failed: property 'sys.usb.controller' doesn't exist while expanding '${sys.usb.controller}'
[57120.198356] read descriptors
[57120.198456] read strings
[57120.200377] init: processing action (sys.usb.config=adb && sys.usb.configfs=1 && sys.usb.ffs.ready=1) from (/system/etc/init/hw/init.usb.configfs.rc:21)
[57120.204402] init: Command 'symlink /config/usb_gadget/g1/functions/ffs.adb /config/usb_gadget/g1/configs/b.1/f1' action=sys.usb.config=adb && sys.usb.configfs=1 && sys.usb.ffs.ready=1 (/system/etc/init/hw/init.usb.configfs.rc:23) took 1ms and failed: symlink() failed: File exists
[57120.205108] init: Command 'write /config/usb_gadget/g1/UDC ${sys.usb.controller}' action=sys.usb.config=adb && sys.usb.configfs=1 && sys.usb.ffs.ready=1 (/system/etc/init/hw/init.usb.configfs.rc:24) took 0ms and failed: property 'sys.usb.controller' doesn't exist while expanding '${sys.usb.controller}'
[57120.787889] AICWFDBG(LOGTRACE)\x09>>> rwnx_cfg80211_scan()
[57120.787960] AICWFDBG(LOGTRACE)\x09>>> rwnx_send_scanu_req()
[57120.788000] AICWFDBG(LOGDEBUG)\x09scan channel:1(2412) \x0d
[57120.788024] AICWFDBG(LOGDEBUG)\x09scan channel:2(2417) \x0d
[57120.788046] AICWFDBG(LOGDEBUG)\x09scan channel:3(2422) \x0d
[57120.788069] AICWFDBG(LOGDEBUG)\x09scan channel:4(2427) \x0d
[57120.788091] AICWFDBG(LOGDEBUG)\x09scan channel:5(2432) \x0d
[57120.788115] AICWFDBG(LOGDEBUG)\x09scan channel:6(2437) \x0d
[57120.788184] AICWFDBG(LOGDEBUG)\x09scan channel:7(2442) \x0d
[57120.788206] AICWFDBG(LOGDEBUG)\x09scan channel:8(2447) \x0d
[57120.788229] AICWFDBG(LOGDEBUG)\x09scan channel:9(2452) \x0d
[57120.788251] AICWFDBG(LOGDEBUG)\x09scan channel:10(2457) \x0d
[57120.788274] AICWFDBG(LOGDEBUG)\x09scan channel:11(2462) \x0d
[57120.788297] AICWFDBG(LOGDEBUG)\x09scan channel:12(2467) \x0d
[57120.788320] AICWFDBG(LOGDEBUG)\x09scan channel:13(2472) \x0d
[57120.788343] AICWFDBG(LOGDEBUG)\x09scan channel:36(5180) \x0d
[57120.788367] AICWFDBG(LOGDEBUG)\x09scan channel:40(5200) \x0d
[57120.788390] AICWFDBG(LOGDEBUG)\x09scan channel:44(5220) \x0d
[57120.788413] AICWFDBG(LOGDEBUG)\x09scan channel:48(5240) \x0d
[57120.788436] AICWFDBG(LOGDEBUG)\x09scan channel:52(5260) \x0d
[57120.788459] AICWFDBG(LOGDEBUG)\x09scan channel:56(5280) \x0d
[57120.788482] AICWFDBG(LOGDEBUG)\x09scan channel:60(5300) \x0d
[57120.788505] AICWFDBG(LOGDEBUG)\x09scan channel:64(5320) \x0d
[57120.788527] AICWFDBG(LOGDEBUG)\x09scan channel:149(5745) \x0d
[57120.788551] AICWFDBG(LOGDEBUG)\x09scan channel:153(5765) \x0d
[57120.788573] AICWFDBG(LOGDEBUG)\x09scan channel:157(5785) \x0d
[57120.788596] AICWFDBG(LOGDEBUG)\x09scan channel:161(5805) \x0d
[57120.788619] AICWFDBG(LOGDEBUG)\x09scan channel:165(5825) \x0d
[57120.788650] AICWFDBG(LOGTRACE)\x09rwnx_send_msg (4105)SCANU_START_CFM_ADDTIONAL reqcfm:1 in_irq:0 in_softirq:0 in_atomic:0\x0d
[57120.788684] AICWFDBG(LOGTRACE)\x09rwnx_cmd_malloc get cmd_array[0]:00000000f100465a \x0d
[57120.789572] AICWFDBG(LOGDEBUG)\x09rwnx_rx_handle_msg msg->id:0x1009 \x0d
[57120.789787] AICWFDBG(LOGTRACE)\x09rwnx_cmd_free cmd_array[0]:00000000f100465a \x0d
[57120.803229] AICWFDBG(LOGDEBUG)\x09rwnx_rx_handle_msg msg->id:0x1004 \x0d
[57120.844705] AICWFDBG(LOGDEBUG)\x09rwnx_rx_handle_msg msg->id:0x4f \x0d
[57120.846652] AICWFDBG(LOGDEBUG)\x09rwnx_rx_handle_msg msg->id:0x1004 \x0d
[57120.853261] AICWFDBG(LOGDEBUG)\x09rwnx_rx_handle_msg msg->id:0x1004 \x0d
[57120.856922] AICWFDBG(LOGDEBUG)\x09rwnx_rx_handle_msg msg->id:0x1004 \x0d
[57120.879670] AICWFDBG(LOGDEBUG)\x09rwnx_rx_handle_msg msg->id:0x4f \x0d
[57120.886949] AICWFDBG(LOGDEBUG)\x09rwnx_rx_handle_msg msg->id:0x1004 \x0d
[57120.914514] AICWFDBG(LOGDEBUG)\x09rwnx_rx_handle_msg msg->id:0x1004 \x0d
[57120.914892] AICWFDBG(LOGDEBUG)\x09rwnx_rx_handle_msg msg->id:0x4f \x0d
[57120.949719] AICWFDBG(LOGDEBUG)\x09rwnx_rx_handle_msg msg->id:0x4f \x0d
[57120.984736] AICWFDBG(LOGDEBUG)\x09rwnx_rx_handle_msg msg->id:0x4f \x0d
[57121.039789] AICWFDBG(LOGDEBUG)\x09rwnx_rx_handle_msg msg->id:0x4f \x0d
[57121.074791] AICWFDBG(LOGDEBUG)\x09rwnx_rx_handle_msg msg->id:0x4f \x0d
[57121.109789] AICWFDBG(LOGDEBUG)\x09rwnx_rx_handle_msg msg->id:0x4f \x0d
[57121.112463] AICWFDBG(LOGDEBUG)\x09rwnx_rx_handle_msg msg->id:0x1004 \x0d
[57121.112919] AICWFDBG(LOGDEBUG)\x09rwnx_rx_handle_msg msg->id:0x1004 \x0d
[57121.143738] AICWFDBG(LOGDEBUG)\x09rwnx_rx_handle_msg msg->id:0x1004 \x0d
[57121.144807] AICWFDBG(LOGDEBUG)\x09rwnx_rx_handle_msg msg->id:0x4f \x0d
[57121.179705] AICWFDBG(LOGDEBUG)\x09rwnx_rx_handle_msg msg->id:0x4f \x0d
[57121.234856] AICWFDBG(LOGDEBUG)\x09rwnx_rx_handle_msg msg->id:0x4f \x0d
[57121.241778] read descriptors
[57121.241891] read strings
[57121.243821] init: processing action (sys.usb.config=adb && sys.usb.configfs=1 && sys.usb.ffs.ready=1) from (/system/etc/init/hw/init.usb.configfs.rc:21)
[57121.269869] AICWFDBG(LOGDEBUG)\x09rwnx_rx_handle_msg msg->id:0x4f \x0d
[57121.324901] AICWFDBG(LOGDEBUG)\x09rwnx_rx_handle_msg msg->id:0x4f \x0d
[57121.326872] AICWFDBG(LOGDEBUG)\x09rwnx_rx_handle_msg msg->id:0x1004 \x0d
[57121.346332] AICWFDBG(LOGDEBUG)\x09rwnx_rx_handle_msg msg->id:0x1004 \x0d
[57121.379946] AICWFDBG(LOGDEBUG)\x09rwnx_rx_handle_msg msg->id:0x4f \x0d
[57121.414964] AICWFDBG(LOGDEBUG)\x09rwnx_rx_handle_msg msg->id:0x4f \x0d
[57121.470003] AICWFDBG(LOGDEBUG)\x09rwnx_rx_handle_msg msg->id:0x4f \x0d
[57121.472116] AICWFDBG(LOGDEBUG)\x09rwnx_rx_handle_msg msg->id:0x1004 \x0d
[57121.504995] AICWFDBG(LOGDEBUG)\x09rwnx_rx_handle_msg msg->id:0x4f \x0d
[57121.540045] AICWFDBG(LOGDEBUG)\x09rwnx_rx_handle_msg msg->id:0x4f \x0d
[57121.575057] AICWFDBG(LOGDEBUG)\x09rwnx_rx_handle_msg msg->id:0x4f \x0d
[57121.610075] AICWFDBG(LOGDEBUG)\x09rwnx_rx_handle_msg msg->id:0x4f \x0d
[57121.645091] AICWFDBG(LOGDEBUG)\x09rwnx_rx_handle_msg msg->id:0x4f \x0d
[57121.680115] AICWFDBG(LOGDEBUG)\x09rwnx_rx_handle_msg msg->id:0x4f \x0d
[57121.735150] AICWFDBG(LOGDEBUG)\x09rwnx_rx_handle_msg msg->id:0x4f \x0d
[57121.790167] AICWFDBG(LOGDEBUG)\x09rwnx_rx_handle_msg msg->id:0x4f \x0d
[57121.845167] AICWFDBG(LOGDEBUG)\x09rwnx_rx_handle_msg msg->id:0x4f \x0d
[57121.880181] AICWFDBG(LOGDEBUG)\x09rwnx_rx_handle_msg msg->id:0x4f \x0d
[57121.880279] AICWFDBG(LOGDEBUG)\x09rwnx_rx_handle_msg msg->id:0x1001 \x0d
[57121.880307] AICWFDBG(LOGTRACE)\x09>>> rwnx_rx_scanu_start_cfm()
[57122.295116] read descriptors
[57122.295222] read strings
[57123.345250] read descriptors
[57123.345363] read strings
[57123.347352] init: processing action (sys.usb.config=adb && sys.usb.configfs=1 && sys.usb.ffs.ready=1) from (/system/etc/init/hw/init.usb.configfs.rc:21)
[57123.351134] init: Command 'symlink /config/usb_gadget/g1/functions/ffs.adb /config/usb_gadget/g1/configs/b.1/f1' action=sys.usb.config=adb && sys.usb.configfs=1 && sys.usb.ffs.ready=1 (/system/etc/init/hw/init.usb.configfs.rc:23) took 1ms and failed: symlink() failed: File exists
[57123.351794] init: Command 'write /config/usb_gadget/g1/UDC ${sys.usb.controller}' action=sys.usb.config=adb && sys.usb.configfs=1 && sys.usb.ffs.ready=1 (/system/etc/init/hw/init.usb.configfs.rc:24) took 0ms and failed: property 'sys.usb.controller' doesn't exist while expanding '${sys.usb.controller}'
[57124.401816] read descriptors
[57124.401920] read strings
[57124.403920] init: processing action (sys.usb.config=adb && sys.usb.configfs=1 && sys.usb.ffs.ready=1) from (/system/etc/init/hw/init.usb.configfs.rc:21)
[57124.407931] init: Command 'symlink /config/usb_gadget/g1/functions/ffs.adb /config/usb_gadget/g1/configs/b.1/f1' action=sys.usb.config=adb && sys.usb.configfs=1 && sys.usb.ffs.ready=1 (/system/etc/init/hw/init.usb.configfs.rc:23) took 1ms and failed: symlink() failed: File exists
[57124.408562] init: Command 'write /config/usb_gadget/g1/UDC ${sys.usb.controller}' action=sys.usb.config=adb && sys.usb.configfs=1 && sys.usb.ffs.ready=1 (/system/etc/init/hw/init.usb.configfs.rc:24) took 0ms and failed: property 'sys.usb.controller' doesn't exist while expanding '${sys.usb.controller}'
[57125.495246] read descriptors
[57125.495344] read strings
[57125.497388] init: processing action (sys.usb.config=adb && sys.usb.configfs=1 && sys.usb.ffs.ready=1) from (/system/etc/init/hw/init.usb.configfs.rc:21)
[57125.501460] init: Command 'symlink /config/usb_gadget/g1/functions/ffs.adb /config/usb_gadget/g1/configs/b.1/f1' action=sys.usb.config=adb && sys.usb.configfs=1 && sys.usb.ffs.ready=1 (/system/etc/init/hw/init.usb.configfs.rc:23) took 1ms and failed: symlink() failed: File exists
[57125.502124] init: Command 'write /config/usb_gadget/g1/UDC ${sys.usb.controller}' action=sys.usb.config=adb && sys.usb.configfs=1 && sys.usb.ffs.ready=1 (/system/etc/init/hw/init.usb.configfs.rc:24) took 0ms and failed: property 'sys.usb.controller' doesn't exist while expanding '${sys.usb.controller}'
[57126.554801] read descriptors
[57126.554899] read strings
[57126.556457] init: processing action (sys.usb.config=adb && sys.usb.configfs=1 && sys.usb.ffs.ready=1) from (/system/etc/init/hw/init.usb.configfs.rc:21)
[57127.601769] read descriptors
[57127.601877] read strings
[57128.661789] read descriptors
[57128.661901] read strings
[57128.664029] init: processing action (sys.usb.config=adb && sys.usb.configfs=1 && sys.usb.ffs.ready=1) from (/system/etc/init/hw/init.usb.configfs.rc:21)
[57128.667911] init: Command 'symlink /config/usb_gadget/g1/functions/ffs.adb /config/usb_gadget/g1/configs/b.1/f1' action=sys.usb.config=adb && sys.usb.configfs=1 && sys.usb.ffs.ready=1 (/system/etc/init/hw/init.usb.configfs.rc:23) took 1ms and failed: symlink() failed: File exists
[57128.668540] init: Command 'write /config/usb_gadget/g1/UDC ${sys.usb.controller}' action=sys.usb.config=adb && sys.usb.configfs=1 && sys.usb.ffs.ready=1 (/system/etc/init/hw/init.usb.configfs.rc:24) took 0ms and failed: property 'sys.usb.controller' doesn't exist while expanding '${sys.usb.controller}'
[57129.731922] read descriptors
[57129.732029] read strings
[57129.734121] init: processing action (sys.usb.config=adb && sys.usb.configfs=1 && sys.usb.ffs.ready=1) from (/system/etc/init/hw/init.usb.configfs.rc:21)
[57129.738234] init: Command 'symlink /config/usb_gadget/g1/functions/ffs.adb /config/usb_gadget/g1/configs/b.1/f1' action=sys.usb.config=adb && sys.usb.configfs=1 && sys.usb.ffs.ready=1 (/system/etc/init/hw/init.usb.configfs.rc:23) took 1ms and failed: symlink() failed: File exists
[57129.738896] init: Command 'write /config/usb_gadget/g1/UDC ${sys.usb.controller}' action=sys.usb.config=adb && sys.usb.configfs=1 && sys.usb.ffs.ready=1 (/system/etc/init/hw/init.usb.configfs.rc:24) took 0ms and failed: property 'sys.usb.controller' doesn't exist while expanding '${sys.usb.controller}'
[57130.781926] read descriptors
[57130.782052] read strings
[57130.784118] init: processing action (sys.usb.config=adb && sys.usb.configfs=1 && sys.usb.ffs.ready=1) from (/system/etc/init/hw/init.usb.configfs.rc:21)
[57130.788124] init: Command 'symlink /config/usb_gadget/g1/functions/ffs.adb /config/usb_gadget/g1/configs/b.1/f1' action=sys.usb.config=adb && sys.usb.configfs=1 && sys.usb.ffs.ready=1 (/system/etc/init/hw/init.usb.configfs.rc:23) took 1ms and failed: symlink() failed: File exists
[57130.788797] init: Command 'write /config/usb_gadget/g1/UDC ${sys.usb.controller}' action=sys.usb.config=adb && sys.usb.configfs=1 && sys.usb.ffs.ready=1 (/system/etc/init/hw/init.usb.configfs.rc:24) took 0ms and failed: property 'sys.usb.controller' doesn't exist while expanding '${sys.usb.controller}'
[57130.793448] AICWFDBG(LOGTRACE)\x09>>> rwnx_cfg80211_scan()
[57130.793513] AICWFDBG(LOGTRACE)\x09>>> rwnx_send_scanu_req()
[57130.793550] AICWFDBG(LOGDEBUG)\x09scan channel:1(2412) \x0d
[57130.793566] AICWFDBG(LOGDEBUG)\x09scan channel:2(2417) \x0d
[57130.793582] AICWFDBG(LOGDEBUG)\x09scan channel:3(2422) \x0d
[57130.793609] AICWFDBG(LOGDEBUG)\x09scan channel:4(2427) \x0d
[57130.793624] AICWFDBG(LOGDEBUG)\x09scan channel:5(2432) \x0d
[57130.793639] AICWFDBG(LOGDEBUG)\x09scan channel:6(2437) \x0d
[57130.793654] AICWFDBG(LOGDEBUG)\x09scan channel:7(2442) \x0d
[57130.793680] AICWFDBG(LOGDEBUG)\x09scan channel:8(2447) \x0d
[57130.793695] AICWFDBG(LOGDEBUG)\x09scan channel:9(2452) \x0d
[57130.793711] AICWFDBG(LOGDEBUG)\x09scan channel:10(2457) \x0d
[57130.793726] AICWFDBG(LOGDEBUG)\x09scan channel:11(2462) \x0d
[57130.793742] AICWFDBG(LOGDEBUG)\x09scan channel:12(2467) \x0d
[57130.793758] AICWFDBG(LOGDEBUG)\x09scan channel:13(2472) \x0d
[57130.793773] AICWFDBG(LOGDEBUG)\x09scan channel:36(5180) \x0d
[57130.793789] AICWFDBG(LOGDEBUG)\x09scan channel:40(5200) \x0d
[57130.793808] AICWFDBG(LOGDEBUG)\x09scan channel:44(5220) \x0d
[57130.793823] AICWFDBG(LOGDEBUG)\x09scan channel:48(5240) \x0d
[57130.793838] AICWFDBG(LOGDEBUG)\x09scan channel:52(5260) \x0d
[57130.793853] AICWFDBG(LOGDEBUG)\x09scan channel:56(5280) \x0d
[57130.793872] AICWFDBG(LOGDEBUG)\x09scan channel:60(5300) \x0d
[57130.793887] AICWFDBG(LOGDEBUG)\x09scan channel:64(5320) \x0d
[57130.793902] AICWFDBG(LOGDEBUG)\x09scan channel:149(5745) \x0d
[57130.793917] AICWFDBG(LOGDEBUG)\x09scan channel:153(5765) \x0d
[57130.793936] AICWFDBG(LOGDEBUG)\x09scan channel:157(5785) \x0d
[57130.793951] AICWFDBG(LOGDEBUG)\x09scan channel:161(5805) \x0d
[57130.793966] AICWFDBG(LOGDEBUG)\x09scan channel:165(5825) \x0d
[57130.793994] AICWFDBG(LOGTRACE)\x09rwnx_send_msg (4105)SCANU_START_CFM_ADDTIONAL reqcfm:1 in_irq:0 in_softirq:0 in_atomic:0\x0d
[57130.794018] AICWFDBG(LOGTRACE)\x09rwnx_cmd_malloc get cmd_array[0]:00000000f100465a \x0d
[57130.794864] AICWFDBG(LOGDEBUG)\x09rwnx_rx_handle_msg msg->id:0x1009 \x0d
[57130.794969] AICWFDBG(LOGTRACE)\x09rwnx_cmd_free cmd_array[0]:00000000f100465a \x0d
[57130.828859] AICWFDBG(LOGDEBUG)\x09rwnx_rx_handle_msg msg->id:0x1004 \x0d
[57130.835304] AICWFDBG(LOGDEBUG)\x09rwnx_rx_handle_msg msg->id:0x1004 \x0d
[57130.849888] AICWFDBG(LOGDEBUG)\x09rwnx_rx_handle_msg msg->id:0x4f \x0d
[57130.855659] AICWFDBG(LOGDEBUG)\x09rwnx_rx_handle_msg msg->id:0x1004 \x0d
[57130.860622] AICWFDBG(LOGDEBUG)\x09rwnx_rx_handle_msg msg->id:0x1004 \x0d
[57130.885019] AICWFDBG(LOGDEBUG)\x09rwnx_rx_handle_msg msg->id:0x4f \x0d
[57130.891884] AICWFDBG(LOGDEBUG)\x09rwnx_rx_handle_msg msg->id:0x1004 \x0d
[57130.899470] AICWFDBG(LOGDEBUG)\x09rwnx_rx_handle_msg msg->id:0x1004 \x0d
[57130.920023] AICWFDBG(LOGDEBUG)\x09rwnx_rx_handle_msg msg->id:0x4f \x0d
[57130.949441] AICWFDBG(LOGDEBUG)\x09rwnx_rx_handle_msg msg->id:0x1004 \x0d
[57130.955046] AICWFDBG(LOGDEBUG)\x09rwnx_rx_handle_msg msg->id:0x4f \x0d
[57130.990065] AICWFDBG(LOGDEBUG)\x09rwnx_rx_handle_msg msg->id:0x4f \x0d
[57131.045094] AICWFDBG(LOGDEBUG)\x09rwnx_rx_handle_msg msg->id:0x4f \x0d
[57131.080106] AICWFDBG(LOGDEBUG)\x09rwnx_rx_handle_msg msg->id:0x4f \x0d
[57131.115169] AICWFDBG(LOGDEBUG)\x09rwnx_rx_handle_msg msg->id:0x4f \x0d
[57131.117838] AICWFDBG(LOGDEBUG)\x09rwnx_rx_handle_msg msg->id:0x1004 \x0d
[57131.118412] AICWFDBG(LOGDEBUG)\x09rwnx_rx_handle_msg msg->id:0x1004 \x0d
[57131.136526] AICWFDBG(LOGDEBUG)\x09rwnx_rx_handle_msg msg->id:0x1004 \x0d
[57131.150163] AICWFDBG(LOGDEBUG)\x09rwnx_rx_handle_msg msg->id:0x4f \x0d
[57131.185180] AICWFDBG(LOGDEBUG)\x09rwnx_rx_handle_msg msg->id:0x4f \x0d
[57131.240211] AICWFDBG(LOGDEBUG)\x09rwnx_rx_handle_msg msg->id:0x4f \x0d
[57131.275299] AICWFDBG(LOGDEBUG)\x09rwnx_rx_handle_msg msg->id:0x4f \x0d
[57131.330147] AICWFDBG(LOGDEBUG)\x09rwnx_rx_handle_msg msg->id:0x4f \x0d
[57131.331992] AICWFDBG(LOGDEBUG)\x09rwnx_rx_handle_msg msg->id:0x1004 \x0d
[57131.380889] AICWFDBG(LOGDEBUG)\x09rwnx_rx_handle_msg msg->id:0x1004 \x0d
[57131.385304] AICWFDBG(LOGDEBUG)\x09rwnx_rx_handle_msg msg->id:0x4f \x0d
[57131.420320] AICWFDBG(LOGDEBUG)\x09rwnx_rx_handle_msg msg->id:0x4f \x0d
[57131.475367] AICWFDBG(LOGDEBUG)\x09rwnx_rx_handle_msg msg->id:0x4f \x0d
[57131.477474] AICWFDBG(LOGDEBUG)\x09rwnx_rx_handle_msg msg->id:0x1004 \x0d
[57131.510383] AICWFDBG(LOGDEBUG)\x09rwnx_rx_handle_msg msg->id:0x4f \x0d
[57131.545374] AICWFDBG(LOGDEBUG)\x09rwnx_rx_handle_msg msg->id:0x4f \x0d
[57131.580386] AICWFDBG(LOGDEBUG)\x09rwnx_rx_handle_msg msg->id:0x4f \x0d
[57131.615399] AICWFDBG(LOGDEBUG)\x09rwnx_rx_handle_msg msg->id:0x4f \x0d
[57131.650469] AICWFDBG(LOGDEBUG)\x09rwnx_rx_handle_msg msg->id:0x4f \x0d
[57131.685478] AICWFDBG(LOGDEBUG)\x09rwnx_rx_handle_msg msg->id:0x4f \x0d
[57131.740466] AICWFDBG(LOGDEBUG)\x09rwnx_rx_handle_msg msg->id:0x4f \x0d
[57131.795508] AICWFDBG(LOGDEBUG)\x09rwnx_rx_handle_msg msg->id:0x4f \x0d
[57131.848517] read descriptors
[57131.848615] read strings
[57131.850485] init: processing action (sys.usb.config=adb && sys.usb.configfs=1 && sys.usb.ffs.ready=1) from (/system/etc/init/hw/init.usb.configfs.rc:21)
[57131.850636] AICWFDBG(LOGDEBUG)\x09rwnx_rx_handle_msg msg->id:0x4f \x0d
[57131.885413] AICWFDBG(LOGDEBUG)\x09rwnx_rx_handle_msg msg->id:0x4f \x0d
[57131.885470] AICWFDBG(LOGDEBUG)\x09rwnx_rx_handle_msg msg->id:0x1001 \x0d
[57131.885483] AICWFDBG(LOGTRACE)\x09>>> rwnx_rx_scanu_start_cfm()
[57132.918493] read descriptors
[57132.918601] read strings
[57133.978514] read descriptors
[57133.978617] read strings
[57133.980589] init: processing action (sys.usb.config=adb && sys.usb.configfs=1 && sys.usb.ffs.ready=1) from (/system/etc/init/hw/init.usb.configfs.rc:21)
[57133.984585] init: Command 'symlink /config/usb_gadget/g1/functions/ffs.adb /config/usb_gadget/g1/configs/b.1/f1' action=sys.usb.config=adb && sys.usb.configfs=1 && sys.usb.ffs.ready=1 (/system/etc/init/hw/init.usb.configfs.rc:23) took 1ms and failed: symlink() failed: File exists
[57133.985263] init: Command 'write /config/usb_gadget/g1/UDC ${sys.usb.controller}' action=sys.usb.config=adb && sys.usb.configfs=1 && sys.usb.ffs.ready=1 (/system/etc/init/hw/init.usb.configfs.rc:24) took 0ms and failed: property 'sys.usb.controller' doesn't exist while expanding '${sys.usb.controller}'
[57135.018346] read descriptors
[57135.018460] read strings
[57135.020505] init: processing action (sys.usb.config=adb && sys.usb.configfs=1 && sys.usb.ffs.ready=1) from (/system/etc/init/hw/init.usb.configfs.rc:21)
[57135.024650] init: Command 'symlink /config/usb_gadget/g1/functions/ffs.adb /config/usb_gadget/g1/configs/b.1/f1' action=sys.usb.config=adb && sys.usb.configfs=1 && sys.usb.ffs.ready=1 (/system/etc/init/hw/init.usb.configfs.rc:23) took 1ms and failed: symlink() failed: File exists
[57135.025319] init: Command 'write /config/usb_gadget/g1/UDC ${sys.usb.controller}' action=sys.usb.config=adb && sys.usb.configfs=1 && sys.usb.ffs.ready=1 (/system/etc/init/hw/init.usb.configfs.rc:24) took 0ms and failed: property 'sys.usb.controller' doesn't exist while expanding '${sys.usb.controller}'
[57136.068026] read descriptors
[57136.068085] read strings
[57136.069121] init: processing action (sys.usb.config=adb && sys.usb.configfs=1 && sys.usb.ffs.ready=1) from (/system/etc/init/hw/init.usb.configfs.rc:21)
[57136.071473] init: Command 'symlink /config/usb_gadget/g1/functions/ffs.adb /config/usb_gadget/g1/configs/b.1/f1' action=sys.usb.config=adb && sys.usb.configfs=1 && sys.usb.ffs.ready=1 (/system/etc/init/hw/init.usb.configfs.rc:23) took 0ms and failed: symlink() failed: File exists
[57136.071890] init: Command 'write /config/usb_gadget/g1/UDC ${sys.usb.controller}' action=sys.usb.config=adb && sys.usb.configfs=1 && sys.usb.ffs.ready=1 (/system/etc/init/hw/init.usb.configfs.rc:24) took 0ms and failed: property 'sys.usb.controller' doesn't exist while expanding '${sys.usb.controller}'
[57137.108353] read descriptors
[57137.108457] read strings
[57137.110339] init: processing action (sys.usb.config=adb && sys.usb.configfs=1 && sys.usb.ffs.ready=1) from (/system/etc/init/hw/init.usb.configfs.rc:21)
[57138.165155] read descriptors
[57138.165268] read strings
[57139.238423] read descriptors
[57139.238526] read strings
[57139.240556] init: processing action (sys.usb.config=adb && sys.usb.configfs=1 && sys.usb.ffs.ready=1) from (/system/etc/init/hw/init.usb.configfs.rc:21)
[57139.245265] init: Command 'symlink /config/usb_gadget/g1/functions/ffs.adb /config/usb_gadget/g1/configs/b.1/f1' action=sys.usb.config=adb && sys.usb.configfs=1 && sys.usb.ffs.ready=1 (/system/etc/init/hw/init.usb.configfs.rc:23) took 1ms and failed: symlink() failed: File exists
[57139.246026] init: Command 'write /config/usb_gadget/g1/UDC ${sys.usb.controller}' action=sys.usb.config=adb && sys.usb.configfs=1 && sys.usb.ffs.ready=1 (/system/etc/init/hw/init.usb.configfs.rc:24) took 0ms and failed: property 'sys.usb.controller' doesn't exist while expanding '${sys.usb.controller}'
[57140.278323] read descriptors
[57140.278441] read strings
[57140.280441] init: processing action (sys.usb.config=adb && sys.usb.configfs=1 && sys.usb.ffs.ready=1) from (/system/etc/init/hw/init.usb.configfs.rc:21)
[57140.284390] init: Command 'symlink /config/usb_gadget/g1/functions/ffs.adb /config/usb_gadget/g1/configs/b.1/f1' action=sys.usb.config=adb && sys.usb.configfs=1 && sys.usb.ffs.ready=1 (/system/etc/init/hw/init.usb.configfs.rc:23) took 1ms and failed: symlink() failed: File exists
[57140.285085] init: Command 'write /config/usb_gadget/g1/UDC ${sys.usb.controller}' action=sys.usb.config=adb && sys.usb.configfs=1 && sys.usb.ffs.ready=1 (/system/etc/init/hw/init.usb.configfs.rc:24) took 0ms and failed: property 'sys.usb.controller' doesn't exist while expanding '${sys.usb.controller}'
[57140.787943] AICWFDBG(LOGTRACE)\x09>>> rwnx_cfg80211_scan()
[57140.787990] AICWFDBG(LOGTRACE)\x09>>> rwnx_send_scanu_req()
[57140.788006] AICWFDBG(LOGDEBUG)\x09scan channel:1(2412) \x0d
[57140.788015] AICWFDBG(LOGDEBUG)\x09scan channel:2(2417) \x0d
[57140.788025] AICWFDBG(LOGDEBUG)\x09scan channel:3(2422) \x0d
[57140.788035] AICWFDBG(LOGDEBUG)\x09scan channel:4(2427) \x0d
[57140.788044] AICWFDBG(LOGDEBUG)\x09scan channel:5(2432) \x0d
[57140.788053] AICWFDBG(LOGDEBUG)\x09scan channel:6(2437) \x0d
[57140.788061] AICWFDBG(LOGDEBUG)\x09scan channel:7(2442) \x0d
[57140.788071] AICWFDBG(LOGDEBUG)\x09scan channel:8(2447) \x0d
[57140.788081] AICWFDBG(LOGDEBUG)\x09scan channel:9(2452) \x0d
[57140.788090] AICWFDBG(LOGDEBUG)\x09scan channel:10(2457) \x0d
[57140.788099] AICWFDBG(LOGDEBUG)\x09scan channel:11(2462) \x0d
[57140.788108] AICWFDBG(LOGDEBUG)\x09scan channel:12(2467) \x0d
[57140.788116] AICWFDBG(LOGDEBUG)\x09scan channel:13(2472) \x0d
[57140.788125] AICWFDBG(LOGDEBUG)\x09scan channel:36(5180) \x0d
[57140.788220] AICWFDBG(LOGDEBUG)\x09scan channel:40(5200) \x0d
[57140.788230] AICWFDBG(LOGDEBUG)\x09scan channel:44(5220) \x0d
[57140.788238] AICWFDBG(LOGDEBUG)\x09scan channel:48(5240) \x0d
[57140.788247] AICWFDBG(LOGDEBUG)\x09scan channel:52(5260) \x0d
[57140.788255] AICWFDBG(LOGDEBUG)\x09scan channel:56(5280) \x0d
[57140.788264] AICWFDBG(LOGDEBUG)\x09scan channel:60(5300) \x0d
[57140.788272] AICWFDBG(LOGDEBUG)\x09scan channel:64(5320) \x0d
[57140.788281] AICWFDBG(LOGDEBUG)\x09scan channel:149(5745) \x0d
[57140.788289] AICWFDBG(LOGDEBUG)\x09scan channel:153(5765) \x0d
[57140.788298] AICWFDBG(LOGDEBUG)\x09scan channel:157(5785) \x0d
[57140.788307] AICWFDBG(LOGDEBUG)\x09scan channel:161(5805) \x0d
[57140.788315] AICWFDBG(LOGDEBUG)\x09scan channel:165(5825) \x0d
[57140.788330] AICWFDBG(LOGTRACE)\x09rwnx_send_msg (4105)SCANU_START_CFM_ADDTIONAL reqcfm:1 in_irq:0 in_softirq:0 in_atomic:0\x0d
[57140.788347] AICWFDBG(LOGTRACE)\x09rwnx_cmd_malloc get cmd_array[0]:00000000f100465a \x0d
[57140.788849] AICWFDBG(LOGDEBUG)\x09rwnx_rx_handle_msg msg->id:0x1009 \x0d
[57140.788894] AICWFDBG(LOGTRACE)\x09rwnx_cmd_free cmd_array[0]:00000000f100465a \x0d
[57140.828466] AICWFDBG(LOGDEBUG)\x09rwnx_rx_handle_msg msg->id:0x1004 \x0d
[57140.844075] AICWFDBG(LOGDEBUG)\x09rwnx_rx_handle_msg msg->id:0x4f \x0d
[57140.851279] AICWFDBG(LOGDEBUG)\x09rwnx_rx_handle_msg msg->id:0x1004 \x0d
[57140.882001] AICWFDBG(LOGDEBUG)\x09rwnx_rx_handle_msg msg->id:0x4f \x0d
[57140.898997] AICWFDBG(LOGDEBUG)\x09rwnx_rx_handle_msg msg->id:0x1004 \x0d
[57140.904616] AICWFDBG(LOGDEBUG)\x09rwnx_rx_handle_msg msg->id:0x1004 \x0d
[57140.916987] AICWFDBG(LOGDEBUG)\x09rwnx_rx_handle_msg msg->id:0x4f \x0d
[57140.952030] AICWFDBG(LOGDEBUG)\x09rwnx_rx_handle_msg msg->id:0x4f \x0d
[57140.987051] AICWFDBG(LOGDEBUG)\x09rwnx_rx_handle_msg msg->id:0x4f \x0d
[57141.042096] AICWFDBG(LOGDEBUG)\x09rwnx_rx_handle_msg msg->id:0x4f \x0d
[57141.077090] AICWFDBG(LOGDEBUG)\x09rwnx_rx_handle_msg msg->id:0x4f \x0d
[57141.112115] AICWFDBG(LOGDEBUG)\x09rwnx_rx_handle_msg msg->id:0x4f \x0d
[57141.114279] AICWFDBG(LOGDEBUG)\x09rwnx_rx_handle_msg msg->id:0x1004 \x0d
[57141.114666] AICWFDBG(LOGDEBUG)\x09rwnx_rx_handle_msg msg->id:0x1004 \x0d
[57141.115692] AICWFDBG(LOGDEBUG)\x09rwnx_rx_handle_msg msg->id:0x1004 \x0d
[57141.116206] AICWFDBG(LOGDEBUG)\x09rwnx_rx_handle_msg msg->id:0x1004 \x0d
[57141.147102] AICWFDBG(LOGDEBUG)\x09rwnx_rx_handle_msg msg->id:0x4f \x0d
[57141.182121] AICWFDBG(LOGDEBUG)\x09rwnx_rx_handle_msg msg->id:0x4f \x0d
[57141.237152] AICWFDBG(LOGDEBUG)\x09rwnx_rx_handle_msg msg->id:0x4f \x0d
[57141.272177] AICWFDBG(LOGDEBUG)\x09rwnx_rx_handle_msg msg->id:0x4f \x0d
[57141.327205] AICWFDBG(LOGDEBUG)\x09rwnx_rx_handle_msg msg->id:0x4f \x0d
[57141.329212] AICWFDBG(LOGDEBUG)\x09rwnx_rx_handle_msg msg->id:0x1004 \x0d
[57141.368421] read descriptors
[57141.368521] read strings
[57141.370390] init: processing action (sys.usb.config=adb && sys.usb.configfs=1 && sys.usb.ffs.ready=1) from (/system/etc/init/hw/init.usb.configfs.rc:21)
[57141.372907] init: Command 'symlink /config/usb_gadget/g1/functions/ffs.adb /config/usb_gadget/g1/configs/b.1/f1' action=sys.usb.config=adb && sys.usb.configfs=1 && sys.usb.ffs.ready=1 (/system/etc/init/hw/init.usb.configfs.rc:23) took 0ms and failed: symlink() failed: File exists
[57141.373289] init: Command 'write /config/usb_gadget/g1/UDC ${sys.usb.controller}' action=sys.usb.config=adb && sys.usb.configfs=1 && sys.usb.ffs.ready=1 (/system/etc/init/hw/init.usb.configfs.rc:24) took 0ms and failed: property 'sys.usb.controller' doesn't exist while expanding '${sys.usb.controller}'
[57141.382155] AICWFDBG(LOGDEBUG)\x09rwnx_rx_handle_msg msg->id:0x4f \x0d
[57141.417143] AICWFDBG(LOGDEBUG)\x09rwnx_rx_handle_msg msg->id:0x4f \x0d
[57141.472334] AICWFDBG(LOGDEBUG)\x09rwnx_rx_handle_msg msg->id:0x4f \x0d
[57141.474735] AICWFDBG(LOGDEBUG)\x09rwnx_rx_handle_msg msg->id:0x1004 \x0d
[57141.501932] AICWFDBG(LOGDEBUG)\x09rwnx_rx_handle_msg msg->id:0x1004 \x0d
[57141.502623] AICWFDBG(LOGDEBUG)\x09rwnx_rx_handle_msg msg->id:0x1004 \x0d
[57141.507294] AICWFDBG(LOGDEBUG)\x09rwnx_rx_handle_msg msg->id:0x4f \x0d
[57141.542307] AICWFDBG(LOGDEBUG)\x09rwnx_rx_handle_msg msg->id:0x4f \x0d
[57141.577322] AICWFDBG(LOGDEBUG)\x09rwnx_rx_handle_msg msg->id:0x4f \x0d
[57141.612369] AICWFDBG(LOGDEBUG)\x09rwnx_rx_handle_msg msg->id:0x4f \x0d
[57141.647268] AICWFDBG(LOGDEBUG)\x09rwnx_rx_handle_msg msg->id:0x4f \x0d
[57141.682426] AICWFDBG(LOGDEBUG)\x09rwnx_rx_handle_msg msg->id:0x4f \x0d
[57141.737429] AICWFDBG(LOGDEBUG)\x09rwnx_rx_handle_msg msg->id:0x4f \x0d
[57141.792425] AICWFDBG(LOGDEBUG)\x09rwnx_rx_handle_msg msg->id:0x4f \x0d
[57141.847466] AICWFDBG(LOGDEBUG)\x09rwnx_rx_handle_msg msg->id:0x4f \x0d
[57141.882359] AICWFDBG(LOGDEBUG)\x09rwnx_rx_handle_msg msg->id:0x4f \x0d
[57141.882412] AICWFDBG(LOGDEBUG)\x09rwnx_rx_handle_msg msg->id:0x1001 \x0d
[57141.882424] AICWFDBG(LOGTRACE)\x09>>> rwnx_rx_scanu_start_cfm()
[57142.461809] read descriptors
[57142.461924] read strings
[57142.463986] init: processing action (sys.usb.config=adb && sys.usb.configfs=1 && sys.usb.ffs.ready=1) from (/system/etc/init/hw/init.usb.configfs.rc:21)
[57143.521711] read descriptors
[57143.521822] read strings
[57144.588328] read descriptors
[57144.588424] read strings
[57144.591006] init: processing action (sys.usb.config=adb && sys.usb.configfs=1 && sys.usb.ffs.ready=1) from (/system/etc/init/hw/init.usb.configfs.rc:21)
[57144.594976] init: Command 'symlink /config/usb_gadget/g1/functions/ffs.adb /config/usb_gadget/g1/configs/b.1/f1' action=sys.usb.config=adb && sys.usb.configfs=1 && sys.usb.ffs.ready=1 (/system/etc/init/hw/init.usb.configfs.rc:23) took 1ms and failed: symlink() failed: File exists
[57144.595632] init: Command 'write /config/usb_gadget/g1/UDC ${sys.usb.controller}' action=sys.usb.config=adb && sys.usb.configfs=1 && sys.usb.ffs.ready=1 (/system/etc/init/hw/init.usb.configfs.rc:24) took 0ms and failed: property 'sys.usb.controller' doesn't exist while expanding '${sys.usb.controller}'
[57145.631734] read descriptors
[57145.631850] read strings
[57145.633881] init: processing action (sys.usb.config=adb && sys.usb.configfs=1 && sys.usb.ffs.ready=1) from (/system/etc/init/hw/init.usb.configfs.rc:21)
[57145.637883] init: Command 'symlink /config/usb_gadget/g1/functions/ffs.adb /config/usb_gadget/g1/configs/b.1/f1' action=sys.usb.config=adb && sys.usb.configfs=1 && sys.usb.ffs.ready=1 (/system/etc/init/hw/init.usb.configfs.rc:23) took 1ms and failed: symlink() failed: File exists
[57145.638570] init: Command 'write /config/usb_gadget/g1/UDC ${sys.usb.controller}' action=sys.usb.config=adb && sys.usb.configfs=1 && sys.usb.ffs.ready=1 (/system/etc/init/hw/init.usb.configfs.rc:24) took 0ms and failed: property 'sys.usb.controller' doesn't exist while expanding '${sys.usb.controller}'
[57146.671665] read descriptors
[57146.671775] read strings
[57146.673817] init: processing action (sys.usb.config=adb && sys.usb.configfs=1 && sys.usb.ffs.ready=1) from (/system/etc/init/hw/init.usb.configfs.rc:21)
[57146.676397] init: Command 'symlink /config/usb_gadget/g1/functions/ffs.adb /config/usb_gadget/g1/configs/b.1/f1' action=sys.usb.config=adb && sys.usb.configfs=1 && sys.usb.ffs.ready=1 (/system/etc/init/hw/init.usb.configfs.rc:23) took 0ms and failed: symlink() failed: File exists
[57146.676778] init: Command 'write /config/usb_gadget/g1/UDC ${sys.usb.controller}' action=sys.usb.config=adb && sys.usb.configfs=1 && sys.usb.ffs.ready=1 (/system/etc/init/hw/init.usb.configfs.rc:24) took 0ms and failed: property 'sys.usb.controller' doesn't exist while expanding '${sys.usb.controller}'
[57147.711409] read descriptors
[57147.711470] read strings
[57147.712630] init: processing action (sys.usb.config=adb && sys.usb.configfs=1 && sys.usb.ffs.ready=1) from (/system/etc/init/hw/init.usb.configfs.rc:21)
[57148.764685] read descriptors
[57148.764748] read strings
[57149.828391] read descriptors
[57149.828488] read strings
[57149.830346] init: processing action (sys.usb.config=adb && sys.usb.configfs=1 && sys.usb.ffs.ready=1) from (/system/etc/init/hw/init.usb.configfs.rc:21)
[57149.834402] init: Command 'symlink /config/usb_gadget/g1/functions/ffs.adb /config/usb_gadget/g1/configs/b.1/f1' action=sys.usb.config=adb && sys.usb.configfs=1 && sys.usb.ffs.ready=1 (/system/etc/init/hw/init.usb.configfs.rc:23) took 1ms and failed: symlink() failed: File exists
[57149.835101] init: Command 'write /config/usb_gadget/g1/UDC ${sys.usb.controller}' action=sys.usb.config=adb && sys.usb.configfs=1 && sys.usb.ffs.ready=1 (/system/etc/init/hw/init.usb.configfs.rc:24) took 0ms and failed: property 'sys.usb.controller' doesn't exist while expanding '${sys.usb.controller}'
[57150.797864] AICWFDBG(LOGTRACE)\x09>>> rwnx_cfg80211_scan()
[57150.797931] AICWFDBG(LOGTRACE)\x09>>> rwnx_send_scanu_req()
[57150.797965] AICWFDBG(LOGDEBUG)\x09scan channel:1(2412) \x0d
[57150.797981] AICWFDBG(LOGDEBUG)\x09scan channel:2(2417) \x0d
[57150.797996] AICWFDBG(LOGDEBUG)\x09scan channel:3(2422) \x0d
[57150.798011] AICWFDBG(LOGDEBUG)\x09scan channel:4(2427) \x0d
[57150.798033] AICWFDBG(LOGDEBUG)\x09scan channel:5(2432) \x0d
[57150.798047] AICWFDBG(LOGDEBUG)\x09scan channel:6(2437) \x0d
[57150.798062] AICWFDBG(LOGDEBUG)\x09scan channel:7(2442) \x0d
[57150.798077] AICWFDBG(LOGDEBUG)\x09scan channel:8(2447) \x0d
[57150.798096] AICWFDBG(LOGDEBUG)\x09scan channel:9(2452) \x0d
[57150.798111] AICWFDBG(LOGDEBUG)\x09scan channel:10(2457) \x0d
[57150.798127] AICWFDBG(LOGDEBUG)\x09scan channel:11(2462) \x0d
[57150.798142] AICWFDBG(LOGDEBUG)\x09scan channel:12(2467) \x0d
[57150.798157] AICWFDBG(LOGDEBUG)\x09scan channel:13(2472) \x0d
[57150.798173] AICWFDBG(LOGDEBUG)\x09scan channel:36(5180) \x0d
[57150.798188] AICWFDBG(LOGDEBUG)\x09scan channel:40(5200) \x0d
[57150.798204] AICWFDBG(LOGDEBUG)\x09scan channel:44(5220) \x0d
[57150.798224] AICWFDBG(LOGDEBUG)\x09scan channel:48(5240) \x0d
[57150.798239] AICWFDBG(LOGDEBUG)\x09scan channel:52(5260) \x0d
[57150.798253] AICWFDBG(LOGDEBUG)\x09scan channel:56(5280) \x0d
[57150.798268] AICWFDBG(LOGDEBUG)\x09scan channel:60(5300) \x0d
[57150.798289] AICWFDBG(LOGDEBUG)\x09scan channel:64(5320) \x0d
[57150.798303] AICWFDBG(LOGDEBUG)\x09scan channel:149(5745) \x0d
[57150.798318] AICWFDBG(LOGDEBUG)\x09scan channel:153(5765) \x0d
[57150.798333] AICWFDBG(LOGDEBUG)\x09scan channel:157(5785) \x0d
[57150.798352] AICWFDBG(LOGDEBUG)\x09scan channel:161(5805) \x0d
[57150.798367] AICWFDBG(LOGDEBUG)\x09scan channel:165(5825) \x0d
[57150.798387] AICWFDBG(LOGTRACE)\x09rwnx_send_msg (4105)SCANU_START_CFM_ADDTIONAL reqcfm:1 in_irq:0 in_softirq:0 in_atomic:0\x0d
[57150.798419] AICWFDBG(LOGTRACE)\x09rwnx_cmd_malloc get cmd_array[0]:00000000f100465a \x0d
[57150.799159] AICWFDBG(LOGDEBUG)\x09rwnx_rx_handle_msg msg->id:0x1009 \x0d
[57150.799229] AICWFDBG(LOGTRACE)\x09rwnx_cmd_free cmd_array[0]:00000000f100465a \x0d
[57150.823378] AICWFDBG(LOGDEBUG)\x09rwnx_rx_handle_msg msg->id:0x1004 \x0d
[57150.854445] AICWFDBG(LOGDEBUG)\x09rwnx_rx_handle_msg msg->id:0x4f \x0d
[57150.859125] AICWFDBG(LOGDEBUG)\x09rwnx_rx_handle_msg msg->id:0x1004 \x0d
[57150.863958] AICWFDBG(LOGDEBUG)\x09rwnx_rx_handle_msg msg->id:0x1004 \x0d
[57150.887988] read descriptors
[57150.888041] read strings
[57150.889011] init: processing action (sys.usb.config=adb && sys.usb.configfs=1 && sys.usb.ffs.ready=1) from (/system/etc/init/hw/init.usb.configfs.rc:21)
[57150.889225] AICWFDBG(LOGDEBUG)\x09rwnx_rx_handle_msg msg->id:0x4f \x0d
[57150.891057] init: Command 'symlink /config/usb_gadget/g1/functions/ffs.adb /config/usb_gadget/g1/configs/b.1/f1' action=sys.usb.config=adb && sys.usb.configfs=1 && sys.usb.ffs.ready=1 (/system/etc/init/hw/init.usb.configfs.rc:23) took 0ms and failed: symlink() failed: File exists
[57150.891515] init: Command 'write /config/usb_gadget/g1/UDC ${sys.usb.controller}' action=sys.usb.config=adb && sys.usb.configfs=1 && sys.usb.ffs.ready=1 (/system/etc/init/hw/init.usb.configfs.rc:24) took 0ms and failed: property 'sys.usb.controller' doesn't exist while expanding '${sys.usb.controller}'
[57150.896206] AICWFDBG(LOGDEBUG)\x09rwnx_rx_handle_msg msg->id:0x1004 \x0d
[57150.901052] AICWFDBG(LOGDEBUG)\x09rwnx_rx_handle_msg msg->id:0x1004 \x0d
[57150.916910] AICWFDBG(LOGDEBUG)\x09rwnx_rx_handle_msg msg->id:0x1004 \x0d
[57150.921515] AICWFDBG(LOGDEBUG)\x09rwnx_rx_handle_msg msg->id:0x1004 \x0d
[57150.925601] AICWFDBG(LOGDEBUG)\x09rwnx_rx_handle_msg msg->id:0x4f \x0d
[57150.925871] AICWFDBG(LOGDEBUG)\x09rwnx_rx_handle_msg msg->id:0x1004 \x0d
[57150.960738] AICWFDBG(LOGDEBUG)\x09rwnx_rx_handle_msg msg->id:0x4f \x0d
[57150.995756] AICWFDBG(LOGDEBUG)\x09rwnx_rx_handle_msg msg->id:0x4f \x0d
[57151.050790] AICWFDBG(LOGDEBUG)\x09rwnx_rx_handle_msg msg->id:0x4f \x0d
[57151.085796] AICWFDBG(LOGDEBUG)\x09rwnx_rx_handle_msg msg->id:0x4f \x0d
[57151.120803] AICWFDBG(LOGDEBUG)\x09rwnx_rx_handle_msg msg->id:0x4f \x0d
[57151.123533] AICWFDBG(LOGDEBUG)\x09rwnx_rx_handle_msg msg->id:0x1004 \x0d
[57151.124317] AICWFDBG(LOGDEBUG)\x09rwnx_rx_handle_msg msg->id:0x1004 \x0d
[57151.143595] AICWFDBG(LOGDEBUG)\x09rwnx_rx_handle_msg msg->id:0x1004 \x0d
[57151.147709] AICWFDBG(LOGDEBUG)\x09rwnx_rx_handle_msg msg->id:0x1004 \x0d
[57151.155821] AICWFDBG(LOGDEBUG)\x09rwnx_rx_handle_msg msg->id:0x4f \x0d
[57151.190930] AICWFDBG(LOGDEBUG)\x09rwnx_rx_handle_msg msg->id:0x4f \x0d
[57151.245871] AICWFDBG(LOGDEBUG)\x09rwnx_rx_handle_msg msg->id:0x4f \x0d
[57151.281015] AICWFDBG(LOGDEBUG)\x09rwnx_rx_handle_msg msg->id:0x4f \x0d
[57151.335916] AICWFDBG(LOGDEBUG)\x09rwnx_rx_handle_msg msg->id:0x4f \x0d
[57151.338040] AICWFDBG(LOGDEBUG)\x09rwnx_rx_handle_msg msg->id:0x1004 \x0d
[57151.348474] AICWFDBG(LOGDEBUG)\x09rwnx_rx_handle_msg msg->id:0x1004 \x0d
[57151.391005] AICWFDBG(LOGDEBUG)\x09rwnx_rx_handle_msg msg->id:0x4f \x0d
[57151.426003] AICWFDBG(LOGDEBUG)\x09rwnx_rx_handle_msg msg->id:0x4f \x0d
[57151.480970] AICWFDBG(LOGDEBUG)\x09rwnx_rx_handle_msg msg->id:0x4f \x0d
[57151.483001] AICWFDBG(LOGDEBUG)\x09rwnx_rx_handle_msg msg->id:0x1004 \x0d
[57151.515901] AICWFDBG(LOGDEBUG)\x09rwnx_rx_handle_msg msg->id:0x4f \x0d
[57151.551069] AICWFDBG(LOGDEBUG)\x09rwnx_rx_handle_msg msg->id:0x4f \x0d
[57151.586198] AICWFDBG(LOGDEBUG)\x09rwnx_rx_handle_msg msg->id:0x4f \x0d
[57151.621085] AICWFDBG(LOGDEBUG)\x09rwnx_rx_handle_msg msg->id:0x4f \x0d
[57151.656100] AICWFDBG(LOGDEBUG)\x09rwnx_rx_handle_msg msg->id:0x4f \x0d
[57151.691126] AICWFDBG(LOGDEBUG)\x09rwnx_rx_handle_msg msg->id:0x4f \x0d
[57151.746152] AICWFDBG(LOGDEBUG)\x09rwnx_rx_handle_msg msg->id:0x4f \x0d
[57151.801189] AICWFDBG(LOGDEBUG)\x09rwnx_rx_handle_msg msg->id:0x4f \x0d
[57151.856203] AICWFDBG(LOGDEBUG)\x09rwnx_rx_handle_msg msg->id:0x4f \x0d
[57151.891219] AICWFDBG(LOGDEBUG)\x09rwnx_rx_handle_msg msg->id:0x4f \x0d
[57151.891306] AICWFDBG(LOGDEBUG)\x09rwnx_rx_handle_msg msg->id:0x1001 \x0d
[57151.891346] AICWFDBG(LOGTRACE)\x09>>> rwnx_rx_scanu_start_cfm()
[57151.955217] read descriptors
[57151.955370] read strings
[57151.957737] init: processing action (sys.usb.config=adb && sys.usb.configfs=1 && sys.usb.ffs.ready=1) from (/system/etc/init/hw/init.usb.configfs.rc:21)
[57151.962767] init: Command 'symlink /config/usb_gadget/g1/functions/ffs.adb /config/usb_gadget/g1/configs/b.1/f1' action=sys.usb.config=adb && sys.usb.configfs=1 && sys.usb.ffs.ready=1 (/system/etc/init/hw/init.usb.configfs.rc:23) took 2ms and failed: symlink() failed: File exists
[57151.963641] init: Command 'write /config/usb_gadget/g1/UDC ${sys.usb.controller}' action=sys.usb.config=adb && sys.usb.configfs=1 && sys.usb.ffs.ready=1 (/system/etc/init/hw/init.usb.configfs.rc:24) took 0ms and failed: property 'sys.usb.controller' doesn't exist while expanding '${sys.usb.controller}'
[57153.018421] read descriptors
[57153.018536] read strings
[57153.020503] init: processing action (sys.usb.config=adb && sys.usb.configfs=1 && sys.usb.ffs.ready=1) from (/system/etc/init/hw/init.usb.configfs.rc:21)
[57154.075020] read descriptors
[57154.075188] read strings
[57155.121692] read descriptors
[57155.121849] read strings
[57155.123795] init: processing action (sys.usb.config=adb && sys.usb.configfs=1 && sys.usb.ffs.ready=1) from (/system/etc/init/hw/init.usb.configfs.rc:21)
[57155.127911] init: Command 'symlink /config/usb_gadget/g1/functions/ffs.adb /config/usb_gadget/g1/configs/b.1/f1' action=sys.usb.config=adb && sys.usb.configfs=1 && sys.usb.ffs.ready=1 (/system/etc/init/hw/init.usb.configfs.rc:23) took 1ms and failed: symlink() failed: File exists
[57155.128549] init: Command 'write /config/usb_gadget/g1/UDC ${sys.usb.controller}' action=sys.usb.config=adb && sys.usb.configfs=1 && sys.usb.ffs.ready=1 (/system/etc/init/hw/init.usb.configfs.rc:24) took 0ms and failed: property 'sys.usb.controller' doesn't exist while expanding '${sys.usb.controller}'
[57156.191667] read descriptors
[57156.191781] read strings
[57156.193735] init: processing action (sys.usb.config=adb && sys.usb.configfs=1 && sys.usb.ffs.ready=1) from (/system/etc/init/hw/init.usb.configfs.rc:21)
[57156.197946] init: Command 'symlink /config/usb_gadget/g1/functions/ffs.adb /config/usb_gadget/g1/configs/b.1/f1' action=sys.usb.config=adb && sys.usb.configfs=1 && sys.usb.ffs.ready=1 (/system/etc/init/hw/init.usb.configfs.rc:23) took 1ms and failed: symlink() failed: File exists
[57156.198635] init: Command 'write /config/usb_gadget/g1/UDC ${sys.usb.controller}' action=sys.usb.config=adb && sys.usb.configfs=1 && sys.usb.ffs.ready=1 (/system/etc/init/hw/init.usb.configfs.rc:24) took 0ms and failed: property 'sys.usb.controller' doesn't exist while expanding '${sys.usb.controller}'
[57157.245081] read descriptors
[57157.245182] read strings
[57157.247189] init: processing action (sys.usb.config=adb && sys.usb.configfs=1 && sys.usb.ffs.ready=1) from (/system/etc/init/hw/init.usb.configfs.rc:21)
[57157.251055] init: Command 'symlink /config/usb_gadget/g1/functions/ffs.adb /config/usb_gadget/g1/configs/b.1/f1' action=sys.usb.config=adb && sys.usb.configfs=1 && sys.usb.ffs.ready=1 (/system/etc/init/hw/init.usb.configfs.rc:23) took 1ms and failed: symlink() failed: File exists
[57157.251759] init: Command 'write /config/usb_gadget/g1/UDC ${sys.usb.controller}' action=sys.usb.config=adb && sys.usb.configfs=1 && sys.usb.ffs.ready=1 (/system/etc/init/hw/init.usb.configfs.rc:24) took 0ms and failed: property 'sys.usb.controller' doesn't exist while expanding '${sys.usb.controller}'
[57158.295116] read descriptors
[57158.295222] read strings
[57158.297332] init: processing action (sys.usb.config=adb && sys.usb.configfs=1 && sys.usb.ffs.ready=1) from (/system/etc/init/hw/init.usb.configfs.rc:21)
[57159.338348] read descriptors
[57159.338463] read strings
[57160.385051] read descriptors
[57160.385173] read strings
[57160.387029] init: processing action (sys.usb.config=adb && sys.usb.configfs=1 && sys.usb.ffs.ready=1) from (/system/etc/init/hw/init.usb.configfs.rc:21)
[57160.390805] init: Command 'symlink /config/usb_gadget/g1/functions/ffs.adb /config/usb_gadget/g1/configs/b.1/f1' action=sys.usb.config=adb && sys.usb.configfs=1 && sys.usb.ffs.ready=1 (/system/etc/init/hw/init.usb.configfs.rc:23) took 1ms and failed: symlink() failed: File exists
[57160.391578] init: Command 'write /config/usb_gadget/g1/UDC ${sys.usb.controller}' action=sys.usb.config=adb && sys.usb.configfs=1 && sys.usb.ffs.ready=1 (/system/etc/init/hw/init.usb.configfs.rc:24) took 0ms and failed: property 'sys.usb.controller' doesn't exist while expanding '${sys.usb.controller}'
[57160.802336] AICWFDBG(LOGTRACE)\x09>>> rwnx_cfg80211_scan()
[57160.802406] AICWFDBG(LOGTRACE)\x09>>> rwnx_send_scanu_req()
[57160.802438] AICWFDBG(LOGDEBUG)\x09scan channel:1(2412) \x0d
[57160.802457] AICWFDBG(LOGDEBUG)\x09scan channel:2(2417) \x0d
[57160.802472] AICWFDBG(LOGDEBUG)\x09scan channel:3(2422) \x0d
[57160.802486] AICWFDBG(LOGDEBUG)\x09scan channel:4(2427) \x0d
[57160.802512] AICWFDBG(LOGDEBUG)\x09scan channel:5(2432) \x0d
[57160.802526] AICWFDBG(LOGDEBUG)\x09scan channel:6(2437) \x0d
[57160.802542] AICWFDBG(LOGDEBUG)\x09scan channel:7(2442) \x0d
[57160.802557] AICWFDBG(LOGDEBUG)\x09scan channel:8(2447) \x0d
[57160.802573] AICWFDBG(LOGDEBUG)\x09scan channel:9(2452) \x0d
[57160.802588] AICWFDBG(LOGDEBUG)\x09scan channel:10(2457) \x0d
[57160.802603] AICWFDBG(LOGDEBUG)\x09scan channel:11(2462) \x0d
[57160.802618] AICWFDBG(LOGDEBUG)\x09scan channel:12(2467) \x0d
[57160.802641] AICWFDBG(LOGDEBUG)\x09scan channel:13(2472) \x0d
[57160.802656] AICWFDBG(LOGDEBUG)\x09scan channel:36(5180) \x0d
[57160.802671] AICWFDBG(LOGDEBUG)\x09scan channel:40(5200) \x0d
[57160.802697] AICWFDBG(LOGDEBUG)\x09scan channel:44(5220) \x0d
[57160.802712] AICWFDBG(LOGDEBUG)\x09scan channel:48(5240) \x0d
[57160.802726] AICWFDBG(LOGDEBUG)\x09scan channel:52(5260) \x0d
[57160.802741] AICWFDBG(LOGDEBUG)\x09scan channel:56(5280) \x0d
[57160.802761] AICWFDBG(LOGDEBUG)\x09scan channel:60(5300) \x0d
[57160.802776] AICWFDBG(LOGDEBUG)\x09scan channel:64(5320) \x0d
[57160.802790] AICWFDBG(LOGDEBUG)\x09scan channel:149(5745) \x0d
[57160.802805] AICWFDBG(LOGDEBUG)\x09scan channel:153(5765) \x0d
[57160.802828] AICWFDBG(LOGDEBUG)\x09scan channel:157(5785) \x0d
[57160.802843] AICWFDBG(LOGDEBUG)\x09scan channel:161(5805) \x0d
[57160.802857] AICWFDBG(LOGDEBUG)\x09scan channel:165(5825) \x0d
[57160.802878] AICWFDBG(LOGTRACE)\x09rwnx_send_msg (4105)SCANU_START_CFM_ADDTIONAL reqcfm:1 in_irq:0 in_softirq:0 in_atomic:0\x0d
[57160.802912] AICWFDBG(LOGTRACE)\x09rwnx_cmd_malloc get cmd_array[0]:00000000f100465a \x0d
[57160.803674] AICWFDBG(LOGDEBUG)\x09rwnx_rx_handle_msg msg->id:0x1009 \x0d
[57160.803751] AICWFDBG(LOGTRACE)\x09rwnx_cmd_free cmd_array[0]:00000000f100465a \x0d
[57160.811660] AICWFDBG(LOGDEBUG)\x09rwnx_rx_handle_msg msg->id:0x1004 \x0d
[57160.858414] AICWFDBG(LOGDEBUG)\x09rwnx_rx_handle_msg msg->id:0x1004 \x0d
[57160.858765] AICWFDBG(LOGDEBUG)\x09rwnx_rx_handle_msg msg->id:0x4f \x0d
[57160.865649] AICWFDBG(LOGDEBUG)\x09rwnx_rx_handle_msg msg->id:0x1004 \x0d
[57160.893865] AICWFDBG(LOGDEBUG)\x09rwnx_rx_handle_msg msg->id:0x4f \x0d
[57160.901100] AICWFDBG(LOGDEBUG)\x09rwnx_rx_handle_msg msg->id:0x1004 \x0d
[57160.928838] AICWFDBG(LOGDEBUG)\x09rwnx_rx_handle_msg msg->id:0x4f \x0d
[57160.951983] AICWFDBG(LOGDEBUG)\x09rwnx_rx_handle_msg msg->id:0x1004 \x0d
[57160.963901] AICWFDBG(LOGDEBUG)\x09rwnx_rx_handle_msg msg->id:0x4f \x0d
[57160.998934] AICWFDBG(LOGDEBUG)\x09rwnx_rx_handle_msg msg->id:0x4f \x0d
[57161.053821] AICWFDBG(LOGDEBUG)\x09rwnx_rx_handle_msg msg->id:0x4f \x0d
[57161.088928] AICWFDBG(LOGDEBUG)\x09rwnx_rx_handle_msg msg->id:0x4f \x0d
[57161.123991] AICWFDBG(LOGDEBUG)\x09rwnx_rx_handle_msg msg->id:0x4f \x0d
[57161.126525] AICWFDBG(LOGDEBUG)\x09rwnx_rx_handle_msg msg->id:0x1004 \x0d
[57161.126991] AICWFDBG(LOGDEBUG)\x09rwnx_rx_handle_msg msg->id:0x1004 \x0d
[57161.139127] AICWFDBG(LOGDEBUG)\x09rwnx_rx_handle_msg msg->id:0x1004 \x0d
[57161.159022] AICWFDBG(LOGDEBUG)\x09rwnx_rx_handle_msg msg->id:0x4f \x0d
[57161.194032] AICWFDBG(LOGDEBUG)\x09rwnx_rx_handle_msg msg->id:0x4f \x0d
[57161.248996] AICWFDBG(LOGDEBUG)\x09rwnx_rx_handle_msg msg->id:0x4f \x0d
[57161.284058] AICWFDBG(LOGDEBUG)\x09rwnx_rx_handle_msg msg->id:0x4f \x0d
[57161.339111] AICWFDBG(LOGDEBUG)\x09rwnx_rx_handle_msg msg->id:0x4f \x0d
[57161.340781] AICWFDBG(LOGDEBUG)\x09rwnx_rx_handle_msg msg->id:0x1004 \x0d
[57161.383416] AICWFDBG(LOGDEBUG)\x09rwnx_rx_handle_msg msg->id:0x1004 \x0d
[57161.394248] AICWFDBG(LOGDEBUG)\x09rwnx_rx_handle_msg msg->id:0x4f \x0d
[57161.429110] AICWFDBG(LOGDEBUG)\x09rwnx_rx_handle_msg msg->id:0x4f \x0d
[57161.441849] read descriptors
[57161.441971] read strings
[57161.443859] init: processing action (sys.usb.config=adb && sys.usb.configfs=1 && sys.usb.ffs.ready=1) from (/system/etc/init/hw/init.usb.configfs.rc:21)
[57161.447845] init: Command 'symlink /config/usb_gadget/g1/functions/ffs.adb /config/usb_gadget/g1/configs/b.1/f1' action=sys.usb.config=adb && sys.usb.configfs=1 && sys.usb.ffs.ready=1 (/system/etc/init/hw/init.usb.configfs.rc:23) took 1ms and failed: symlink() failed: File exists
[57161.448478] init: Command 'write /config/usb_gadget/g1/UDC ${sys.usb.controller}' action=sys.usb.config=adb && sys.usb.configfs=1 && sys.usb.ffs.ready=1 (/system/etc/init/hw/init.usb.configfs.rc:24) took 0ms and failed: property 'sys.usb.controller' doesn't exist while expanding '${sys.usb.controller}'
[57161.484300] AICWFDBG(LOGDEBUG)\x09rwnx_rx_handle_msg msg->id:0x4f \x0d
[57161.487370] AICWFDBG(LOGDEBUG)\x09rwnx_rx_handle_msg msg->id:0x1004 \x0d
[57161.519272] AICWFDBG(LOGDEBUG)\x09rwnx_rx_handle_msg msg->id:0x4f \x0d
[57161.554237] AICWFDBG(LOGDEBUG)\x09rwnx_rx_handle_msg msg->id:0x4f \x0d
[57161.589202] AICWFDBG(LOGDEBUG)\x09rwnx_rx_handle_msg msg->id:0x4f \x0d
[57161.624122] AICWFDBG(LOGDEBUG)\x09rwnx_rx_handle_msg msg->id:0x4f \x0d
[57161.659154] AICWFDBG(LOGDEBUG)\x09rwnx_rx_handle_msg msg->id:0x4f \x0d
[57161.694316] AICWFDBG(LOGDEBUG)\x09rwnx_rx_handle_msg msg->id:0x4f \x0d
[57161.749261] AICWFDBG(LOGDEBUG)\x09rwnx_rx_handle_msg msg->id:0x4f \x0d
[57161.804412] AICWFDBG(LOGDEBUG)\x09rwnx_rx_handle_msg msg->id:0x4f \x0d
[57161.859369] AICWFDBG(LOGDEBUG)\x09rwnx_rx_handle_msg msg->id:0x4f \x0d
[57161.894377] AICWFDBG(LOGDEBUG)\x09rwnx_rx_handle_msg msg->id:0x4f \x0d
[57161.894470] AICWFDBG(LOGDEBUG)\x09rwnx_rx_handle_msg msg->id:0x1001 \x0d
[57161.894500] AICWFDBG(LOGTRACE)\x09>>> rwnx_rx_scanu_start_cfm()
[57162.498478] read descriptors
[57162.498595] read strings
[57162.500658] init: processing action (sys.usb.config=adb && sys.usb.configfs=1 && sys.usb.ffs.ready=1) from (/system/etc/init/hw/init.usb.configfs.rc:21)
[57162.504691] init: Command 'symlink /config/usb_gadget/g1/functions/ffs.adb /config/usb_gadget/g1/configs/b.1/f1' action=sys.usb.config=adb && sys.usb.configfs=1 && sys.usb.ffs.ready=1 (/system/etc/init/hw/init.usb.configfs.rc:23) took 1ms and failed: symlink() failed: File exists
[57162.505362] init: Command 'write /config/usb_gadget/g1/UDC ${sys.usb.controller}' action=sys.usb.config=adb && sys.usb.configfs=1 && sys.usb.ffs.ready=1 (/system/etc/init/hw/init.usb.configfs.rc:24) took 0ms and failed: property 'sys.usb.controller' doesn't exist while expanding '${sys.usb.controller}'
[57163.538393] read descriptors
[57163.538490] read strings
[57163.540475] init: processing action (sys.usb.config=adb && sys.usb.configfs=1 && sys.usb.ffs.ready=1) from (/system/etc/init/hw/init.usb.configfs.rc:21)
[57164.591320] read descriptors
[57164.591383] read strings
[57165.631646] read descriptors
[57165.631754] read strings
[57165.633697] init: processing action (sys.usb.config=adb && sys.usb.configfs=1 && sys.usb.ffs.ready=1) from (/system/etc/init/hw/init.usb.configfs.rc:21)
[57165.637888] init: Command 'symlink /config/usb_gadget/g1/functions/ffs.adb /config/usb_gadget/g1/configs/b.1/f1' action=sys.usb.config=adb && sys.usb.configfs=1 && sys.usb.ffs.ready=1 (/system/etc/init/hw/init.usb.configfs.rc:23) took 1ms and failed: symlink() failed: File exists
[57165.638583] init: Command 'write /config/usb_gadget/g1/UDC ${sys.usb.controller}' action=sys.usb.config=adb && sys.usb.configfs=1 && sys.usb.ffs.ready=1 (/system/etc/init/hw/init.usb.configfs.rc:24) took 0ms and failed: property 'sys.usb.controller' doesn't exist while expanding '${sys.usb.controller}'
[57166.671725] read descriptors
[57166.671891] read strings
[57166.673981] init: processing action (sys.usb.config=adb && sys.usb.configfs=1 && sys.usb.ffs.ready=1) from (/system/etc/init/hw/init.usb.configfs.rc:21)
[57166.677986] init: Command 'symlink /config/usb_gadget/g1/functions/ffs.adb /config/usb_gadget/g1/configs/b.1/f1' action=sys.usb.config=adb && sys.usb.configfs=1 && sys.usb.ffs.ready=1 (/system/etc/init/hw/init.usb.configfs.rc:23) took 1ms and failed: symlink() failed: File exists
[57166.678670] init: Command 'write /config/usb_gadget/g1/UDC ${sys.usb.controller}' action=sys.usb.config=adb && sys.usb.configfs=1 && sys.usb.ffs.ready=1 (/system/etc/init/hw/init.usb.configfs.rc:24) took 0ms and failed: property 'sys.usb.controller' doesn't exist while expanding '${sys.usb.controller}'
[57167.715031] read descriptors
[57167.715145] read strings
[57167.717149] init: processing action (sys.usb.config=adb && sys.usb.configfs=1 && sys.usb.ffs.ready=1) from (/system/etc/init/hw/init.usb.configfs.rc:21)
[57167.721191] init: Command 'symlink /config/usb_gadget/g1/functions/ffs.adb /config/usb_gadget/g1/configs/b.1/f1' action=sys.usb.config=adb && sys.usb.configfs=1 && sys.usb.ffs.ready=1 (/system/etc/init/hw/init.usb.configfs.rc:23) took 1ms and failed: symlink() failed: File exists
[57167.721873] init: Command 'write /config/usb_gadget/g1/UDC ${sys.usb.controller}' action=sys.usb.config=adb && sys.usb.configfs=1 && sys.usb.ffs.ready=1 (/system/etc/init/hw/init.usb.configfs.rc:24) took 0ms and failed: property 'sys.usb.controller' doesn't exist while expanding '${sys.usb.controller}'
[57168.768067] read descriptors
[57168.768197] read strings
[57168.769587] init: processing action (sys.usb.config=adb && sys.usb.configfs=1 && sys.usb.ffs.ready=1) from (/system/etc/init/hw/init.usb.configfs.rc:21)
[57169.297200] type=1400 audit(1766456997.699:884): avc: denied { ioctl } for comm="dig_led" path="/dev/dig_led_tm1628" dev="tmpfs" ino=505 ioctlcmd=0x4210 scontext=u:r:ueventd:s0 tcontext=u:object_r:device:s0 tclass=chr_file permissive=1
[57169.821716] read descriptors
[57169.821834] read strings
[57170.805344] AICWFDBG(LOGTRACE)\x09>>> rwnx_cfg80211_scan()
[57170.805416] AICWFDBG(LOGTRACE)\x09>>> rwnx_send_scanu_req()
[57170.805443] AICWFDBG(LOGDEBUG)\x09scan channel:1(2412) \x0d
[57170.805465] AICWFDBG(LOGDEBUG)\x09scan channel:2(2417) \x0d
[57170.805481] AICWFDBG(LOGDEBUG)\x09scan channel:3(2422) \x0d
[57170.805497] AICWFDBG(LOGDEBUG)\x09scan channel:4(2427) \x0d
[57170.805521] AICWFDBG(LOGDEBUG)\x09scan channel:5(2432) \x0d
[57170.805537] AICWFDBG(LOGDEBUG)\x09scan channel:6(2437) \x0d
[57170.805552] AICWFDBG(LOGDEBUG)\x09scan channel:7(2442) \x0d
[57170.805577] AICWFDBG(LOGDEBUG)\x09scan channel:8(2447) \x0d
[57170.805592] AICWFDBG(LOGDEBUG)\x09scan channel:9(2452) \x0d
[57170.805607] AICWFDBG(LOGDEBUG)\x09scan channel:10(2457) \x0d
[57170.805623] AICWFDBG(LOGDEBUG)\x09scan channel:11(2462) \x0d
[57170.805645] AICWFDBG(LOGDEBUG)\x09scan channel:12(2467) \x0d
[57170.805660] AICWFDBG(LOGDEBUG)\x09scan channel:13(2472) \x0d
[57170.805675] AICWFDBG(LOGDEBUG)\x09scan channel:36(5180) \x0d
[57170.805690] AICWFDBG(LOGDEBUG)\x09scan channel:40(5200) \x0d
[57170.805712] AICWFDBG(LOGDEBUG)\x09scan channel:44(5220) \x0d
[57170.805726] AICWFDBG(LOGDEBUG)\x09scan channel:48(5240) \x0d
[57170.805742] AICWFDBG(LOGDEBUG)\x09scan channel:52(5260) \x0d
[57170.805756] AICWFDBG(LOGDEBUG)\x09scan channel:56(5280) \x0d
[57170.805776] AICWFDBG(LOGDEBUG)\x09scan channel:60(5300) \x0d
[57170.805791] AICWFDBG(LOGDEBUG)\x09scan channel:64(5320) \x0d
[57170.805806] AICWFDBG(LOGDEBUG)\x09scan channel:149(5745) \x0d
[57170.805833] AICWFDBG(LOGDEBUG)\x09scan channel:153(5765) \x0d
[57170.805848] AICWFDBG(LOGDEBUG)\x09scan channel:157(5785) \x0d
[57170.805863] AICWFDBG(LOGDEBUG)\x09scan channel:161(5805) \x0d
[57170.805878] AICWFDBG(LOGDEBUG)\x09scan channel:165(5825) \x0d
[57170.805909] AICWFDBG(LOGTRACE)\x09rwnx_send_msg (4105)SCANU_START_CFM_ADDTIONAL reqcfm:1 in_irq:0 in_softirq:0 in_atomic:0\x0d
[57170.805934] AICWFDBG(LOGTRACE)\x09rwnx_cmd_malloc get cmd_array[0]:00000000f100465a \x0d
[57170.806693] AICWFDBG(LOGDEBUG)\x09rwnx_rx_handle_msg msg->id:0x1009 \x0d
[57170.806782] AICWFDBG(LOGTRACE)\x09rwnx_cmd_free cmd_array[0]:00000000f100465a \x0d
[57170.861435] read descriptors
[57170.861510] read strings
[57170.861757] AICWFDBG(LOGDEBUG)\x09rwnx_rx_handle_msg msg->id:0x4f \x0d
[57170.862803] init: processing action (sys.usb.config=adb && sys.usb.configfs=1 && sys.usb.ffs.ready=1) from (/system/etc/init/hw/init.usb.configfs.rc:21)
[57170.865297] init: Command 'symlink /config/usb_gadget/g1/functions/ffs.adb /config/usb_gadget/g1/configs/b.1/f1' action=sys.usb.config=adb && sys.usb.configfs=1 && sys.usb.ffs.ready=1 (/system/etc/init/hw/init.usb.configfs.rc:23) took 0ms and failed: symlink() failed: File exists
[57170.865702] init: Command 'write /config/usb_gadget/g1/UDC ${sys.usb.controller}' action=sys.usb.config=adb && sys.usb.configfs=1 && sys.usb.ffs.ready=1 (/system/etc/init/hw/init.usb.configfs.rc:24) took 0ms and failed: property 'sys.usb.controller' doesn't exist while expanding '${sys.usb.controller}'
[57170.868627] AICWFDBG(LOGDEBUG)\x09rwnx_rx_handle_msg msg->id:0x1004 \x0d
[57170.884784] AICWFDBG(LOGDEBUG)\x09rwnx_rx_handle_msg msg->id:0x1004 \x0d
[57170.893411] AICWFDBG(LOGDEBUG)\x09rwnx_rx_handle_msg msg->id:0x1004 \x0d
[57170.896841] AICWFDBG(LOGDEBUG)\x09rwnx_rx_handle_msg msg->id:0x4f \x0d
[57170.903655] AICWFDBG(LOGDEBUG)\x09rwnx_rx_handle_msg msg->id:0x1004 \x0d
[57170.931746] AICWFDBG(LOGDEBUG)\x09rwnx_rx_handle_msg msg->id:0x4f \x0d
[57170.966879] AICWFDBG(LOGDEBUG)\x09rwnx_rx_handle_msg msg->id:0x4f \x0d
[57171.001905] AICWFDBG(LOGDEBUG)\x09rwnx_rx_handle_msg msg->id:0x4f \x0d
[57171.056992] AICWFDBG(LOGDEBUG)\x09rwnx_rx_handle_msg msg->id:0x4f \x0d
[57171.091948] AICWFDBG(LOGDEBUG)\x09rwnx_rx_handle_msg msg->id:0x4f \x0d
[57171.104567] AICWFDBG(LOGDEBUG)\x09rwnx_rx_handle_msg msg->id:0x1004 \x0d
[57171.113131] AICWFDBG(LOGDEBUG)\x09rwnx_rx_handle_msg msg->id:0x1004 \x0d
[57171.126829] AICWFDBG(LOGDEBUG)\x09rwnx_rx_handle_msg msg->id:0x4f \x0d
[57171.129309] AICWFDBG(LOGDEBUG)\x09rwnx_rx_handle_msg msg->id:0x1004 \x0d
[57171.129816] AICWFDBG(LOGDEBUG)\x09rwnx_rx_handle_msg msg->id:0x1004 \x0d
[57171.161865] AICWFDBG(LOGDEBUG)\x09rwnx_rx_handle_msg msg->id:0x4f \x0d
[57171.196985] AICWFDBG(LOGDEBUG)\x09rwnx_rx_handle_msg msg->id:0x4f \x0d
[57171.212653] AICWFDBG(LOGDEBUG)\x09rwnx_rx_handle_msg msg->id:0x1004 \x0d
[57171.252012] AICWFDBG(LOGDEBUG)\x09rwnx_rx_handle_msg msg->id:0x4f \x0d
[57171.287021] AICWFDBG(LOGDEBUG)\x09rwnx_rx_handle_msg msg->id:0x4f \x0d
[57171.342054] AICWFDBG(LOGDEBUG)\x09rwnx_rx_handle_msg msg->id:0x4f \x0d
[57171.343885] AICWFDBG(LOGDEBUG)\x09rwnx_rx_handle_msg msg->id:0x1004 \x0d
[57171.397101] AICWFDBG(LOGDEBUG)\x09rwnx_rx_handle_msg msg->id:0x4f \x0d
[57171.432139] AICWFDBG(LOGDEBUG)\x09rwnx_rx_handle_msg msg->id:0x4f \x0d
[57171.487146] AICWFDBG(LOGDEBUG)\x09rwnx_rx_handle_msg msg->id:0x4f \x0d
[57171.489341] AICWFDBG(LOGDEBUG)\x09rwnx_rx_handle_msg msg->id:0x1004 \x0d
[57171.504600] AICWFDBG(LOGDEBUG)\x09rwnx_rx_handle_msg msg->id:0x1004 \x0d
[57171.505249] AICWFDBG(LOGDEBUG)\x09rwnx_rx_handle_msg msg->id:0x1004 \x0d
[57171.522157] AICWFDBG(LOGDEBUG)\x09rwnx_rx_handle_msg msg->id:0x4f \x0d
[57171.557193] AICWFDBG(LOGDEBUG)\x09rwnx_rx_handle_msg msg->id:0x4f \x0d
[57171.592209] AICWFDBG(LOGDEBUG)\x09rwnx_rx_handle_msg msg->id:0x4f \x0d
[57171.627257] AICWFDBG(LOGDEBUG)\x09rwnx_rx_handle_msg msg->id:0x4f \x0d
[57171.662285] AICWFDBG(LOGDEBUG)\x09rwnx_rx_handle_msg msg->id:0x4f \x0d
[57171.687599] AICWFDBG(LOGDEBUG)\x09rwnx_rx_handle_msg msg->id:0x1004 \x0d
[57171.697341] AICWFDBG(LOGDEBUG)\x09rwnx_rx_handle_msg msg->id:0x4f \x0d
[57171.752185] AICWFDBG(LOGDEBUG)\x09rwnx_rx_handle_msg msg->id:0x4f \x0d
[57171.807332] AICWFDBG(LOGDEBUG)\x09rwnx_rx_handle_msg msg->id:0x4f \x0d
[57171.862316] AICWFDBG(LOGDEBUG)\x09rwnx_rx_handle_msg msg->id:0x4f \x0d
[57171.897362] AICWFDBG(LOGDEBUG)\x09rwnx_rx_handle_msg msg->id:0x4f \x0d
[57171.897611] AICWFDBG(LOGDEBUG)\x09rwnx_rx_handle_msg msg->id:0x1001 \x0d
[57171.897645] AICWFDBG(LOGTRACE)\x09>>> rwnx_rx_scanu_start_cfm()
[57171.899411] read descriptors
[57171.899489] read strings
[57171.901780] init: processing action (sys.usb.config=adb && sys.usb.configfs=1 && sys.usb.ffs.ready=1) from (/system/etc/init/hw/init.usb.configfs.rc:21)
[57171.905835] init: Command 'symlink /config/usb_gadget/g1/functions/ffs.adb /config/usb_gadget/g1/configs/b.1/f1' action=sys.usb.config=adb && sys.usb.configfs=1 && sys.usb.ffs.ready=1 (/system/etc/init/hw/init.usb.configfs.rc:23) took 1ms and failed: symlink() failed: File exists
[57171.906593] init: Command 'write /config/usb_gadget/g1/UDC ${sys.usb.controller}' action=sys.usb.config=adb && sys.usb.configfs=1 && sys.usb.ffs.ready=1 (/system/etc/init/hw/init.usb.configfs.rc:24) took 0ms and failed: property 'sys.usb.controller' doesn't exist while expanding '${sys.usb.controller}'
[57172.954652] read descriptors
[57172.954720] read strings
[57172.955917] init: processing action (sys.usb.config=adb && sys.usb.configfs=1 && sys.usb.ffs.ready=1) from (/system/etc/init/hw/init.usb.configfs.rc:21)
[57172.958506] init: Command 'symlink /config/usb_gadget/g1/functions/ffs.adb /config/usb_gadget/g1/configs/b.1/f1' action=sys.usb.config=adb && sys.usb.configfs=1 && sys.usb.ffs.ready=1 (/system/etc/init/hw/init.usb.configfs.rc:23) took 1ms and failed: symlink() failed: File exists
[57172.959184] init: Command 'write /config/usb_gadget/g1/UDC ${sys.usb.controller}' action=sys.usb.config=adb && sys.usb.configfs=1 && sys.usb.ffs.ready=1 (/system/etc/init/hw/init.usb.configfs.rc:24) took 0ms and failed: property 'sys.usb.controller' doesn't exist while expanding '${sys.usb.controller}'
[57173.995087] read descriptors
[57173.995191] read strings
[57173.997207] init: processing action (sys.usb.config=adb && sys.usb.configfs=1 && sys.usb.ffs.ready=1) from (/system/etc/init/hw/init.usb.configfs.rc:21)
[57175.034999] read descriptors
[57175.035115] read strings
[57176.108384] read descriptors
[57176.108481] read strings
[57176.110236] init: processing action (sys.usb.config=adb && sys.usb.configfs=1 && sys.usb.ffs.ready=1) from (/system/etc/init/hw/init.usb.configfs.rc:21)
[57176.114131] init: Command 'symlink /config/usb_gadget/g1/functions/ffs.adb /config/usb_gadget/g1/configs/b.1/f1' action=sys.usb.config=adb && sys.usb.configfs=1 && sys.usb.ffs.ready=1 (/system/etc/init/hw/init.usb.configfs.rc:23) took 1ms and failed: symlink() failed: File exists
[57176.114899] init: Command 'write /config/usb_gadget/g1/UDC ${sys.usb.controller}' action=sys.usb.config=adb && sys.usb.configfs=1 && sys.usb.ffs.ready=1 (/system/etc/init/hw/init.usb.configfs.rc:24) took 0ms and failed: property 'sys.usb.controller' doesn't exist while expanding '${sys.usb.controller}'
[57177.158397] read descriptors
[57177.158514] read strings
[57177.160537] init: processing action (sys.usb.config=adb && sys.usb.configfs=1 && sys.usb.ffs.ready=1) from (/system/etc/init/hw/init.usb.configfs.rc:21)
[57177.164955] init: Command 'symlink /config/usb_gadget/g1/functions/ffs.adb /config/usb_gadget/g1/configs/b.1/f1' action=sys.usb.config=adb && sys.usb.configfs=1 && sys.usb.ffs.ready=1 (/system/etc/init/hw/init.usb.configfs.rc:23) took 1ms and failed: symlink() failed: File exists
[57177.165645] init: Command 'write /config/usb_gadget/g1/UDC ${sys.usb.controller}' action=sys.usb.config=adb && sys.usb.configfs=1 && sys.usb.ffs.ready=1 (/system/etc/init/hw/init.usb.configfs.rc:24) took 0ms and failed: property 'sys.usb.controller' doesn't exist while expanding '${sys.usb.controller}'
[57178.198360] read descriptors
[57178.198458] read strings
[57178.200372] init: processing action (sys.usb.config=adb && sys.usb.configfs=1 && sys.usb.ffs.ready=1) from (/system/etc/init/hw/init.usb.configfs.rc:21)
[57178.204388] init: Command 'symlink /config/usb_gadget/g1/functions/ffs.adb /config/usb_gadget/g1/configs/b.1/f1' action=sys.usb.config=adb && sys.usb.configfs=1 && sys.usb.ffs.ready=1 (/system/etc/init/hw/init.usb.configfs.rc:23) took 1ms and failed: symlink() failed: File exists
[57178.205095] init: Command 'write /config/usb_gadget/g1/UDC ${sys.usb.controller}' action=sys.usb.config=adb && sys.usb.configfs=1 && sys.usb.ffs.ready=1 (/system/etc/init/hw/init.usb.configfs.rc:24) took 0ms and failed: property 'sys.usb.controller' doesn't exist while expanding '${sys.usb.controller}'
[57179.268656] read descriptors
[57179.268753] read strings
[57179.272531] init: processing action (sys.usb.config=adb && sys.usb.configfs=1 && sys.usb.ffs.ready=1) from (/system/etc/init/hw/init.usb.configfs.rc:21)
[57180.308379] read descriptors
[57180.308479] read strings
[57180.808859] AICWFDBG(LOGTRACE)\x09>>> rwnx_cfg80211_scan()
[57180.808920] AICWFDBG(LOGTRACE)\x09>>> rwnx_send_scanu_req()
[57180.808944] AICWFDBG(LOGDEBUG)\x09scan channel:1(2412) \x0d
[57180.808962] AICWFDBG(LOGDEBUG)\x09scan channel:2(2417) \x0d
[57180.808978] AICWFDBG(LOGDEBUG)\x09scan channel:3(2422) \x0d
[57180.808993] AICWFDBG(LOGDEBUG)\x09scan channel:4(2427) \x0d
[57180.809008] AICWFDBG(LOGDEBUG)\x09scan channel:5(2432) \x0d
[57180.809023] AICWFDBG(LOGDEBUG)\x09scan channel:6(2437) \x0d
[57180.809038] AICWFDBG(LOGDEBUG)\x09scan channel:7(2442) \x0d
[57180.809053] AICWFDBG(LOGDEBUG)\x09scan channel:8(2447) \x0d
[57180.809068] AICWFDBG(LOGDEBUG)\x09scan channel:9(2452) \x0d
[57180.809082] AICWFDBG(LOGDEBUG)\x09scan channel:10(2457) \x0d
[57180.809097] AICWFDBG(LOGDEBUG)\x09scan channel:11(2462) \x0d
[57180.809113] AICWFDBG(LOGDEBUG)\x09scan channel:12(2467) \x0d
[57180.809127] AICWFDBG(LOGDEBUG)\x09scan channel:13(2472) \x0d
[57180.809142] AICWFDBG(LOGDEBUG)\x09scan channel:36(5180) \x0d
[57180.809157] AICWFDBG(LOGDEBUG)\x09scan channel:40(5200) \x0d
[57180.809173] AICWFDBG(LOGDEBUG)\x09scan channel:44(5220) \x0d
[57180.809187] AICWFDBG(LOGDEBUG)\x09scan channel:48(5240) \x0d
[57180.809202] AICWFDBG(LOGDEBUG)\x09scan channel:52(5260) \x0d
[57180.809218] AICWFDBG(LOGDEBUG)\x09scan channel:56(5280) \x0d
[57180.809235] AICWFDBG(LOGDEBUG)\x09scan channel:60(5300) \x0d
[57180.809250] AICWFDBG(LOGDEBUG)\x09scan channel:64(5320) \x0d
[57180.809265] AICWFDBG(LOGDEBUG)\x09scan channel:149(5745) \x0d
[57180.809280] AICWFDBG(LOGDEBUG)\x09scan channel:153(5765) \x0d
[57180.809321] AICWFDBG(LOGDEBUG)\x09scan channel:157(5785) \x0d
[57180.809337] AICWFDBG(LOGDEBUG)\x09scan channel:161(5805) \x0d
[57180.809353] AICWFDBG(LOGDEBUG)\x09scan channel:165(5825) \x0d
[57180.809374] AICWFDBG(LOGTRACE)\x09rwnx_send_msg (4105)SCANU_START_CFM_ADDTIONAL reqcfm:1 in_irq:0 in_softirq:0 in_atomic:0\x0d
[57180.809399] AICWFDBG(LOGTRACE)\x09rwnx_cmd_malloc get cmd_array[0]:00000000f100465a \x0d
[57180.810119] AICWFDBG(LOGDEBUG)\x09rwnx_rx_handle_msg msg->id:0x1009 \x0d
[57180.810204] AICWFDBG(LOGTRACE)\x09rwnx_cmd_free cmd_array[0]:00000000f100465a \x0d
[57180.826025] AICWFDBG(LOGDEBUG)\x09rwnx_rx_handle_msg msg->id:0x1004 \x0d
[57180.827676] AICWFDBG(LOGDEBUG)\x09rwnx_rx_handle_msg msg->id:0x1004 \x0d
[57180.865180] AICWFDBG(LOGDEBUG)\x09rwnx_rx_handle_msg msg->id:0x4f \x0d
[57180.872370] AICWFDBG(LOGDEBUG)\x09rwnx_rx_handle_msg msg->id:0x1004 \x0d
[57180.900246] AICWFDBG(LOGDEBUG)\x09rwnx_rx_handle_msg msg->id:0x4f \x0d
[57180.907169] AICWFDBG(LOGDEBUG)\x09rwnx_rx_handle_msg msg->id:0x1004 \x0d
[57180.919519] AICWFDBG(LOGDEBUG)\x09rwnx_rx_handle_msg msg->id:0x1004 \x0d
[57180.924298] AICWFDBG(LOGDEBUG)\x09rwnx_rx_handle_msg msg->id:0x1004 \x0d
[57180.928472] AICWFDBG(LOGDEBUG)\x09rwnx_rx_handle_msg msg->id:0x1004 \x0d
[57180.935265] AICWFDBG(LOGDEBUG)\x09rwnx_rx_handle_msg msg->id:0x4f \x0d
[57180.970282] AICWFDBG(LOGDEBUG)\x09rwnx_rx_handle_msg msg->id:0x4f \x0d
[57181.005302] AICWFDBG(LOGDEBUG)\x09rwnx_rx_handle_msg msg->id:0x4f \x0d
[57181.060333] AICWFDBG(LOGDEBUG)\x09rwnx_rx_handle_msg msg->id:0x4f \x0d
[57181.095336] AICWFDBG(LOGDEBUG)\x09rwnx_rx_handle_msg msg->id:0x4f \x0d
[57181.126815] AICWFDBG(LOGDEBUG)\x09rwnx_rx_handle_msg msg->id:0x1004 \x0d
[57181.130522] AICWFDBG(LOGDEBUG)\x09rwnx_rx_handle_msg msg->id:0x4f \x0d
[57181.134292] AICWFDBG(LOGDEBUG)\x09rwnx_rx_handle_msg msg->id:0x1004 \x0d
[57181.135660] AICWFDBG(LOGDEBUG)\x09rwnx_rx_handle_msg msg->id:0x1004 \x0d
[57181.142038] AICWFDBG(LOGDEBUG)\x09rwnx_rx_handle_msg msg->id:0x1004 \x0d
[57181.146233] AICWFDBG(LOGDEBUG)\x09rwnx_rx_handle_msg msg->id:0x1004 \x0d
[57181.150328] AICWFDBG(LOGDEBUG)\x09rwnx_rx_handle_msg msg->id:0x1004 \x0d
[57181.165543] AICWFDBG(LOGDEBUG)\x09rwnx_rx_handle_msg msg->id:0x4f \x0d
[57181.200554] AICWFDBG(LOGDEBUG)\x09rwnx_rx_handle_msg msg->id:0x4f \x0d
[57181.256991] AICWFDBG(LOGDEBUG)\x09rwnx_rx_handle_msg msg->id:0x4f \x0d
[57181.257247] AICWFDBG(LOGDEBUG)\x09rwnx_rx_handle_msg msg->id:0x1004 \x0d
[57181.292143] AICWFDBG(LOGDEBUG)\x09rwnx_rx_handle_msg msg->id:0x4f \x0d
[57181.347166] AICWFDBG(LOGDEBUG)\x09rwnx_rx_handle_msg msg->id:0x4f \x0d
[57181.349013] AICWFDBG(LOGDEBUG)\x09rwnx_rx_handle_msg msg->id:0x1004 \x0d
[57181.350969] AICWFDBG(LOGDEBUG)\x09rwnx_rx_handle_msg msg->id:0x1004 \x0d
[57181.375114] read descriptors
[57181.375219] read strings
[57181.377137] init: processing action (sys.usb.config=adb && sys.usb.configfs=1 && sys.usb.ffs.ready=1) from (/system/etc/init/hw/init.usb.configfs.rc:21)
[57181.381213] init: Command 'symlink /config/usb_gadget/g1/functions/ffs.adb /config/usb_gadget/g1/configs/b.1/f1' action=sys.usb.config=adb && sys.usb.configfs=1 && sys.usb.ffs.ready=1 (/system/etc/init/hw/init.usb.configfs.rc:23) took 1ms and failed: symlink() failed: File exists
[57181.381872] init: Command 'write /config/usb_gadget/g1/UDC ${sys.usb.controller}' action=sys.usb.config=adb && sys.usb.configfs=1 && sys.usb.ffs.ready=1 (/system/etc/init/hw/init.usb.configfs.rc:24) took 0ms and failed: property 'sys.usb.controller' doesn't exist while expanding '${sys.usb.controller}'
[57181.402223] AICWFDBG(LOGDEBUG)\x09rwnx_rx_handle_msg msg->id:0x4f \x0d
[57181.437213] AICWFDBG(LOGDEBUG)\x09rwnx_rx_handle_msg msg->id:0x4f \x0d
[57181.492249] AICWFDBG(LOGDEBUG)\x09rwnx_rx_handle_msg msg->id:0x4f \x0d
[57181.494488] AICWFDBG(LOGDEBUG)\x09rwnx_rx_handle_msg msg->id:0x1004 \x0d
[57181.527256] AICWFDBG(LOGDEBUG)\x09rwnx_rx_handle_msg msg->id:0x4f \x0d
[57181.562274] AICWFDBG(LOGDEBUG)\x09rwnx_rx_handle_msg msg->id:0x4f \x0d
[57181.597283] AICWFDBG(LOGDEBUG)\x09rwnx_rx_handle_msg msg->id:0x4f \x0d
[57181.632302] AICWFDBG(LOGDEBUG)\x09rwnx_rx_handle_msg msg->id:0x4f \x0d
[57181.667308] AICWFDBG(LOGDEBUG)\x09rwnx_rx_handle_msg msg->id:0x4f \x0d
[57181.702357] AICWFDBG(LOGDEBUG)\x09rwnx_rx_handle_msg msg->id:0x4f \x0d
[57181.757361] AICWFDBG(LOGDEBUG)\x09rwnx_rx_handle_msg msg->id:0x4f \x0d
[57181.812432] AICWFDBG(LOGDEBUG)\x09rwnx_rx_handle_msg msg->id:0x4f \x0d
[57181.867316] AICWFDBG(LOGDEBUG)\x09rwnx_rx_handle_msg msg->id:0x4f \x0d
[57181.902447] AICWFDBG(LOGDEBUG)\x09rwnx_rx_handle_msg msg->id:0x4f \x0d
[57181.902548] AICWFDBG(LOGDEBUG)\x09rwnx_rx_handle_msg msg->id:0x1001 \x0d
[57181.902578] AICWFDBG(LOGTRACE)\x09>>> rwnx_rx_scanu_start_cfm()
[57182.438063] read descriptors
[57182.438129] read strings
[57182.439269] init: processing action (sys.usb.config=adb && sys.usb.configfs=1 && sys.usb.ffs.ready=1) from (/system/etc/init/hw/init.usb.configfs.rc:21)
[57182.441533] init: Command 'symlink /config/usb_gadget/g1/functions/ffs.adb /config/usb_gadget/g1/configs/b.1/f1' action=sys.usb.config=adb && sys.usb.configfs=1 && sys.usb.ffs.ready=1 (/system/etc/init/hw/init.usb.configfs.rc:23) took 0ms and failed: symlink() failed: File exists
[57182.441911] init: Command 'write /config/usb_gadget/g1/UDC ${sys.usb.controller}' action=sys.usb.config=adb && sys.usb.configfs=1 && sys.usb.ffs.ready=1 (/system/etc/init/hw/init.usb.configfs.rc:24) took 0ms and failed: property 'sys.usb.controller' doesn't exist while expanding '${sys.usb.controller}'
[57183.485105] read descriptors
[57183.485275] read strings
[57183.487205] init: processing action (sys.usb.config=adb && sys.usb.configfs=1 && sys.usb.ffs.ready=1) from (/system/etc/init/hw/init.usb.configfs.rc:21)
[57183.490896] init: Command 'symlink /config/usb_gadget/g1/functions/ffs.adb /config/usb_gadget/g1/configs/b.1/f1' action=sys.usb.config=adb && sys.usb.configfs=1 && sys.usb.ffs.ready=1 (/system/etc/init/hw/init.usb.configfs.rc:23) took 1ms and failed: symlink() failed: File exists
[57183.491580] init: Command 'write /config/usb_gadget/g1/UDC ${sys.usb.controller}' action=sys.usb.config=adb && sys.usb.configfs=1 && sys.usb.ffs.ready=1 (/system/etc/init/hw/init.usb.configfs.rc:24) took 0ms and failed: property 'sys.usb.controller' doesn't exist while expanding '${sys.usb.controller}'
[57184.534992] read descriptors
[57184.535150] read strings
[57184.537123] init: processing action (sys.usb.config=adb && sys.usb.configfs=1 && sys.usb.ffs.ready=1) from (/system/etc/init/hw/init.usb.configfs.rc:21)
[57185.584990] read descriptors
[57185.585148] read strings
[57186.634679] read descriptors
[57186.634747] read strings
[57186.635852] init: processing action (sys.usb.config=adb && sys.usb.configfs=1 && sys.usb.ffs.ready=1) from (/system/etc/init/hw/init.usb.configfs.rc:21)
[57186.638715] init: Command 'symlink /config/usb_gadget/g1/functions/ffs.adb /config/usb_gadget/g1/configs/b.1/f1' action=sys.usb.config=adb && sys.usb.configfs=1 && sys.usb.ffs.ready=1 (/system/etc/init/hw/init.usb.configfs.rc:23) took 1ms and failed: symlink() failed: File exists
[57186.639397] init: Command 'write /config/usb_gadget/g1/UDC ${sys.usb.controller}' action=sys.usb.config=adb && sys.usb.configfs=1 && sys.usb.ffs.ready=1 (/system/etc/init/hw/init.usb.configfs.rc:24) took 0ms and failed: property 'sys.usb.controller' doesn't exist while expanding '${sys.usb.controller}'
[57187.681868] read descriptors
[57187.681975] read strings
[57187.683847] init: processing action (sys.usb.config=adb && sys.usb.configfs=1 && sys.usb.ffs.ready=1) from (/system/etc/init/hw/init.usb.configfs.rc:21)
[57187.687838] init: Command 'symlink /config/usb_gadget/g1/functions/ffs.adb /config/usb_gadget/g1/configs/b.1/f1' action=sys.usb.config=adb && sys.usb.configfs=1 && sys.usb.ffs.ready=1 (/system/etc/init/hw/init.usb.configfs.rc:23) took 1ms and failed: symlink() failed: File exists
[57187.688464] init: Command 'write /config/usb_gadget/g1/UDC ${sys.usb.controller}' action=sys.usb.config=adb && sys.usb.configfs=1 && sys.usb.ffs.ready=1 (/system/etc/init/hw/init.usb.configfs.rc:24) took 0ms and failed: property 'sys.usb.controller' doesn't exist while expanding '${sys.usb.controller}'
[57188.748477] read descriptors
[57188.748576] read strings
[57188.750505] init: processing action (sys.usb.config=adb && sys.usb.configfs=1 && sys.usb.ffs.ready=1) from (/system/etc/init/hw/init.usb.configfs.rc:21)
[57188.754472] init: Command 'symlink /config/usb_gadget/g1/functions/ffs.adb /config/usb_gadget/g1/configs/b.1/f1' action=sys.usb.config=adb && sys.usb.configfs=1 && sys.usb.ffs.ready=1 (/system/etc/init/hw/init.usb.configfs.rc:23) took 1ms and failed: symlink() failed: File exists
[57188.755150] init: Command 'write /config/usb_gadget/g1/UDC ${sys.usb.controller}' action=sys.usb.config=adb && sys.usb.configfs=1 && sys.usb.ffs.ready=1 (/system/etc/init/hw/init.usb.configfs.rc:24) took 0ms and failed: property 'sys.usb.controller' doesn't exist while expanding '${sys.usb.controller}'
[57189.805211] read descriptors
[57189.805324] read strings
[57189.807403] init: processing action (sys.usb.config=adb && sys.usb.configfs=1 && sys.usb.ffs.ready=1) from (/system/etc/init/hw/init.usb.configfs.rc:21)
[57190.802334] AICWFDBG(LOGTRACE)\x09>>> rwnx_cfg80211_scan()
[57190.802405] AICWFDBG(LOGTRACE)\x09>>> rwnx_send_scanu_req()
[57190.802437] AICWFDBG(LOGDEBUG)\x09scan channel:1(2412) \x0d
[57190.802457] AICWFDBG(LOGDEBUG)\x09scan channel:2(2417) \x0d
[57190.802472] AICWFDBG(LOGDEBUG)\x09scan channel:3(2422) \x0d
[57190.802486] AICWFDBG(LOGDEBUG)\x09scan channel:4(2427) \x0d
[57190.802512] AICWFDBG(LOGDEBUG)\x09scan channel:5(2432) \x0d
[57190.802527] AICWFDBG(LOGDEBUG)\x09scan channel:6(2437) \x0d
[57190.802541] AICWFDBG(LOGDEBUG)\x09scan channel:7(2442) \x0d
[57190.802556] AICWFDBG(LOGDEBUG)\x09scan channel:8(2447) \x0d
[57190.802617] AICWFDBG(LOGDEBUG)\x09scan channel:9(2452) \x0d
[57190.802642] AICWFDBG(LOGDEBUG)\x09scan channel:10(2457) \x0d
[57190.802656] AICWFDBG(LOGDEBUG)\x09scan channel:11(2462) \x0d
[57190.802671] AICWFDBG(LOGDEBUG)\x09scan channel:12(2467) \x0d
[57190.802686] AICWFDBG(LOGDEBUG)\x09scan channel:13(2472) \x0d
[57190.802709] AICWFDBG(LOGDEBUG)\x09scan channel:36(5180) \x0d
[57190.802724] AICWFDBG(LOGDEBUG)\x09scan channel:40(5200) \x0d
[57190.802739] AICWFDBG(LOGDEBUG)\x09scan channel:44(5220) \x0d
[57190.802761] AICWFDBG(LOGDEBUG)\x09scan channel:48(5240) \x0d
[57190.802777] AICWFDBG(LOGDEBUG)\x09scan channel:52(5260) \x0d
[57190.802791] AICWFDBG(LOGDEBUG)\x09scan channel:56(5280) \x0d
[57190.802806] AICWFDBG(LOGDEBUG)\x09scan channel:60(5300) \x0d
[57190.802829] AICWFDBG(LOGDEBUG)\x09scan channel:64(5320) \x0d
[57190.802843] AICWFDBG(LOGDEBUG)\x09scan channel:149(5745) \x0d
[57190.802858] AICWFDBG(LOGDEBUG)\x09scan channel:153(5765) \x0d
[57190.802873] AICWFDBG(LOGDEBUG)\x09scan channel:157(5785) \x0d
[57190.802896] AICWFDBG(LOGDEBUG)\x09scan channel:161(5805) \x0d
[57190.802910] AICWFDBG(LOGDEBUG)\x09scan channel:165(5825) \x0d
[57190.802931] AICWFDBG(LOGTRACE)\x09rwnx_send_msg (4105)SCANU_START_CFM_ADDTIONAL reqcfm:1 in_irq:0 in_softirq:0 in_atomic:0\x0d
[57190.802966] AICWFDBG(LOGTRACE)\x09rwnx_cmd_malloc get cmd_array[0]:00000000f100465a \x0d
[57190.803708] AICWFDBG(LOGDEBUG)\x09rwnx_rx_handle_msg msg->id:0x1009 \x0d
[57190.803811] AICWFDBG(LOGTRACE)\x09rwnx_cmd_free cmd_array[0]:00000000f100465a \x0d
[57190.845358] AICWFDBG(LOGDEBUG)\x09rwnx_rx_handle_msg msg->id:0x1004 \x0d
[57190.851325] read descriptors
[57190.851399] read strings
[57190.860889] AICWFDBG(LOGDEBUG)\x09rwnx_rx_handle_msg msg->id:0x4f \x0d
[57190.861144] AICWFDBG(LOGDEBUG)\x09rwnx_rx_handle_msg msg->id:0x1004 \x0d
[57190.863911] AICWFDBG(LOGDEBUG)\x09rwnx_rx_handle_msg msg->id:0x1004 \x0d
[57190.872928] AICWFDBG(LOGDEBUG)\x09rwnx_rx_handle_msg msg->id:0x1004 \x0d
[57190.896172] AICWFDBG(LOGDEBUG)\x09rwnx_rx_handle_msg msg->id:0x4f \x0d
[57190.896488] AICWFDBG(LOGDEBUG)\x09rwnx_rx_handle_msg msg->id:0x1004 \x0d
[57190.903083] AICWFDBG(LOGDEBUG)\x09rwnx_rx_handle_msg msg->id:0x1004 \x0d
[57190.911089] AICWFDBG(LOGDEBUG)\x09rwnx_rx_handle_msg msg->id:0x1004 \x0d
[57190.931209] AICWFDBG(LOGDEBUG)\x09rwnx_rx_handle_msg msg->id:0x4f \x0d
[57190.954479] AICWFDBG(LOGDEBUG)\x09rwnx_rx_handle_msg msg->id:0x1004 \x0d
[57190.966225] AICWFDBG(LOGDEBUG)\x09rwnx_rx_handle_msg msg->id:0x4f \x0d
[57191.001251] AICWFDBG(LOGDEBUG)\x09rwnx_rx_handle_msg msg->id:0x4f \x0d
[57191.056281] AICWFDBG(LOGDEBUG)\x09rwnx_rx_handle_msg msg->id:0x4f \x0d
[57191.091292] AICWFDBG(LOGDEBUG)\x09rwnx_rx_handle_msg msg->id:0x4f \x0d
[57191.126303] AICWFDBG(LOGDEBUG)\x09rwnx_rx_handle_msg msg->id:0x4f \x0d
[57191.129196] AICWFDBG(LOGDEBUG)\x09rwnx_rx_handle_msg msg->id:0x1004 \x0d
[57191.129675] AICWFDBG(LOGDEBUG)\x09rwnx_rx_handle_msg msg->id:0x1004 \x0d
[57191.141671] AICWFDBG(LOGDEBUG)\x09rwnx_rx_handle_msg msg->id:0x1004 \x0d
[57191.161313] AICWFDBG(LOGDEBUG)\x09rwnx_rx_handle_msg msg->id:0x4f \x0d
[57191.196326] AICWFDBG(LOGDEBUG)\x09rwnx_rx_handle_msg msg->id:0x4f \x0d
[57191.251371] AICWFDBG(LOGDEBUG)\x09rwnx_rx_handle_msg msg->id:0x4f \x0d
[57191.286370] AICWFDBG(LOGDEBUG)\x09rwnx_rx_handle_msg msg->id:0x4f \x0d
[57191.341292] AICWFDBG(LOGDEBUG)\x09rwnx_rx_handle_msg msg->id:0x4f \x0d
[57191.343098] AICWFDBG(LOGDEBUG)\x09rwnx_rx_handle_msg msg->id:0x1004 \x0d
[57191.385934] AICWFDBG(LOGDEBUG)\x09rwnx_rx_handle_msg msg->id:0x1004 \x0d
[57191.396454] AICWFDBG(LOGDEBUG)\x09rwnx_rx_handle_msg msg->id:0x4f \x0d
[57191.431515] AICWFDBG(LOGDEBUG)\x09rwnx_rx_handle_msg msg->id:0x4f \x0d
[57191.486541] AICWFDBG(LOGDEBUG)\x09rwnx_rx_handle_msg msg->id:0x4f \x0d
[57191.489707] AICWFDBG(LOGDEBUG)\x09rwnx_rx_handle_msg msg->id:0x1004 \x0d
[57191.521502] AICWFDBG(LOGDEBUG)\x09rwnx_rx_handle_msg msg->id:0x4f \x0d
[57191.556563] AICWFDBG(LOGDEBUG)\x09rwnx_rx_handle_msg msg->id:0x4f \x0d
[57191.591546] AICWFDBG(LOGDEBUG)\x09rwnx_rx_handle_msg msg->id:0x4f \x0d
[57191.626583] AICWFDBG(LOGDEBUG)\x09rwnx_rx_handle_msg msg->id:0x4f \x0d
[57191.661605] AICWFDBG(LOGDEBUG)\x09rwnx_rx_handle_msg msg->id:0x4f \x0d
[57191.696635] AICWFDBG(LOGDEBUG)\x09rwnx_rx_handle_msg msg->id:0x4f \x0d
[57191.751632] AICWFDBG(LOGDEBUG)\x09rwnx_rx_handle_msg msg->id:0x4f \x0d
[57191.806639] AICWFDBG(LOGDEBUG)\x09rwnx_rx_handle_msg msg->id:0x4f \x0d
[57191.861686] AICWFDBG(LOGDEBUG)\x09rwnx_rx_handle_msg msg->id:0x4f \x0d
[57191.896784] AICWFDBG(LOGDEBUG)\x09rwnx_rx_handle_msg msg->id:0x4f \x0d
[57191.897001] AICWFDBG(LOGDEBUG)\x09rwnx_rx_handle_msg msg->id:0x1001 \x0d
[57191.897041] AICWFDBG(LOGTRACE)\x09>>> rwnx_rx_scanu_start_cfm()
[57191.916755] read descriptors
[57191.916860] read strings
[57191.919030] init: processing action (sys.usb.config=adb && sys.usb.configfs=1 && sys.usb.ffs.ready=1) from (/system/etc/init/hw/init.usb.configfs.rc:21)
[57191.922410] init: Command 'symlink /config/usb_gadget/g1/functions/ffs.adb /config/usb_gadget/g1/configs/b.1/f1' action=sys.usb.config=adb && sys.usb.configfs=1 && sys.usb.ffs.ready=1 (/system/etc/init/hw/init.usb.configfs.rc:23) took 0ms and failed: symlink() failed: File exists
[57191.922924] init: Command 'write /config/usb_gadget/g1/UDC ${sys.usb.controller}' action=sys.usb.config=adb && sys.usb.configfs=1 && sys.usb.ffs.ready=1 (/system/etc/init/hw/init.usb.configfs.rc:24) took 0ms and failed: property 'sys.usb.controller' doesn't exist while expanding '${sys.usb.controller}'
[57192.975095] read descriptors
[57192.975212] read strings
[57192.977208] init: processing action (sys.usb.config=adb && sys.usb.configfs=1 && sys.usb.ffs.ready=1) from (/system/etc/init/hw/init.usb.configfs.rc:21)
[57192.981237] init: Command 'symlink /config/usb_gadget/g1/functions/ffs.adb /config/usb_gadget/g1/configs/b.1/f1' action=sys.usb.config=adb && sys.usb.configfs=1 && sys.usb.ffs.ready=1 (/system/etc/init/hw/init.usb.configfs.rc:23) took 1ms and failed: symlink() failed: File exists
[57192.981922] init: Command 'write /config/usb_gadget/g1/UDC ${sys.usb.controller}' action=sys.usb.config=adb && sys.usb.configfs=1 && sys.usb.ffs.ready=1 (/system/etc/init/hw/init.usb.configfs.rc:24) took 0ms and failed: property 'sys.usb.controller' doesn't exist while expanding '${sys.usb.controller}'
[57194.041821] read descriptors
[57194.041940] read strings
[57194.043969] init: processing action (sys.usb.config=adb && sys.usb.configfs=1 && sys.usb.ffs.ready=1) from (/system/etc/init/hw/init.usb.configfs.rc:21)
[57194.047968] init: Command 'symlink /config/usb_gadget/g1/functions/ffs.adb /config/usb_gadget/g1/configs/b.1/f1' action=sys.usb.config=adb && sys.usb.configfs=1 && sys.usb.ffs.ready=1 (/system/etc/init/hw/init.usb.configfs.rc:23) took 1ms and failed: symlink() failed: File exists
[57194.048597] init: Command 'write /config/usb_gadget/g1/UDC ${sys.usb.controller}' action=sys.usb.config=adb && sys.usb.configfs=1 && sys.usb.ffs.ready=1 (/system/etc/init/hw/init.usb.configfs.rc:24) took 0ms and failed: property 'sys.usb.controller' doesn't exist while expanding '${sys.usb.controller}'
[57195.091702] read descriptors
[57195.091821] read strings
[57195.093868] init: processing action (sys.usb.config=adb && sys.usb.configfs=1 && sys.usb.ffs.ready=1) from (/system/etc/init/hw/init.usb.configfs.rc:21)
[57196.151780] read descriptors
[57196.151893] read strings
[57197.191671] read descriptors
[57197.191787] read strings
[57197.193682] init: processing action (sys.usb.config=adb && sys.usb.configfs=1 && sys.usb.ffs.ready=1) from (/system/etc/init/hw/init.usb.configfs.rc:21)
[57197.197848] init: Command 'symlink /config/usb_gadget/g1/functions/ffs.adb /config/usb_gadget/g1/configs/b.1/f1' action=sys.usb.config=adb && sys.usb.configfs=1 && sys.usb.ffs.ready=1 (/system/etc/init/hw/init.usb.configfs.rc:23) took 1ms and failed: symlink() failed: File exists
[57197.198514] init: Command 'write /config/usb_gadget/g1/UDC ${sys.usb.controller}' action=sys.usb.config=adb && sys.usb.configfs=1 && sys.usb.ffs.ready=1 (/system/etc/init/hw/init.usb.configfs.rc:24) took 0ms and failed: property 'sys.usb.controller' doesn't exist while expanding '${sys.usb.controller}'
[57198.235158] read descriptors
[57198.235262] read strings
[57198.237326] init: processing action (sys.usb.config=adb && sys.usb.configfs=1 && sys.usb.ffs.ready=1) from (/system/etc/init/hw/init.usb.configfs.rc:21)
[57198.241326] init: Command 'symlink /config/usb_gadget/g1/functions/ffs.adb /config/usb_gadget/g1/configs/b.1/f1' action=sys.usb.config=adb && sys.usb.configfs=1 && sys.usb.ffs.ready=1 (/system/etc/init/hw/init.usb.configfs.rc:23) took 1ms and failed: symlink() failed: File exists
[57198.242002] init: Command 'write /config/usb_gadget/g1/UDC ${sys.usb.controller}' action=sys.usb.config=adb && sys.usb.configfs=1 && sys.usb.ffs.ready=1 (/system/etc/init/hw/init.usb.configfs.rc:24) took 0ms and failed: property 'sys.usb.controller' doesn't exist while expanding '${sys.usb.controller}'
[57199.281909] read descriptors
[57199.282028] read strings
[57199.284125] init: processing action (sys.usb.config=adb && sys.usb.configfs=1 && sys.usb.ffs.ready=1) from (/system/etc/init/hw/init.usb.configfs.rc:21)
[57199.288032] init: Command 'symlink /config/usb_gadget/g1/functions/ffs.adb /config/usb_gadget/g1/configs/b.1/f1' action=sys.usb.config=adb && sys.usb.configfs=1 && sys.usb.ffs.ready=1 (/system/etc/init/hw/init.usb.configfs.rc:23) took 1ms and failed: symlink() failed: File exists
[57199.288653] init: Command 'write /config/usb_gadget/g1/UDC ${sys.usb.controller}' action=sys.usb.config=adb && sys.usb.configfs=1 && sys.usb.ffs.ready=1 (/system/etc/init/hw/init.usb.configfs.rc:24) took 0ms and failed: property 'sys.usb.controller' doesn't exist while expanding '${sys.usb.controller}'
[57200.321716] read descriptors
[57200.321827] read strings
[57200.323743] init: processing action (sys.usb.config=adb && sys.usb.configfs=1 && sys.usb.ffs.ready=1) from (/system/etc/init/hw/init.usb.configfs.rc:21)
[57200.813135] AICWFDBG(LOGTRACE)\x09>>> rwnx_cfg80211_scan()
[57200.813211] AICWFDBG(LOGTRACE)\x09>>> rwnx_send_scanu_req()
[57200.813238] AICWFDBG(LOGDEBUG)\x09scan channel:1(2412) \x0d
[57200.813263] AICWFDBG(LOGDEBUG)\x09scan channel:2(2417) \x0d
[57200.813278] AICWFDBG(LOGDEBUG)\x09scan channel:3(2422) \x0d
[57200.813293] AICWFDBG(LOGDEBUG)\x09scan channel:4(2427) \x0d
[57200.813308] AICWFDBG(LOGDEBUG)\x09scan channel:5(2432) \x0d
[57200.813328] AICWFDBG(LOGDEBUG)\x09scan channel:6(2437) \x0d
[57200.813343] AICWFDBG(LOGDEBUG)\x09scan channel:7(2442) \x0d
[57200.813358] AICWFDBG(LOGDEBUG)\x09scan channel:8(2447) \x0d
[57200.813372] AICWFDBG(LOGDEBUG)\x09scan channel:9(2452) \x0d
[57200.813392] AICWFDBG(LOGDEBUG)\x09scan channel:10(2457) \x0d
[57200.813407] AICWFDBG(LOGDEBUG)\x09scan channel:11(2462) \x0d
[57200.813422] AICWFDBG(LOGDEBUG)\x09scan channel:12(2467) \x0d
[57200.813437] AICWFDBG(LOGDEBUG)\x09scan channel:13(2472) \x0d
[57200.813457] AICWFDBG(LOGDEBUG)\x09scan channel:36(5180) \x0d
[57200.813472] AICWFDBG(LOGDEBUG)\x09scan channel:40(5200) \x0d
[57200.813488] AICWFDBG(LOGDEBUG)\x09scan channel:44(5220) \x0d
[57200.813511] AICWFDBG(LOGDEBUG)\x09scan channel:48(5240) \x0d
[57200.813526] AICWFDBG(LOGDEBUG)\x09scan channel:52(5260) \x0d
[57200.813540] AICWFDBG(LOGDEBUG)\x09scan channel:56(5280) \x0d
[57200.813555] AICWFDBG(LOGDEBUG)\x09scan channel:60(5300) \x0d
[57200.813578] AICWFDBG(LOGDEBUG)\x09scan channel:64(5320) \x0d
[57200.813593] AICWFDBG(LOGDEBUG)\x09scan channel:149(5745) \x0d
[57200.813607] AICWFDBG(LOGDEBUG)\x09scan channel:153(5765) \x0d
[57200.813622] AICWFDBG(LOGDEBUG)\x09scan channel:157(5785) \x0d
[57200.813648] AICWFDBG(LOGDEBUG)\x09scan channel:161(5805) \x0d
[57200.813662] AICWFDBG(LOGDEBUG)\x09scan channel:165(5825) \x0d
[57200.813683] AICWFDBG(LOGTRACE)\x09rwnx_send_msg (4105)SCANU_START_CFM_ADDTIONAL reqcfm:1 in_irq:0 in_softirq:0 in_atomic:0\x0d
[57200.813718] AICWFDBG(LOGTRACE)\x09rwnx_cmd_malloc get cmd_array[0]:00000000f100465a \x0d
[57200.814541] AICWFDBG(LOGDEBUG)\x09rwnx_rx_handle_msg msg->id:0x1009 \x0d
[57200.816208] AICWFDBG(LOGTRACE)\x09rwnx_cmd_free cmd_array[0]:00000000f100465a \x0d
[57200.823272] AICWFDBG(LOGDEBUG)\x09rwnx_rx_handle_msg msg->id:0x1004 \x0d
[57200.833583] AICWFDBG(LOGDEBUG)\x09rwnx_rx_handle_msg msg->id:0x1004 \x0d
[57200.869568] AICWFDBG(LOGDEBUG)\x09rwnx_rx_handle_msg msg->id:0x4f \x0d
[57200.876467] AICWFDBG(LOGDEBUG)\x09rwnx_rx_handle_msg msg->id:0x1004 \x0d
[57200.887124] AICWFDBG(LOGDEBUG)\x09rwnx_rx_handle_msg msg->id:0x1004 \x0d
[57200.896044] AICWFDBG(LOGDEBUG)\x09rwnx_rx_handle_msg msg->id:0x1004 \x0d
[57200.904727] AICWFDBG(LOGDEBUG)\x09rwnx_rx_handle_msg msg->id:0x4f \x0d
[57200.916508] AICWFDBG(LOGDEBUG)\x09rwnx_rx_handle_msg msg->id:0x1004 \x0d
[57200.939764] AICWFDBG(LOGDEBUG)\x09rwnx_rx_handle_msg msg->id:0x4f \x0d
[57200.974758] AICWFDBG(LOGDEBUG)\x09rwnx_rx_handle_msg msg->id:0x4f \x0d
[57201.009775] AICWFDBG(LOGDEBUG)\x09rwnx_rx_handle_msg msg->id:0x4f \x0d
[57201.064810] AICWFDBG(LOGDEBUG)\x09rwnx_rx_handle_msg msg->id:0x4f \x0d
[57201.099813] AICWFDBG(LOGDEBUG)\x09rwnx_rx_handle_msg msg->id:0x4f \x0d
[57201.134832] AICWFDBG(LOGDEBUG)\x09rwnx_rx_handle_msg msg->id:0x4f \x0d
[57201.137186] AICWFDBG(LOGDEBUG)\x09rwnx_rx_handle_msg msg->id:0x1004 \x0d
[57201.137805] AICWFDBG(LOGDEBUG)\x09rwnx_rx_handle_msg msg->id:0x1004 \x0d
[57201.169863] AICWFDBG(LOGDEBUG)\x09rwnx_rx_handle_msg msg->id:0x4f \x0d
[57201.204887] AICWFDBG(LOGDEBUG)\x09rwnx_rx_handle_msg msg->id:0x4f \x0d
[57201.224873] AICWFDBG(LOGDEBUG)\x09rwnx_rx_handle_msg msg->id:0x1004 \x0d
[57201.259893] AICWFDBG(LOGDEBUG)\x09rwnx_rx_handle_msg msg->id:0x4f \x0d
[57201.294937] AICWFDBG(LOGDEBUG)\x09rwnx_rx_handle_msg msg->id:0x4f \x0d
[57201.349983] AICWFDBG(LOGDEBUG)\x09rwnx_rx_handle_msg msg->id:0x4f \x0d
[57201.352052] AICWFDBG(LOGDEBUG)\x09rwnx_rx_handle_msg msg->id:0x1004 \x0d
[57201.375150] read descriptors
[57201.375264] read strings
[57201.405012] AICWFDBG(LOGDEBUG)\x09rwnx_rx_handle_msg msg->id:0x4f \x0d
[57201.439916] AICWFDBG(LOGDEBUG)\x09rwnx_rx_handle_msg msg->id:0x4f \x0d
[57201.495027] AICWFDBG(LOGDEBUG)\x09rwnx_rx_handle_msg msg->id:0x4f \x0d
[57201.497127] AICWFDBG(LOGDEBUG)\x09rwnx_rx_handle_msg msg->id:0x1004 \x0d
[57201.507181] AICWFDBG(LOGDEBUG)\x09rwnx_rx_handle_msg msg->id:0x1004 \x0d
[57201.507907] AICWFDBG(LOGDEBUG)\x09rwnx_rx_handle_msg msg->id:0x1004 \x0d
[57201.530069] AICWFDBG(LOGDEBUG)\x09rwnx_rx_handle_msg msg->id:0x4f \x0d
[57201.565082] AICWFDBG(LOGDEBUG)\x09rwnx_rx_handle_msg msg->id:0x4f \x0d
[57201.600092] AICWFDBG(LOGDEBUG)\x09rwnx_rx_handle_msg msg->id:0x4f \x0d
[57201.635106] AICWFDBG(LOGDEBUG)\x09rwnx_rx_handle_msg msg->id:0x4f \x0d
[57201.670157] AICWFDBG(LOGDEBUG)\x09rwnx_rx_handle_msg msg->id:0x4f \x0d
[57201.690086] AICWFDBG(LOGDEBUG)\x09rwnx_rx_handle_msg msg->id:0x1004 \x0d
[57201.705136] AICWFDBG(LOGDEBUG)\x09rwnx_rx_handle_msg msg->id:0x4f \x0d
[57201.760206] AICWFDBG(LOGDEBUG)\x09rwnx_rx_handle_msg msg->id:0x4f \x0d
[57201.815325] AICWFDBG(LOGDEBUG)\x09rwnx_rx_handle_msg msg->id:0x4f \x0d
[57201.870236] AICWFDBG(LOGDEBUG)\x09rwnx_rx_handle_msg msg->id:0x4f \x0d
[57201.905258] AICWFDBG(LOGDEBUG)\x09rwnx_rx_handle_msg msg->id:0x4f \x0d
[57201.905342] AICWFDBG(LOGDEBUG)\x09rwnx_rx_handle_msg msg->id:0x1001 \x0d
[57201.905383] AICWFDBG(LOGTRACE)\x09>>> rwnx_rx_scanu_start_cfm()
[57202.428437] read descriptors
[57202.428537] read strings
[57202.430234] init: processing action (sys.usb.config=adb && sys.usb.configfs=1 && sys.usb.ffs.ready=1) from (/system/etc/init/hw/init.usb.configfs.rc:21)
[57202.434135] init: Command 'symlink /config/usb_gadget/g1/functions/ffs.adb /config/usb_gadget/g1/configs/b.1/f1' action=sys.usb.config=adb && sys.usb.configfs=1 && sys.usb.ffs.ready=1 (/system/etc/init/hw/init.usb.configfs.rc:23) took 1ms and failed: symlink() failed: File exists
[57202.434900] init: Command 'write /config/usb_gadget/g1/UDC ${sys.usb.controller}' action=sys.usb.config=adb && sys.usb.configfs=1 && sys.usb.ffs.ready=1 (/system/etc/init/hw/init.usb.configfs.rc:24) took 0ms and failed: property 'sys.usb.controller' doesn't exist while expanding '${sys.usb.controller}'
[57203.468376] read descriptors
[57203.468471] read strings
[57203.470476] init: processing action (sys.usb.config=adb && sys.usb.configfs=1 && sys.usb.ffs.ready=1) from (/system/etc/init/hw/init.usb.configfs.rc:21)
[57203.474513] init: Command 'symlink /config/usb_gadget/g1/functions/ffs.adb /config/usb_gadget/g1/configs/b.1/f1' action=sys.usb.config=adb && sys.usb.configfs=1 && sys.usb.ffs.ready=1 (/system/etc/init/hw/init.usb.configfs.rc:23) took 1ms and failed: symlink() failed: File exists
[57203.475188] init: Command 'write /config/usb_gadget/g1/UDC ${sys.usb.controller}' action=sys.usb.config=adb && sys.usb.configfs=1 && sys.usb.ffs.ready=1 (/system/etc/init/hw/init.usb.configfs.rc:24) took 0ms and failed: property 'sys.usb.controller' doesn't exist while expanding '${sys.usb.controller}'
[57204.521766] read descriptors
[57204.521884] read strings
[57204.523872] init: processing action (sys.usb.config=adb && sys.usb.configfs=1 && sys.usb.ffs.ready=1) from (/system/etc/init/hw/init.usb.configfs.rc:21)
[57204.527974] init: Command 'symlink /config/usb_gadget/g1/functions/ffs.adb /config/usb_gadget/g1/configs/b.1/f1' action=sys.usb.config=adb && sys.usb.configfs=1 && sys.usb.ffs.ready=1 (/system/etc/init/hw/init.usb.configfs.rc:23) took 1ms and failed: symlink() failed: File exists
[57204.528676] init: Command 'write /config/usb_gadget/g1/UDC ${sys.usb.controller}' action=sys.usb.config=adb && sys.usb.configfs=1 && sys.usb.ffs.ready=1 (/system/etc/init/hw/init.usb.configfs.rc:24) took 0ms and failed: property 'sys.usb.controller' doesn't exist while expanding '${sys.usb.controller}'
[57205.564981] read descriptors
[57205.565099] read strings
[57205.567032] init: processing action (sys.usb.config=adb && sys.usb.configfs=1 && sys.usb.ffs.ready=1) from (/system/etc/init/hw/init.usb.configfs.rc:21)
[57206.611824] read descriptors
[57206.611937] read strings
[57207.668559] read descriptors
[57207.668659] read strings
[57207.670618] init: processing action (sys.usb.config=adb && sys.usb.configfs=1 && sys.usb.ffs.ready=1) from (/system/etc/init/hw/init.usb.configfs.rc:21)
[57207.674845] init: Command 'symlink /config/usb_gadget/g1/functions/ffs.adb /config/usb_gadget/g1/configs/b.1/f1' action=sys.usb.config=adb && sys.usb.configfs=1 && sys.usb.ffs.ready=1 (/system/etc/init/hw/init.usb.configfs.rc:23) took 1ms and failed: symlink() failed: File exists
[57207.675505] init: Command 'write /config/usb_gadget/g1/UDC ${sys.usb.controller}' action=sys.usb.config=adb && sys.usb.configfs=1 && sys.usb.ffs.ready=1 (/system/etc/init/hw/init.usb.configfs.rc:24) took 0ms and failed: property 'sys.usb.controller' doesn't exist while expanding '${sys.usb.controller}'
[57208.741771] read descriptors
[57208.741875] read strings
[57208.743785] init: processing action (sys.usb.config=adb && sys.usb.configfs=1 && sys.usb.ffs.ready=1) from (/system/etc/init/hw/init.usb.configfs.rc:21)
[57208.747781] init: Command 'symlink /config/usb_gadget/g1/functions/ffs.adb /config/usb_gadget/g1/configs/b.1/f1' action=sys.usb.config=adb && sys.usb.configfs=1 && sys.usb.ffs.ready=1 (/system/etc/init/hw/init.usb.configfs.rc:23) took 1ms and failed: symlink() failed: File exists
[57208.748428] init: Command 'write /config/usb_gadget/g1/UDC ${sys.usb.controller}' action=sys.usb.config=adb && sys.usb.configfs=1 && sys.usb.ffs.ready=1 (/system/etc/init/hw/init.usb.configfs.rc:24) took 0ms and failed: property 'sys.usb.controller' doesn't exist while expanding '${sys.usb.controller}'
[57209.787987] read descriptors
[57209.788040] read strings
[57209.789100] init: processing action (sys.usb.config=adb && sys.usb.configfs=1 && sys.usb.ffs.ready=1) from (/system/etc/init/hw/init.usb.configfs.rc:21)
[57209.791194] init: Command 'symlink /config/usb_gadget/g1/functions/ffs.adb /config/usb_gadget/g1/configs/b.1/f1' action=sys.usb.config=adb && sys.usb.configfs=1 && sys.usb.ffs.ready=1 (/system/etc/init/hw/init.usb.configfs.rc:23) took 0ms and failed: symlink() failed: File exists
[57209.791593] init: Command 'write /config/usb_gadget/g1/UDC ${sys.usb.controller}' action=sys.usb.config=adb && sys.usb.configfs=1 && sys.usb.ffs.ready=1 (/system/etc/init/hw/init.usb.configfs.rc:24) took 0ms and failed: property 'sys.usb.controller' doesn't exist while expanding '${sys.usb.controller}'
[57210.825075] read descriptors
[57210.825161] read strings
[57210.826417] init: processing action (sys.usb.config=adb && sys.usb.configfs=1 && sys.usb.ffs.ready=1) from (/system/etc/init/hw/init.usb.configfs.rc:21)
[57210.826889] AICWFDBG(LOGTRACE)\x09>>> rwnx_cfg80211_scan()
[57210.826923] AICWFDBG(LOGTRACE)\x09>>> rwnx_send_scanu_req()
[57210.826937] AICWFDBG(LOGDEBUG)\x09scan channel:1(2412) \x0d
[57210.826954] AICWFDBG(LOGDEBUG)\x09scan channel:2(2417) \x0d
[57210.826964] AICWFDBG(LOGDEBUG)\x09scan channel:3(2422) \x0d
[57210.826973] AICWFDBG(LOGDEBUG)\x09scan channel:4(2427) \x0d
[57210.827084] AICWFDBG(LOGDEBUG)\x09scan channel:5(2432) \x0d
[57210.827099] AICWFDBG(LOGDEBUG)\x09scan channel:6(2437) \x0d
[57210.827109] AICWFDBG(LOGDEBUG)\x09scan channel:7(2442) \x0d
[57210.827118] AICWFDBG(LOGDEBUG)\x09scan channel:8(2447) \x0d
[57210.827127] AICWFDBG(LOGDEBUG)\x09scan channel:9(2452) \x0d
[57210.827145] AICWFDBG(LOGDEBUG)\x09scan channel:10(2457) \x0d
[57210.827154] AICWFDBG(LOGDEBUG)\x09scan channel:11(2462) \x0d
[57210.827163] AICWFDBG(LOGDEBUG)\x09scan channel:12(2467) \x0d
[57210.827172] AICWFDBG(LOGDEBUG)\x09scan channel:13(2472) \x0d
[57210.827182] AICWFDBG(LOGDEBUG)\x09scan channel:36(5180) \x0d
[57210.827191] AICWFDBG(LOGDEBUG)\x09scan channel:40(5200) \x0d
[57210.827206] AICWFDBG(LOGDEBUG)\x09scan channel:44(5220) \x0d
[57210.827215] AICWFDBG(LOGDEBUG)\x09scan channel:48(5240) \x0d
[57210.827224] AICWFDBG(LOGDEBUG)\x09scan channel:52(5260) \x0d
[57210.827233] AICWFDBG(LOGDEBUG)\x09scan channel:56(5280) \x0d
[57210.827242] AICWFDBG(LOGDEBUG)\x09scan channel:60(5300) \x0d
[57210.827251] AICWFDBG(LOGDEBUG)\x09scan channel:64(5320) \x0d
[57210.827260] AICWFDBG(LOGDEBUG)\x09scan channel:149(5745) \x0d
[57210.827361] AICWFDBG(LOGDEBUG)\x09scan channel:153(5765) \x0d
[57210.827370] AICWFDBG(LOGDEBUG)\x09scan channel:157(5785) \x0d
[57210.827379] AICWFDBG(LOGDEBUG)\x09scan channel:161(5805) \x0d
[57210.827389] AICWFDBG(LOGDEBUG)\x09scan channel:165(5825) \x0d
[57210.827410] AICWFDBG(LOGTRACE)\x09rwnx_send_msg (4105)SCANU_START_CFM_ADDTIONAL reqcfm:1 in_irq:0 in_softirq:0 in_atomic:0\x0d
[57210.827429] AICWFDBG(LOGTRACE)\x09rwnx_cmd_malloc get cmd_array[0]:00000000f100465a \x0d
[57210.828120] AICWFDBG(LOGDEBUG)\x09rwnx_rx_handle_msg msg->id:0x1009 \x0d
[57210.828901] AICWFDBG(LOGTRACE)\x09rwnx_cmd_free cmd_array[0]:00000000f100465a \x0d
[57210.883284] AICWFDBG(LOGDEBUG)\x09rwnx_rx_handle_msg msg->id:0x4f \x0d
[57210.890363] AICWFDBG(LOGDEBUG)\x09rwnx_rx_handle_msg msg->id:0x1004 \x0d
[57210.918258] AICWFDBG(LOGDEBUG)\x09rwnx_rx_handle_msg msg->id:0x4f \x0d
[57210.926810] AICWFDBG(LOGDEBUG)\x09rwnx_rx_handle_msg msg->id:0x1004 \x0d
[57210.931056] AICWFDBG(LOGDEBUG)\x09rwnx_rx_handle_msg msg->id:0x1004 \x0d
[57210.938314] AICWFDBG(LOGDEBUG)\x09rwnx_rx_handle_msg msg->id:0x1004 \x0d
[57210.953206] AICWFDBG(LOGDEBUG)\x09rwnx_rx_handle_msg msg->id:0x4f \x0d
[57210.988282] AICWFDBG(LOGDEBUG)\x09rwnx_rx_handle_msg msg->id:0x4f \x0d
[57211.023264] AICWFDBG(LOGDEBUG)\x09rwnx_rx_handle_msg msg->id:0x4f \x0d
[57211.078411] AICWFDBG(LOGDEBUG)\x09rwnx_rx_handle_msg msg->id:0x4f \x0d
[57211.113426] AICWFDBG(LOGDEBUG)\x09rwnx_rx_handle_msg msg->id:0x4f \x0d
[57211.129329] AICWFDBG(LOGDEBUG)\x09rwnx_rx_handle_msg msg->id:0x1004 \x0d
[57211.148585] AICWFDBG(LOGDEBUG)\x09rwnx_rx_handle_msg msg->id:0x4f \x0d
[57211.151642] AICWFDBG(LOGDEBUG)\x09rwnx_rx_handle_msg msg->id:0x1004 \x0d
[57211.152739] AICWFDBG(LOGDEBUG)\x09rwnx_rx_handle_msg msg->id:0x1004 \x0d
[57211.153683] AICWFDBG(LOGDEBUG)\x09rwnx_rx_handle_msg msg->id:0x1004 \x0d
[57211.183647] AICWFDBG(LOGDEBUG)\x09rwnx_rx_handle_msg msg->id:0x4f \x0d
[57211.218667] AICWFDBG(LOGDEBUG)\x09rwnx_rx_handle_msg msg->id:0x4f \x0d
[57211.253109] AICWFDBG(LOGDEBUG)\x09rwnx_rx_handle_msg msg->id:0x1004 \x0d
[57211.260064] AICWFDBG(LOGDEBUG)\x09rwnx_rx_handle_msg msg->id:0x1004 \x0d
[57211.273785] AICWFDBG(LOGDEBUG)\x09rwnx_rx_handle_msg msg->id:0x4f \x0d
[57211.308702] AICWFDBG(LOGDEBUG)\x09rwnx_rx_handle_msg msg->id:0x4f \x0d
[57211.363757] AICWFDBG(LOGDEBUG)\x09rwnx_rx_handle_msg msg->id:0x4f \x0d
[57211.365553] AICWFDBG(LOGDEBUG)\x09rwnx_rx_handle_msg msg->id:0x1004 \x0d
[57211.418804] AICWFDBG(LOGDEBUG)\x09rwnx_rx_handle_msg msg->id:0x4f \x0d
[57211.453802] AICWFDBG(LOGDEBUG)\x09rwnx_rx_handle_msg msg->id:0x4f \x0d
[57211.508804] AICWFDBG(LOGDEBUG)\x09rwnx_rx_handle_msg msg->id:0x4f \x0d
[57211.511025] AICWFDBG(LOGDEBUG)\x09rwnx_rx_handle_msg msg->id:0x1004 \x0d
[57211.542250] AICWFDBG(LOGDEBUG)\x09rwnx_rx_handle_msg msg->id:0x1004 \x0d
[57211.542889] AICWFDBG(LOGDEBUG)\x09rwnx_rx_handle_msg msg->id:0x1004 \x0d
[57211.543761] AICWFDBG(LOGDEBUG)\x09rwnx_rx_handle_msg msg->id:0x4f \x0d
[57211.578746] AICWFDBG(LOGDEBUG)\x09rwnx_rx_handle_msg msg->id:0x4f \x0d
[57211.613928] AICWFDBG(LOGDEBUG)\x09rwnx_rx_handle_msg msg->id:0x4f \x0d
[57211.648890] AICWFDBG(LOGDEBUG)\x09rwnx_rx_handle_msg msg->id:0x4f \x0d
[57211.683942] AICWFDBG(LOGDEBUG)\x09rwnx_rx_handle_msg msg->id:0x4f \x0d
[57211.718957] AICWFDBG(LOGDEBUG)\x09rwnx_rx_handle_msg msg->id:0x4f \x0d
[57211.773979] AICWFDBG(LOGDEBUG)\x09rwnx_rx_handle_msg msg->id:0x4f \x0d
[57211.828989] AICWFDBG(LOGDEBUG)\x09rwnx_rx_handle_msg msg->id:0x4f \x0d
[57211.884016] AICWFDBG(LOGDEBUG)\x09rwnx_rx_handle_msg msg->id:0x4f \x0d
[57211.891767] read descriptors
[57211.891878] read strings
[57211.919079] AICWFDBG(LOGDEBUG)\x09rwnx_rx_handle_msg msg->id:0x4f \x0d
[57211.919207] AICWFDBG(LOGDEBUG)\x09rwnx_rx_handle_msg msg->id:0x1001 \x0d
[57211.919246] AICWFDBG(LOGTRACE)\x09>>> rwnx_rx_scanu_start_cfm()
[57212.968330] read descriptors
[57212.968429] read strings
[57212.970109] init: processing action (sys.usb.config=adb && sys.usb.configfs=1 && sys.usb.ffs.ready=1) from (/system/etc/init/hw/init.usb.configfs.rc:21)
[57212.974069] init: Command 'symlink /config/usb_gadget/g1/functions/ffs.adb /config/usb_gadget/g1/configs/b.1/f1' action=sys.usb.config=adb && sys.usb.configfs=1 && sys.usb.ffs.ready=1 (/system/etc/init/hw/init.usb.configfs.rc:23) took 1ms and failed: symlink() failed: File exists
[57212.974811] init: Command 'write /config/usb_gadget/g1/UDC ${sys.usb.controller}' action=sys.usb.config=adb && sys.usb.configfs=1 && sys.usb.ffs.ready=1 (/system/etc/init/hw/init.usb.configfs.rc:24) took 0ms and failed: property 'sys.usb.controller' doesn't exist while expanding '${sys.usb.controller}'
[57214.015191] read descriptors
[57214.015303] read strings
[57214.017306] init: processing action (sys.usb.config=adb && sys.usb.configfs=1 && sys.usb.ffs.ready=1) from (/system/etc/init/hw/init.usb.configfs.rc:21)
[57214.021617] init: Command 'symlink /config/usb_gadget/g1/functions/ffs.adb /config/usb_gadget/g1/configs/b.1/f1' action=sys.usb.config=adb && sys.usb.configfs=1 && sys.usb.ffs.ready=1 (/system/etc/init/hw/init.usb.configfs.rc:23) took 1ms and failed: symlink() failed: File exists
[57214.022282] init: Command 'write /config/usb_gadget/g1/UDC ${sys.usb.controller}' action=sys.usb.config=adb && sys.usb.configfs=1 && sys.usb.ffs.ready=1 (/system/etc/init/hw/init.usb.configfs.rc:24) took 0ms and failed: property 'sys.usb.controller' doesn't exist while expanding '${sys.usb.controller}'
[57215.061675] read descriptors
[57215.061792] read strings
[57215.063899] init: processing action (sys.usb.config=adb && sys.usb.configfs=1 && sys.usb.ffs.ready=1) from (/system/etc/init/hw/init.usb.configfs.rc:21)
[57215.067844] init: Command 'symlink /config/usb_gadget/g1/functions/ffs.adb /config/usb_gadget/g1/configs/b.1/f1' action=sys.usb.config=adb && sys.usb.configfs=1 && sys.usb.ffs.ready=1 (/system/etc/init/hw/init.usb.configfs.rc:23) took 1ms and failed: symlink() failed: File exists
[57215.068476] init: Command 'write /config/usb_gadget/g1/UDC ${sys.usb.controller}' action=sys.usb.config=adb && sys.usb.configfs=1 && sys.usb.ffs.ready=1 (/system/etc/init/hw/init.usb.configfs.rc:24) took 0ms and failed: property 'sys.usb.controller' doesn't exist while expanding '${sys.usb.controller}'
[57216.105046] read descriptors
[57216.105147] read strings
[57216.107219] init: processing action (sys.usb.config=adb && sys.usb.configfs=1 && sys.usb.ffs.ready=1) from (/system/etc/init/hw/init.usb.configfs.rc:21)
[57217.168389] read descriptors
[57217.168488] read strings
[57218.208359] read descriptors
[57218.208454] read strings
[57218.210249] init: processing action (sys.usb.config=adb && sys.usb.configfs=1 && sys.usb.ffs.ready=1) from (/system/etc/init/hw/init.usb.configfs.rc:21)
[57218.214355] init: Command 'symlink /config/usb_gadget/g1/functions/ffs.adb /config/usb_gadget/g1/configs/b.1/f1' action=sys.usb.config=adb && sys.usb.configfs=1 && sys.usb.ffs.ready=1 (/system/etc/init/hw/init.usb.configfs.rc:23) took 1ms and failed: symlink() failed: File exists
[57218.215033] init: Command 'write /config/usb_gadget/g1/UDC ${sys.usb.controller}' action=sys.usb.config=adb && sys.usb.configfs=1 && sys.usb.ffs.ready=1 (/system/etc/init/hw/init.usb.configfs.rc:24) took 0ms and failed: property 'sys.usb.controller' doesn't exist while expanding '${sys.usb.controller}'
[57219.265248] read descriptors
[57219.265370] read strings
[57219.267286] init: processing action (sys.usb.config=adb && sys.usb.configfs=1 && sys.usb.ffs.ready=1) from (/system/etc/init/hw/init.usb.configfs.rc:21)
[57219.271577] init: Command 'symlink /config/usb_gadget/g1/functions/ffs.adb /config/usb_gadget/g1/configs/b.1/f1' action=sys.usb.config=adb && sys.usb.configfs=1 && sys.usb.ffs.ready=1 (/system/etc/init/hw/init.usb.configfs.rc:23) took 1ms and failed: symlink() failed: File exists
[57219.272238] init: Command 'write /config/usb_gadget/g1/UDC ${sys.usb.controller}' action=sys.usb.config=adb && sys.usb.configfs=1 && sys.usb.ffs.ready=1 (/system/etc/init/hw/init.usb.configfs.rc:24) took 0ms and failed: property 'sys.usb.controller' doesn't exist while expanding '${sys.usb.controller}'
[57220.358432] read descriptors
[57220.358546] read strings
[57220.360554] init: processing action (sys.usb.config=adb && sys.usb.configfs=1 && sys.usb.ffs.ready=1) from (/system/etc/init/hw/init.usb.configfs.rc:21)
[57220.364594] init: Command 'symlink /config/usb_gadget/g1/functions/ffs.adb /config/usb_gadget/g1/configs/b.1/f1' action=sys.usb.config=adb && sys.usb.configfs=1 && sys.usb.ffs.ready=1 (/system/etc/init/hw/init.usb.configfs.rc:23) took 1ms and failed: symlink() failed: File exists
[57220.365281] init: Command 'write /config/usb_gadget/g1/UDC ${sys.usb.controller}' action=sys.usb.config=adb && sys.usb.configfs=1 && sys.usb.ffs.ready=1 (/system/etc/init/hw/init.usb.configfs.rc:24) took 0ms and failed: property 'sys.usb.controller' doesn't exist while expanding '${sys.usb.controller}'
[57220.818462] AICWFDBG(LOGTRACE)\x09>>> rwnx_cfg80211_scan()
[57220.818534] AICWFDBG(LOGTRACE)\x09>>> rwnx_send_scanu_req()
[57220.818557] AICWFDBG(LOGDEBUG)\x09scan channel:1(2412) \x0d
[57220.818580] AICWFDBG(LOGDEBUG)\x09scan channel:2(2417) \x0d
[57220.818596] AICWFDBG(LOGDEBUG)\x09scan channel:3(2422) \x0d
[57220.818612] AICWFDBG(LOGDEBUG)\x09scan channel:4(2427) \x0d
[57220.818633] AICWFDBG(LOGDEBUG)\x09scan channel:5(2432) \x0d
[57220.818648] AICWFDBG(LOGDEBUG)\x09scan channel:6(2437) \x0d
[57220.818664] AICWFDBG(LOGDEBUG)\x09scan channel:7(2442) \x0d
[57220.818680] AICWFDBG(LOGDEBUG)\x09scan channel:8(2447) \x0d
[57220.818701] AICWFDBG(LOGDEBUG)\x09scan channel:9(2452) \x0d
[57220.818716] AICWFDBG(LOGDEBUG)\x09scan channel:10(2457) \x0d
[57220.818732] AICWFDBG(LOGDEBUG)\x09scan channel:11(2462) \x0d
[57220.818747] AICWFDBG(LOGDEBUG)\x09scan channel:12(2467) \x0d
[57220.818769] AICWFDBG(LOGDEBUG)\x09scan channel:13(2472) \x0d
[57220.818784] AICWFDBG(LOGDEBUG)\x09scan channel:36(5180) \x0d
[57220.818799] AICWFDBG(LOGDEBUG)\x09scan channel:40(5200) \x0d
[57220.818814] AICWFDBG(LOGDEBUG)\x09scan channel:44(5220) \x0d
[57220.818833] AICWFDBG(LOGDEBUG)\x09scan channel:48(5240) \x0d
[57220.818848] AICWFDBG(LOGDEBUG)\x09scan channel:52(5260) \x0d
[57220.818863] AICWFDBG(LOGDEBUG)\x09scan channel:56(5280) \x0d
[57220.818878] AICWFDBG(LOGDEBUG)\x09scan channel:60(5300) \x0d
[57220.818897] AICWFDBG(LOGDEBUG)\x09scan channel:64(5320) \x0d
[57220.818912] AICWFDBG(LOGDEBUG)\x09scan channel:149(5745) \x0d
[57220.818927] AICWFDBG(LOGDEBUG)\x09scan channel:153(5765) \x0d
[57220.818942] AICWFDBG(LOGDEBUG)\x09scan channel:157(5785) \x0d
[57220.818958] AICWFDBG(LOGDEBUG)\x09scan channel:161(5805) \x0d
[57220.818973] AICWFDBG(LOGDEBUG)\x09scan channel:165(5825) \x0d
[57220.818994] AICWFDBG(LOGTRACE)\x09rwnx_send_msg (4105)SCANU_START_CFM_ADDTIONAL reqcfm:1 in_irq:0 in_softirq:0 in_atomic:0\x0d
[57220.819030] AICWFDBG(LOGTRACE)\x09rwnx_cmd_malloc get cmd_array[0]:00000000f100465a \x0d
[57220.819814] AICWFDBG(LOGDEBUG)\x09rwnx_rx_handle_msg msg->id:0x1009 \x0d
[57220.820010] AICWFDBG(LOGTRACE)\x09rwnx_cmd_free cmd_array[0]:00000000f100465a \x0d
[57220.837008] AICWFDBG(LOGDEBUG)\x09rwnx_rx_handle_msg msg->id:0x1004 \x0d
[57220.849640] AICWFDBG(LOGDEBUG)\x09rwnx_rx_handle_msg msg->id:0x1004 \x0d
[57220.863647] AICWFDBG(LOGDEBUG)\x09rwnx_rx_handle_msg msg->id:0x1004 \x0d
[57220.865374] AICWFDBG(LOGDEBUG)\x09rwnx_rx_handle_msg msg->id:0x1004 \x0d
[57220.872941] AICWFDBG(LOGDEBUG)\x09rwnx_rx_handle_msg msg->id:0x1004 \x0d
[57220.874902] AICWFDBG(LOGDEBUG)\x09rwnx_rx_handle_msg msg->id:0x4f \x0d
[57220.881692] AICWFDBG(LOGDEBUG)\x09rwnx_rx_handle_msg msg->id:0x1004 \x0d
[57220.898619] AICWFDBG(LOGDEBUG)\x09rwnx_rx_handle_msg msg->id:0x1004 \x0d
[57220.909555] AICWFDBG(LOGDEBUG)\x09rwnx_rx_handle_msg msg->id:0x1004 \x0d
[57220.909882] AICWFDBG(LOGDEBUG)\x09rwnx_rx_handle_msg msg->id:0x4f \x0d
[57220.916843] AICWFDBG(LOGDEBUG)\x09rwnx_rx_handle_msg msg->id:0x1004 \x0d
[57220.945001] AICWFDBG(LOGDEBUG)\x09rwnx_rx_handle_msg msg->id:0x4f \x0d
[57220.957017] AICWFDBG(LOGDEBUG)\x09rwnx_rx_handle_msg msg->id:0x1004 \x0d
[57220.980001] AICWFDBG(LOGDEBUG)\x09rwnx_rx_handle_msg msg->id:0x4f \x0d
[57221.015021] AICWFDBG(LOGDEBUG)\x09rwnx_rx_handle_msg msg->id:0x4f \x0d
[57221.070071] AICWFDBG(LOGDEBUG)\x09rwnx_rx_handle_msg msg->id:0x4f \x0d
[57221.104978] AICWFDBG(LOGDEBUG)\x09rwnx_rx_handle_msg msg->id:0x4f \x0d
[57221.140119] AICWFDBG(LOGDEBUG)\x09rwnx_rx_handle_msg msg->id:0x4f \x0d
[57221.144736] AICWFDBG(LOGDEBUG)\x09rwnx_rx_handle_msg msg->id:0x1004 \x0d
[57221.145243] AICWFDBG(LOGDEBUG)\x09rwnx_rx_handle_msg msg->id:0x1004 \x0d
[57221.175120] AICWFDBG(LOGDEBUG)\x09rwnx_rx_handle_msg msg->id:0x4f \x0d
[57221.210137] AICWFDBG(LOGDEBUG)\x09rwnx_rx_handle_msg msg->id:0x4f \x0d
[57221.265169] AICWFDBG(LOGDEBUG)\x09rwnx_rx_handle_msg msg->id:0x4f \x0d
[57221.300193] AICWFDBG(LOGDEBUG)\x09rwnx_rx_handle_msg msg->id:0x4f \x0d
[57221.355224] AICWFDBG(LOGDEBUG)\x09rwnx_rx_handle_msg msg->id:0x4f \x0d
[57221.357175] AICWFDBG(LOGDEBUG)\x09rwnx_rx_handle_msg msg->id:0x1004 \x0d
[57221.388464] AICWFDBG(LOGDEBUG)\x09rwnx_rx_handle_msg msg->id:0x1004 \x0d
[57221.410263] AICWFDBG(LOGDEBUG)\x09rwnx_rx_handle_msg msg->id:0x4f \x0d
[57221.425018] read descriptors
[57221.425134] read strings
[57221.427189] init: processing action (sys.usb.config=adb && sys.usb.configfs=1 && sys.usb.ffs.ready=1) from (/system/etc/init/hw/init.usb.configfs.rc:21)
[57221.445294] AICWFDBG(LOGDEBUG)\x09rwnx_rx_handle_msg msg->id:0x4f \x0d
[57221.500303] AICWFDBG(LOGDEBUG)\x09rwnx_rx_handle_msg msg->id:0x4f \x0d
[57221.502772] AICWFDBG(LOGDEBUG)\x09rwnx_rx_handle_msg msg->id:0x1004 \x0d
[57221.535330] AICWFDBG(LOGDEBUG)\x09rwnx_rx_handle_msg msg->id:0x4f \x0d
[57221.570337] AICWFDBG(LOGDEBUG)\x09rwnx_rx_handle_msg msg->id:0x4f \x0d
[57221.605339] AICWFDBG(LOGDEBUG)\x09rwnx_rx_handle_msg msg->id:0x4f \x0d
[57221.640426] AICWFDBG(LOGDEBUG)\x09rwnx_rx_handle_msg msg->id:0x4f \x0d
[57221.675280] AICWFDBG(LOGDEBUG)\x09rwnx_rx_handle_msg msg->id:0x4f \x0d
[57221.710284] AICWFDBG(LOGDEBUG)\x09rwnx_rx_handle_msg msg->id:0x4f \x0d
[57221.765458] AICWFDBG(LOGDEBUG)\x09rwnx_rx_handle_msg msg->id:0x4f \x0d
[57221.820450] AICWFDBG(LOGDEBUG)\x09rwnx_rx_handle_msg msg->id:0x4f \x0d
[57221.875480] AICWFDBG(LOGDEBUG)\x09rwnx_rx_handle_msg msg->id:0x4f \x0d
[57221.910567] AICWFDBG(LOGDEBUG)\x09rwnx_rx_handle_msg msg->id:0x4f \x0d
[57221.910674] AICWFDBG(LOGDEBUG)\x09rwnx_rx_handle_msg msg->id:0x1001 \x0d
[57221.910703] AICWFDBG(LOGTRACE)\x09>>> rwnx_rx_scanu_start_cfm()
[57222.465080] read descriptors
[57222.465199] read strings
[57223.501339] read descriptors
[57223.501408] read strings
[57223.502485] init: processing action (sys.usb.config=adb && sys.usb.configfs=1 && sys.usb.ffs.ready=1) from (/system/etc/init/hw/init.usb.configfs.rc:21)
[57223.504727] init: Command 'symlink /config/usb_gadget/g1/functions/ffs.adb /config/usb_gadget/g1/configs/b.1/f1' action=sys.usb.config=adb && sys.usb.configfs=1 && sys.usb.ffs.ready=1 (/system/etc/init/hw/init.usb.configfs.rc:23) took 0ms and failed: symlink() failed: File exists
[57223.505101] init: Command 'write /config/usb_gadget/g1/UDC ${sys.usb.controller}' action=sys.usb.config=adb && sys.usb.configfs=1 && sys.usb.ffs.ready=1 (/system/etc/init/hw/init.usb.configfs.rc:24) took 0ms and failed: property 'sys.usb.controller' doesn't exist while expanding '${sys.usb.controller}'
[57224.548483] read descriptors
[57224.548576] read strings
[57224.550522] init: processing action (sys.usb.config=adb && sys.usb.configfs=1 && sys.usb.ffs.ready=1) from (/system/etc/init/hw/init.usb.configfs.rc:21)
[57224.554542] init: Command 'symlink /config/usb_gadget/g1/functions/ffs.adb /config/usb_gadget/g1/configs/b.1/f1' action=sys.usb.config=adb && sys.usb.configfs=1 && sys.usb.ffs.ready=1 (/system/etc/init/hw/init.usb.configfs.rc:23) took 1ms and failed: symlink() failed: File exists
[57224.555217] init: Command 'write /config/usb_gadget/g1/UDC ${sys.usb.controller}' action=sys.usb.config=adb && sys.usb.configfs=1 && sys.usb.ffs.ready=1 (/system/etc/init/hw/init.usb.configfs.rc:24) took 0ms and failed: property 'sys.usb.controller' doesn't exist while expanding '${sys.usb.controller}'
[57225.625046] read descriptors
[57225.625190] read strings
[57225.627093] init: processing action (sys.usb.config=adb && sys.usb.configfs=1 && sys.usb.ffs.ready=1) from (/system/etc/init/hw/init.usb.configfs.rc:21)
[57225.630781] init: Command 'symlink /config/usb_gadget/g1/functions/ffs.adb /config/usb_gadget/g1/configs/b.1/f1' action=sys.usb.config=adb && sys.usb.configfs=1 && sys.usb.ffs.ready=1 (/system/etc/init/hw/init.usb.configfs.rc:23) took 1ms and failed: symlink() failed: File exists
[57225.631581] init: Command 'write /config/usb_gadget/g1/UDC ${sys.usb.controller}' action=sys.usb.config=adb && sys.usb.configfs=1 && sys.usb.ffs.ready=1 (/system/etc/init/hw/init.usb.configfs.rc:24) took 0ms and failed: property 'sys.usb.controller' doesn't exist while expanding '${sys.usb.controller}'
[57226.668289] read descriptors
[57226.668385] read strings
[57226.670197] init: processing action (sys.usb.config=adb && sys.usb.configfs=1 && sys.usb.ffs.ready=1) from (/system/etc/init/hw/init.usb.configfs.rc:21)
[57227.728420] read descriptors
[57227.728547] read strings
[57228.798427] read descriptors
[57228.798548] read strings
[57228.800537] init: processing action (sys.usb.config=adb && sys.usb.configfs=1 && sys.usb.ffs.ready=1) from (/system/etc/init/hw/init.usb.configfs.rc:21)
[57228.804590] init: Command 'symlink /config/usb_gadget/g1/functions/ffs.adb /config/usb_gadget/g1/configs/b.1/f1' action=sys.usb.config=adb && sys.usb.configfs=1 && sys.usb.ffs.ready=1 (/system/etc/init/hw/init.usb.configfs.rc:23) took 1ms and failed: symlink() failed: File exists
[57228.805284] init: Command 'write /config/usb_gadget/g1/UDC ${sys.usb.controller}' action=sys.usb.config=adb && sys.usb.configfs=1 && sys.usb.ffs.ready=1 (/system/etc/init/hw/init.usb.configfs.rc:24) took 0ms and failed: property 'sys.usb.controller' doesn't exist while expanding '${sys.usb.controller}'
[57229.855005] read descriptors
[57229.855113] read strings
[57229.857082] init: processing action (sys.usb.config=adb && sys.usb.configfs=1 && sys.usb.ffs.ready=1) from (/system/etc/init/hw/init.usb.configfs.rc:21)
[57229.861112] init: Command 'symlink /config/usb_gadget/g1/functions/ffs.adb /config/usb_gadget/g1/configs/b.1/f1' action=sys.usb.config=adb && sys.usb.configfs=1 && sys.usb.ffs.ready=1 (/system/etc/init/hw/init.usb.configfs.rc:23) took 1ms and failed: symlink() failed: File exists
[57229.861803] init: Command 'write /config/usb_gadget/g1/UDC ${sys.usb.controller}' action=sys.usb.config=adb && sys.usb.configfs=1 && sys.usb.ffs.ready=1 (/system/etc/init/hw/init.usb.configfs.rc:24) took 0ms and failed: property 'sys.usb.controller' doesn't exist while expanding '${sys.usb.controller}'
[57230.834842] AICWFDBG(LOGTRACE)\x09>>> rwnx_cfg80211_scan()
[57230.834930] AICWFDBG(LOGTRACE)\x09>>> rwnx_send_scanu_req()
[57230.834956] AICWFDBG(LOGDEBUG)\x09scan channel:1(2412) \x0d
[57230.834963] AICWFDBG(LOGDEBUG)\x09scan channel:2(2417) \x0d
[57230.834971] AICWFDBG(LOGDEBUG)\x09scan channel:3(2422) \x0d
[57230.834979] AICWFDBG(LOGDEBUG)\x09scan channel:4(2427) \x0d
[57230.834986] AICWFDBG(LOGDEBUG)\x09scan channel:5(2432) \x0d
[57230.834993] AICWFDBG(LOGDEBUG)\x09scan channel:6(2437) \x0d
[57230.835001] AICWFDBG(LOGDEBUG)\x09scan channel:7(2442) \x0d
[57230.835019] AICWFDBG(LOGDEBUG)\x09scan channel:8(2447) \x0d
[57230.835026] AICWFDBG(LOGDEBUG)\x09scan channel:9(2452) \x0d
[57230.835033] AICWFDBG(LOGDEBUG)\x09scan channel:10(2457) \x0d
[57230.835041] AICWFDBG(LOGDEBUG)\x09scan channel:11(2462) \x0d
[57230.835048] AICWFDBG(LOGDEBUG)\x09scan channel:12(2467) \x0d
[57230.835055] AICWFDBG(LOGDEBUG)\x09scan channel:13(2472) \x0d
[57230.835063] AICWFDBG(LOGDEBUG)\x09scan channel:36(5180) \x0d
[57230.835074] AICWFDBG(LOGDEBUG)\x09scan channel:40(5200) \x0d
[57230.835082] AICWFDBG(LOGDEBUG)\x09scan channel:44(5220) \x0d
[57230.835089] AICWFDBG(LOGDEBUG)\x09scan channel:48(5240) \x0d
[57230.835096] AICWFDBG(LOGDEBUG)\x09scan channel:52(5260) \x0d
[57230.835104] AICWFDBG(LOGDEBUG)\x09scan channel:56(5280) \x0d
[57230.835111] AICWFDBG(LOGDEBUG)\x09scan channel:60(5300) \x0d
[57230.835118] AICWFDBG(LOGDEBUG)\x09scan channel:64(5320) \x0d
[57230.835125] AICWFDBG(LOGDEBUG)\x09scan channel:149(5745) \x0d
[57230.835132] AICWFDBG(LOGDEBUG)\x09scan channel:153(5765) \x0d
[57230.835149] AICWFDBG(LOGDEBUG)\x09scan channel:157(5785) \x0d
[57230.835156] AICWFDBG(LOGDEBUG)\x09scan channel:161(5805) \x0d
[57230.835163] AICWFDBG(LOGDEBUG)\x09scan channel:165(5825) \x0d
[57230.835175] AICWFDBG(LOGTRACE)\x09rwnx_send_msg (4105)SCANU_START_CFM_ADDTIONAL reqcfm:1 in_irq:0 in_softirq:0 in_atomic:0\x0d
[57230.835191] AICWFDBG(LOGTRACE)\x09rwnx_cmd_malloc get cmd_array[0]:00000000f100465a \x0d
[57230.835864] AICWFDBG(LOGDEBUG)\x09rwnx_rx_handle_msg msg->id:0x1009 \x0d
[57230.835981] AICWFDBG(LOGTRACE)\x09rwnx_cmd_free cmd_array[0]:00000000f100465a \x0d
[57230.891125] AICWFDBG(LOGDEBUG)\x09rwnx_rx_handle_msg msg->id:0x4f \x0d
[57230.898735] AICWFDBG(LOGDEBUG)\x09rwnx_rx_handle_msg msg->id:0x1004 \x0d
[57230.903539] AICWFDBG(LOGDEBUG)\x09rwnx_rx_handle_msg msg->id:0x1004 \x0d
[57230.908118] read descriptors
[57230.908281] read strings
[57230.909392] init: processing action (sys.usb.config=adb && sys.usb.configfs=1 && sys.usb.ffs.ready=1) from (/system/etc/init/hw/init.usb.configfs.rc:21)
[57230.911381] init: Command 'symlink /config/usb_gadget/g1/functions/ffs.adb /config/usb_gadget/g1/configs/b.1/f1' action=sys.usb.config=adb && sys.usb.configfs=1 && sys.usb.ffs.ready=1 (/system/etc/init/hw/init.usb.configfs.rc:23) took 0ms and failed: symlink() failed: File exists
[57230.911792] init: Command 'write /config/usb_gadget/g1/UDC ${sys.usb.controller}' action=sys.usb.config=adb && sys.usb.configfs=1 && sys.usb.ffs.ready=1 (/system/etc/init/hw/init.usb.configfs.rc:24) took 0ms and failed: property 'sys.usb.controller' doesn't exist while expanding '${sys.usb.controller}'
[57230.926062] AICWFDBG(LOGDEBUG)\x09rwnx_rx_handle_msg msg->id:0x4f \x0d
[57230.942780] AICWFDBG(LOGDEBUG)\x09rwnx_rx_handle_msg msg->id:0x1004 \x0d
[57230.961057] AICWFDBG(LOGDEBUG)\x09rwnx_rx_handle_msg msg->id:0x4f \x0d
[57230.991918] AICWFDBG(LOGDEBUG)\x09rwnx_rx_handle_msg msg->id:0x1004 \x0d
[57230.996016] AICWFDBG(LOGDEBUG)\x09rwnx_rx_handle_msg msg->id:0x4f \x0d
[57231.030992] AICWFDBG(LOGDEBUG)\x09rwnx_rx_handle_msg msg->id:0x4f \x0d
[57231.086061] AICWFDBG(LOGDEBUG)\x09rwnx_rx_handle_msg msg->id:0x4f \x0d
[57231.121074] AICWFDBG(LOGDEBUG)\x09rwnx_rx_handle_msg msg->id:0x4f \x0d
[57231.156080] AICWFDBG(LOGDEBUG)\x09rwnx_rx_handle_msg msg->id:0x4f \x0d
[57231.159753] AICWFDBG(LOGDEBUG)\x09rwnx_rx_handle_msg msg->id:0x1004 \x0d
[57231.162748] AICWFDBG(LOGDEBUG)\x09rwnx_rx_handle_msg msg->id:0x1004 \x0d
[57231.182907] AICWFDBG(LOGDEBUG)\x09rwnx_rx_handle_msg msg->id:0x1004 \x0d
[57231.191035] AICWFDBG(LOGDEBUG)\x09rwnx_rx_handle_msg msg->id:0x4f \x0d
[57231.226121] AICWFDBG(LOGDEBUG)\x09rwnx_rx_handle_msg msg->id:0x4f \x0d
[57231.281121] AICWFDBG(LOGDEBUG)\x09rwnx_rx_handle_msg msg->id:0x4f \x0d
[57231.316105] AICWFDBG(LOGDEBUG)\x09rwnx_rx_handle_msg msg->id:0x4f \x0d
[57231.371273] AICWFDBG(LOGDEBUG)\x09rwnx_rx_handle_msg msg->id:0x4f \x0d
[57231.373177] AICWFDBG(LOGDEBUG)\x09rwnx_rx_handle_msg msg->id:0x1004 \x0d
[57231.423414] AICWFDBG(LOGDEBUG)\x09rwnx_rx_handle_msg msg->id:0x1004 \x0d
[57231.426252] AICWFDBG(LOGDEBUG)\x09rwnx_rx_handle_msg msg->id:0x4f \x0d
[57231.461284] AICWFDBG(LOGDEBUG)\x09rwnx_rx_handle_msg msg->id:0x4f \x0d
[57231.516246] AICWFDBG(LOGDEBUG)\x09rwnx_rx_handle_msg msg->id:0x4f \x0d
[57231.518409] AICWFDBG(LOGDEBUG)\x09rwnx_rx_handle_msg msg->id:0x1004 \x0d
[57231.551259] AICWFDBG(LOGDEBUG)\x09rwnx_rx_handle_msg msg->id:0x4f \x0d
[57231.586265] AICWFDBG(LOGDEBUG)\x09rwnx_rx_handle_msg msg->id:0x4f \x0d
[57231.621337] AICWFDBG(LOGDEBUG)\x09rwnx_rx_handle_msg msg->id:0x4f \x0d
[57231.656360] AICWFDBG(LOGDEBUG)\x09rwnx_rx_handle_msg msg->id:0x4f \x0d
[57231.691417] AICWFDBG(LOGDEBUG)\x09rwnx_rx_handle_msg msg->id:0x4f \x0d
[57231.699229] AICWFDBG(LOGDEBUG)\x09rwnx_rx_handle_msg msg->id:0x1004 \x0d
[57231.726476] AICWFDBG(LOGDEBUG)\x09rwnx_rx_handle_msg msg->id:0x4f \x0d
[57231.781418] AICWFDBG(LOGDEBUG)\x09rwnx_rx_handle_msg msg->id:0x4f \x0d
[57231.836515] AICWFDBG(LOGDEBUG)\x09rwnx_rx_handle_msg msg->id:0x4f \x0d
[57231.891444] AICWFDBG(LOGDEBUG)\x09rwnx_rx_handle_msg msg->id:0x4f \x0d
[57231.926548] AICWFDBG(LOGDEBUG)\x09rwnx_rx_handle_msg msg->id:0x4f \x0d
[57231.926641] AICWFDBG(LOGDEBUG)\x09rwnx_rx_handle_msg msg->id:0x1001 \x0d
[57231.926678] AICWFDBG(LOGTRACE)\x09>>> rwnx_rx_scanu_start_cfm()
[57231.978237] read descriptors
[57231.978326] read strings
[57231.979636] init: processing action (sys.usb.config=adb && sys.usb.configfs=1 && sys.usb.ffs.ready=1) from (/system/etc/init/hw/init.usb.configfs.rc:21)
[57233.041704] read descriptors
[57233.041827] read strings
[57234.088288] read descriptors
[57234.088388] read strings
[57234.090317] init: processing action (sys.usb.config=adb && sys.usb.configfs=1 && sys.usb.ffs.ready=1) from (/system/etc/init/hw/init.usb.configfs.rc:21)
[57234.094333] init: Command 'symlink /config/usb_gadget/g1/functions/ffs.adb /config/usb_gadget/g1/configs/b.1/f1' action=sys.usb.config=adb && sys.usb.configfs=1 && sys.usb.ffs.ready=1 (/system/etc/init/hw/init.usb.configfs.rc:23) took 1ms and failed: symlink() failed: File exists
[57234.095033] init: Command 'write /config/usb_gadget/g1/UDC ${sys.usb.controller}' action=sys.usb.config=adb && sys.usb.configfs=1 && sys.usb.ffs.ready=1 (/system/etc/init/hw/init.usb.configfs.rc:24) took 0ms and failed: property 'sys.usb.controller' doesn't exist while expanding '${sys.usb.controller}'
[57235.158429] read descriptors
[57235.158541] read strings
[57235.160541] init: processing action (sys.usb.config=adb && sys.usb.configfs=1 && sys.usb.ffs.ready=1) from (/system/etc/init/hw/init.usb.configfs.rc:21)
[57235.164556] init: Command 'symlink /config/usb_gadget/g1/functions/ffs.adb /config/usb_gadget/g1/configs/b.1/f1' action=sys.usb.config=adb && sys.usb.configfs=1 && sys.usb.ffs.ready=1 (/system/etc/init/hw/init.usb.configfs.rc:23) took 1ms and failed: symlink() failed: File exists
[57235.165226] init: Command 'write /config/usb_gadget/g1/UDC ${sys.usb.controller}' action=sys.usb.config=adb && sys.usb.configfs=1 && sys.usb.ffs.ready=1 (/system/etc/init/hw/init.usb.configfs.rc:24) took 0ms and failed: property 'sys.usb.controller' doesn't exist while expanding '${sys.usb.controller}'
[57236.201781] read descriptors
[57236.201895] read strings
[57236.203763] init: processing action (sys.usb.config=adb && sys.usb.configfs=1 && sys.usb.ffs.ready=1) from (/system/etc/init/hw/init.usb.configfs.rc:21)
[57236.207807] init: Command 'symlink /config/usb_gadget/g1/functions/ffs.adb /config/usb_gadget/g1/configs/b.1/f1' action=sys.usb.config=adb && sys.usb.configfs=1 && sys.usb.ffs.ready=1 (/system/etc/init/hw/init.usb.configfs.rc:23) took 1ms and failed: symlink() failed: File exists
[57236.208497] init: Command 'write /config/usb_gadget/g1/UDC ${sys.usb.controller}' action=sys.usb.config=adb && sys.usb.configfs=1 && sys.usb.ffs.ready=1 (/system/etc/init/hw/init.usb.configfs.rc:24) took 0ms and failed: property 'sys.usb.controller' doesn't exist while expanding '${sys.usb.controller}'
[57237.241417] read descriptors
[57237.241492] read strings
[57237.242710] init: processing action (sys.usb.config=adb && sys.usb.configfs=1 && sys.usb.ffs.ready=1) from (/system/etc/init/hw/init.usb.configfs.rc:21)
[57238.288297] read descriptors
[57238.288398] read strings
[57239.348427] read descriptors
[57239.348519] read strings
[57239.350298] init: processing action (sys.usb.config=adb && sys.usb.configfs=1 && sys.usb.ffs.ready=1) from (/system/etc/init/hw/init.usb.configfs.rc:21)
[57239.354290] init: Command 'symlink /config/usb_gadget/g1/functions/ffs.adb /config/usb_gadget/g1/configs/b.1/f1' action=sys.usb.config=adb && sys.usb.configfs=1 && sys.usb.ffs.ready=1 (/system/etc/init/hw/init.usb.configfs.rc:23) took 1ms and failed: symlink() failed: File exists
[57239.355027] init: Command 'write /config/usb_gadget/g1/UDC ${sys.usb.controller}' action=sys.usb.config=adb && sys.usb.configfs=1 && sys.usb.ffs.ready=1 (/system/etc/init/hw/init.usb.configfs.rc:24) took 0ms and failed: property 'sys.usb.controller' doesn't exist while expanding '${sys.usb.controller}'
[57240.398433] read descriptors
[57240.398547] read strings
[57240.400535] init: processing action (sys.usb.config=adb && sys.usb.configfs=1 && sys.usb.ffs.ready=1) from (/system/etc/init/hw/init.usb.configfs.rc:21)
[57240.404830] init: Command 'symlink /config/usb_gadget/g1/functions/ffs.adb /config/usb_gadget/g1/configs/b.1/f1' action=sys.usb.config=adb && sys.usb.configfs=1 && sys.usb.ffs.ready=1 (/system/etc/init/hw/init.usb.configfs.rc:23) took 1ms and failed: symlink() failed: File exists
[57240.405487] init: Command 'write /config/usb_gadget/g1/UDC ${sys.usb.controller}' action=sys.usb.config=adb && sys.usb.configfs=1 && sys.usb.ffs.ready=1 (/system/etc/init/hw/init.usb.configfs.rc:24) took 0ms and failed: property 'sys.usb.controller' doesn't exist while expanding '${sys.usb.controller}'
[57240.811529] AICWFDBG(LOGTRACE)\x09>>> rwnx_cfg80211_scan()
[57240.811573] AICWFDBG(LOGTRACE)\x09>>> rwnx_send_scanu_req()
[57240.811598] AICWFDBG(LOGDEBUG)\x09scan channel:1(2412) \x0d
[57240.811607] AICWFDBG(LOGDEBUG)\x09scan channel:2(2417) \x0d
[57240.811615] AICWFDBG(LOGDEBUG)\x09scan channel:3(2422) \x0d
[57240.811623] AICWFDBG(LOGDEBUG)\x09scan channel:4(2427) \x0d
[57240.811630] AICWFDBG(LOGDEBUG)\x09scan channel:5(2432) \x0d
[57240.811637] AICWFDBG(LOGDEBUG)\x09scan channel:6(2437) \x0d
[57240.811645] AICWFDBG(LOGDEBUG)\x09scan channel:7(2442) \x0d
[57240.811658] AICWFDBG(LOGDEBUG)\x09scan channel:8(2447) \x0d
[57240.811666] AICWFDBG(LOGDEBUG)\x09scan channel:9(2452) \x0d
[57240.811674] AICWFDBG(LOGDEBUG)\x09scan channel:10(2457) \x0d
[57240.811681] AICWFDBG(LOGDEBUG)\x09scan channel:11(2462) \x0d
[57240.811689] AICWFDBG(LOGDEBUG)\x09scan channel:12(2467) \x0d
[57240.811697] AICWFDBG(LOGDEBUG)\x09scan channel:13(2472) \x0d
[57240.811705] AICWFDBG(LOGDEBUG)\x09scan channel:36(5180) \x0d
[57240.811721] AICWFDBG(LOGDEBUG)\x09scan channel:40(5200) \x0d
[57240.811729] AICWFDBG(LOGDEBUG)\x09scan channel:44(5220) \x0d
[57240.811736] AICWFDBG(LOGDEBUG)\x09scan channel:48(5240) \x0d
[57240.811744] AICWFDBG(LOGDEBUG)\x09scan channel:52(5260) \x0d
[57240.811751] AICWFDBG(LOGDEBUG)\x09scan channel:56(5280) \x0d
[57240.811759] AICWFDBG(LOGDEBUG)\x09scan channel:60(5300) \x0d
[57240.811766] AICWFDBG(LOGDEBUG)\x09scan channel:64(5320) \x0d
[57240.811774] AICWFDBG(LOGDEBUG)\x09scan channel:149(5745) \x0d
[57240.811789] AICWFDBG(LOGDEBUG)\x09scan channel:153(5765) \x0d
[57240.811797] AICWFDBG(LOGDEBUG)\x09scan channel:157(5785) \x0d
[57240.811805] AICWFDBG(LOGDEBUG)\x09scan channel:161(5805) \x0d
[57240.811813] AICWFDBG(LOGDEBUG)\x09scan channel:165(5825) \x0d
[57240.811825] AICWFDBG(LOGTRACE)\x09rwnx_send_msg (4105)SCANU_START_CFM_ADDTIONAL reqcfm:1 in_irq:0 in_softirq:0 in_atomic:0\x0d
[57240.811852] AICWFDBG(LOGTRACE)\x09rwnx_cmd_malloc get cmd_array[0]:00000000f100465a \x0d
[57240.812398] AICWFDBG(LOGDEBUG)\x09rwnx_rx_handle_msg msg->id:0x1009 \x0d
[57240.812447] AICWFDBG(LOGTRACE)\x09rwnx_cmd_free cmd_array[0]:00000000f100465a \x0d
[57240.831330] AICWFDBG(LOGDEBUG)\x09rwnx_rx_handle_msg msg->id:0x1004 \x0d
[57240.833162] AICWFDBG(LOGDEBUG)\x09rwnx_rx_handle_msg msg->id:0x1004 \x0d
[57240.838166] AICWFDBG(LOGDEBUG)\x09rwnx_rx_handle_msg msg->id:0x1004 \x0d
[57240.867569] AICWFDBG(LOGDEBUG)\x09rwnx_rx_handle_msg msg->id:0x4f \x0d
[57240.874420] AICWFDBG(LOGDEBUG)\x09rwnx_rx_handle_msg msg->id:0x1004 \x0d
[57240.902685] AICWFDBG(LOGDEBUG)\x09rwnx_rx_handle_msg msg->id:0x4f \x0d
[57240.909851] AICWFDBG(LOGDEBUG)\x09rwnx_rx_handle_msg msg->id:0x1004 \x0d
[57240.920146] AICWFDBG(LOGDEBUG)\x09rwnx_rx_handle_msg msg->id:0x1004 \x0d
[57240.929340] AICWFDBG(LOGDEBUG)\x09rwnx_rx_handle_msg msg->id:0x1004 \x0d
[57240.933671] AICWFDBG(LOGDEBUG)\x09rwnx_rx_handle_msg msg->id:0x1004 \x0d
[57240.935377] AICWFDBG(LOGDEBUG)\x09rwnx_rx_handle_msg msg->id:0x1004 \x0d
[57240.937686] AICWFDBG(LOGDEBUG)\x09rwnx_rx_handle_msg msg->id:0x4f \x0d
[57240.972693] AICWFDBG(LOGDEBUG)\x09rwnx_rx_handle_msg msg->id:0x4f \x0d
[57241.007740] AICWFDBG(LOGDEBUG)\x09rwnx_rx_handle_msg msg->id:0x4f \x0d
[57241.062763] AICWFDBG(LOGDEBUG)\x09rwnx_rx_handle_msg msg->id:0x4f \x0d
[57241.097806] AICWFDBG(LOGDEBUG)\x09rwnx_rx_handle_msg msg->id:0x4f \x0d
[57241.132773] AICWFDBG(LOGDEBUG)\x09rwnx_rx_handle_msg msg->id:0x4f \x0d
[57241.135842] AICWFDBG(LOGDEBUG)\x09rwnx_rx_handle_msg msg->id:0x1004 \x0d
[57241.137843] AICWFDBG(LOGDEBUG)\x09rwnx_rx_handle_msg msg->id:0x1004 \x0d
[57241.141096] AICWFDBG(LOGDEBUG)\x09rwnx_rx_handle_msg msg->id:0x1004 \x0d
[57241.151485] AICWFDBG(LOGDEBUG)\x09rwnx_rx_handle_msg msg->id:0x1004 \x0d
[57241.155352] AICWFDBG(LOGDEBUG)\x09rwnx_rx_handle_msg msg->id:0x1004 \x0d
[57241.167817] AICWFDBG(LOGDEBUG)\x09rwnx_rx_handle_msg msg->id:0x4f \x0d
[57241.202799] AICWFDBG(LOGDEBUG)\x09rwnx_rx_handle_msg msg->id:0x4f \x0d
[57241.257838] AICWFDBG(LOGDEBUG)\x09rwnx_rx_handle_msg msg->id:0x4f \x0d
[57241.292855] AICWFDBG(LOGDEBUG)\x09rwnx_rx_handle_msg msg->id:0x4f \x0d
[57241.347858] AICWFDBG(LOGDEBUG)\x09rwnx_rx_handle_msg msg->id:0x4f \x0d
[57241.349885] AICWFDBG(LOGDEBUG)\x09rwnx_rx_handle_msg msg->id:0x1004 \x0d
[57241.356009] AICWFDBG(LOGDEBUG)\x09rwnx_rx_handle_msg msg->id:0x1004 \x0d
[57241.402842] AICWFDBG(LOGDEBUG)\x09rwnx_rx_handle_msg msg->id:0x4f \x0d
[57241.437900] AICWFDBG(LOGDEBUG)\x09rwnx_rx_handle_msg msg->id:0x4f \x0d
[57241.448287] read descriptors
[57241.448396] read strings
[57241.450204] init: processing action (sys.usb.config=adb && sys.usb.configfs=1 && sys.usb.ffs.ready=1) from (/system/etc/init/hw/init.usb.configfs.rc:21)
[57241.454110] init: Command 'symlink /config/usb_gadget/g1/functions/ffs.adb /config/usb_gadget/g1/configs/b.1/f1' action=sys.usb.config=adb && sys.usb.configfs=1 && sys.usb.ffs.ready=1 (/system/etc/init/hw/init.usb.configfs.rc:23) took 1ms and failed: symlink() failed: File exists
[57241.454867] init: Command 'write /config/usb_gadget/g1/UDC ${sys.usb.controller}' action=sys.usb.config=adb && sys.usb.configfs=1 && sys.usb.ffs.ready=1 (/system/etc/init/hw/init.usb.configfs.rc:24) took 0ms and failed: property 'sys.usb.controller' doesn't exist while expanding '${sys.usb.controller}'
[57241.492981] AICWFDBG(LOGDEBUG)\x09rwnx_rx_handle_msg msg->id:0x4f \x0d
[57241.495218] AICWFDBG(LOGDEBUG)\x09rwnx_rx_handle_msg msg->id:0x1004 \x0d
[57241.527948] AICWFDBG(LOGDEBUG)\x09rwnx_rx_handle_msg msg->id:0x4f \x0d
[57241.562995] AICWFDBG(LOGDEBUG)\x09rwnx_rx_handle_msg msg->id:0x4f \x0d
[57241.598037] AICWFDBG(LOGDEBUG)\x09rwnx_rx_handle_msg msg->id:0x4f \x0d
[57241.633179] AICWFDBG(LOGDEBUG)\x09rwnx_rx_handle_msg msg->id:0x4f \x0d
[57241.668042] AICWFDBG(LOGDEBUG)\x09rwnx_rx_handle_msg msg->id:0x4f \x0d
[57241.703084] AICWFDBG(LOGDEBUG)\x09rwnx_rx_handle_msg msg->id:0x4f \x0d
[57241.758006] AICWFDBG(LOGDEBUG)\x09rwnx_rx_handle_msg msg->id:0x4f \x0d
[57241.823894] AICWFDBG(LOGDEBUG)\x09rwnx_rx_handle_msg msg->id:0x4f \x0d
[57241.868114] AICWFDBG(LOGDEBUG)\x09rwnx_rx_handle_msg msg->id:0x4f \x0d
[57241.903182] AICWFDBG(LOGDEBUG)\x09rwnx_rx_handle_msg msg->id:0x4f \x0d
[57241.903275] AICWFDBG(LOGDEBUG)\x09rwnx_rx_handle_msg msg->id:0x1001 \x0d
[57241.903353] AICWFDBG(LOGTRACE)\x09>>> rwnx_rx_scanu_start_cfm()
[57242.531466] read descriptors
[57242.531536] read strings
[57242.532703] init: processing action (sys.usb.config=adb && sys.usb.configfs=1 && sys.usb.ffs.ready=1) from (/system/etc/init/hw/init.usb.configfs.rc:21)
[57243.598380] read descriptors
[57243.598490] read strings
[57244.661775] read descriptors
[57244.661928] read strings
[57244.663858] init: processing action (sys.usb.config=adb && sys.usb.configfs=1 && sys.usb.ffs.ready=1) from (/system/etc/init/hw/init.usb.configfs.rc:21)
[57244.667847] init: Command 'symlink /config/usb_gadget/g1/functions/ffs.adb /config/usb_gadget/g1/configs/b.1/f1' action=sys.usb.config=adb && sys.usb.configfs=1 && sys.usb.ffs.ready=1 (/system/etc/init/hw/init.usb.configfs.rc:23) took 1ms and failed: symlink() failed: File exists
[57244.668479] init: Command 'write /config/usb_gadget/g1/UDC ${sys.usb.controller}' action=sys.usb.config=adb && sys.usb.configfs=1 && sys.usb.ffs.ready=1 (/system/etc/init/hw/init.usb.configfs.rc:24) took 0ms and failed: property 'sys.usb.controller' doesn't exist while expanding '${sys.usb.controller}'
[57245.745170] read descriptors
[57245.745275] read strings
[57245.747274] init: processing action (sys.usb.config=adb && sys.usb.configfs=1 && sys.usb.ffs.ready=1) from (/system/etc/init/hw/init.usb.configfs.rc:21)
[57245.751090] init: Command 'symlink /config/usb_gadget/g1/functions/ffs.adb /config/usb_gadget/g1/configs/b.1/f1' action=sys.usb.config=adb && sys.usb.configfs=1 && sys.usb.ffs.ready=1 (/system/etc/init/hw/init.usb.configfs.rc:23) took 1ms and failed: symlink() failed: File exists
[57245.751768] init: Command 'write /config/usb_gadget/g1/UDC ${sys.usb.controller}' action=sys.usb.config=adb && sys.usb.configfs=1 && sys.usb.ffs.ready=1 (/system/etc/init/hw/init.usb.configfs.rc:24) took 0ms and failed: property 'sys.usb.controller' doesn't exist while expanding '${sys.usb.controller}'
[57246.798371] read descriptors
[57246.798485] read strings
[57246.800596] init: processing action (sys.usb.config=adb && sys.usb.configfs=1 && sys.usb.ffs.ready=1) from (/system/etc/init/hw/init.usb.configfs.rc:21)
[57246.804604] init: Command 'symlink /config/usb_gadget/g1/functions/ffs.adb /config/usb_gadget/g1/configs/b.1/f1' action=sys.usb.config=adb && sys.usb.configfs=1 && sys.usb.ffs.ready=1 (/system/etc/init/hw/init.usb.configfs.rc:23) took 1ms and failed: symlink() failed: File exists
[57246.805289] init: Command 'write /config/usb_gadget/g1/UDC ${sys.usb.controller}' action=sys.usb.config=adb && sys.usb.configfs=1 && sys.usb.ffs.ready=1 (/system/etc/init/hw/init.usb.configfs.rc:24) took 0ms and failed: property 'sys.usb.controller' doesn't exist while expanding '${sys.usb.controller}'
[57247.848356] read descriptors
[57247.848452] read strings
[57247.850221] init: processing action (sys.usb.config=adb && sys.usb.configfs=1 && sys.usb.ffs.ready=1) from (/system/etc/init/hw/init.usb.configfs.rc:21)
[57248.898460] read descriptors
[57248.898618] read strings
[57249.978523] read descriptors
[57249.978633] read strings
[57249.980600] init: processing action (sys.usb.config=adb && sys.usb.configfs=1 && sys.usb.ffs.ready=1) from (/system/etc/init/hw/init.usb.configfs.rc:21)
[57249.984719] init: Command 'symlink /config/usb_gadget/g1/functions/ffs.adb /config/usb_gadget/g1/configs/b.1/f1' action=sys.usb.config=adb && sys.usb.configfs=1 && sys.usb.ffs.ready=1 (/system/etc/init/hw/init.usb.configfs.rc:23) took 1ms and failed: symlink() failed: File exists
[57249.985448] init: Command 'write /config/usb_gadget/g1/UDC ${sys.usb.controller}' action=sys.usb.config=adb && sys.usb.configfs=1 && sys.usb.ffs.ready=1 (/system/etc/init/hw/init.usb.configfs.rc:24) took 0ms and failed: property 'sys.usb.controller' doesn't exist while expanding '${sys.usb.controller}'
[57250.833889] AICWFDBG(LOGTRACE)\x09>>> rwnx_cfg80211_scan()
[57250.833962] AICWFDBG(LOGTRACE)\x09>>> rwnx_send_scanu_req()
[57250.833992] AICWFDBG(LOGDEBUG)\x09scan channel:1(2412) \x0d
[57250.834010] AICWFDBG(LOGDEBUG)\x09scan channel:2(2417) \x0d
[57250.834026] AICWFDBG(LOGDEBUG)\x09scan channel:3(2422) \x0d
[57250.834041] AICWFDBG(LOGDEBUG)\x09scan channel:4(2427) \x0d
[57250.834064] AICWFDBG(LOGDEBUG)\x09scan channel:5(2432) \x0d
[57250.834081] AICWFDBG(LOGDEBUG)\x09scan channel:6(2437) \x0d
[57250.834099] AICWFDBG(LOGDEBUG)\x09scan channel:7(2442) \x0d
[57250.834193] AICWFDBG(LOGDEBUG)\x09scan channel:8(2447) \x0d
[57250.834220] AICWFDBG(LOGDEBUG)\x09scan channel:9(2452) \x0d
[57250.834263] AICWFDBG(LOGDEBUG)\x09scan channel:10(2457) \x0d
[57250.834293] AICWFDBG(LOGDEBUG)\x09scan channel:11(2462) \x0d
[57250.834330] AICWFDBG(LOGDEBUG)\x09scan channel:12(2467) \x0d
[57250.834354] AICWFDBG(LOGDEBUG)\x09scan channel:13(2472) \x0d
[57250.834377] AICWFDBG(LOGDEBUG)\x09scan channel:36(5180) \x0d
[57250.834392] AICWFDBG(LOGDEBUG)\x09scan channel:40(5200) \x0d
[57250.834407] AICWFDBG(LOGDEBUG)\x09scan channel:44(5220) \x0d
[57250.834421] AICWFDBG(LOGDEBUG)\x09scan channel:48(5240) \x0d
[57250.834447] AICWFDBG(LOGDEBUG)\x09scan channel:52(5260) \x0d
[57250.834461] AICWFDBG(LOGDEBUG)\x09scan channel:56(5280) \x0d
[57250.834476] AICWFDBG(LOGDEBUG)\x09scan channel:60(5300) \x0d
[57250.834491] AICWFDBG(LOGDEBUG)\x09scan channel:64(5320) \x0d
[57250.834510] AICWFDBG(LOGDEBUG)\x09scan channel:149(5745) \x0d
[57250.834525] AICWFDBG(LOGDEBUG)\x09scan channel:153(5765) \x0d
[57250.834540] AICWFDBG(LOGDEBUG)\x09scan channel:157(5785) \x0d
[57250.834554] AICWFDBG(LOGDEBUG)\x09scan channel:161(5805) \x0d
[57250.834577] AICWFDBG(LOGDEBUG)\x09scan channel:165(5825) \x0d
[57250.834598] AICWFDBG(LOGTRACE)\x09rwnx_send_msg (4105)SCANU_START_CFM_ADDTIONAL reqcfm:1 in_irq:0 in_softirq:0 in_atomic:0\x0d
[57250.834635] AICWFDBG(LOGTRACE)\x09rwnx_cmd_malloc get cmd_array[0]:00000000f100465a \x0d
[57250.835403] AICWFDBG(LOGDEBUG)\x09rwnx_rx_handle_msg msg->id:0x1009 \x0d
[57250.835502] AICWFDBG(LOGTRACE)\x09rwnx_cmd_free cmd_array[0]:00000000f100465a \x0d
[57250.866249] AICWFDBG(LOGDEBUG)\x09rwnx_rx_handle_msg msg->id:0x1004 \x0d
[57250.890413] AICWFDBG(LOGDEBUG)\x09rwnx_rx_handle_msg msg->id:0x4f \x0d
[57250.897657] AICWFDBG(LOGDEBUG)\x09rwnx_rx_handle_msg msg->id:0x1004 \x0d
[57250.900713] AICWFDBG(LOGDEBUG)\x09rwnx_rx_handle_msg msg->id:0x1004 \x0d
[57250.911987] AICWFDBG(LOGDEBUG)\x09rwnx_rx_handle_msg msg->id:0x1004 \x0d
[57250.925542] AICWFDBG(LOGDEBUG)\x09rwnx_rx_handle_msg msg->id:0x4f \x0d
[57250.937610] AICWFDBG(LOGDEBUG)\x09rwnx_rx_handle_msg msg->id:0x1004 \x0d
[57250.959517] AICWFDBG(LOGDEBUG)\x09rwnx_rx_handle_msg msg->id:0x1004 \x0d
[57250.960521] AICWFDBG(LOGDEBUG)\x09rwnx_rx_handle_msg msg->id:0x4f \x0d
[57250.995615] AICWFDBG(LOGDEBUG)\x09rwnx_rx_handle_msg msg->id:0x4f \x0d
[57251.030618] AICWFDBG(LOGDEBUG)\x09rwnx_rx_handle_msg msg->id:0x4f \x0d
[57251.034999] read descriptors
[57251.035116] read strings
[57251.037326] init: processing action (sys.usb.config=adb && sys.usb.configfs=1 && sys.usb.ffs.ready=1) from (/system/etc/init/hw/init.usb.configfs.rc:21)
[57251.041255] init: Command 'symlink /config/usb_gadget/g1/functions/ffs.adb /config/usb_gadget/g1/configs/b.1/f1' action=sys.usb.config=adb && sys.usb.configfs=1 && sys.usb.ffs.ready=1 (/system/etc/init/hw/init.usb.configfs.rc:23) took 1ms and failed: symlink() failed: File exists
[57251.041938] init: Command 'write /config/usb_gadget/g1/UDC ${sys.usb.controller}' action=sys.usb.config=adb && sys.usb.configfs=1 && sys.usb.ffs.ready=1 (/system/etc/init/hw/init.usb.configfs.rc:24) took 0ms and failed: property 'sys.usb.controller' doesn't exist while expanding '${sys.usb.controller}'
[57251.085744] AICWFDBG(LOGDEBUG)\x09rwnx_rx_handle_msg msg->id:0x4f \x0d
[57251.120670] AICWFDBG(LOGDEBUG)\x09rwnx_rx_handle_msg msg->id:0x4f \x0d
[57251.155677] AICWFDBG(LOGDEBUG)\x09rwnx_rx_handle_msg msg->id:0x4f \x0d
[57251.158433] AICWFDBG(LOGDEBUG)\x09rwnx_rx_handle_msg msg->id:0x1004 \x0d
[57251.158927] AICWFDBG(LOGDEBUG)\x09rwnx_rx_handle_msg msg->id:0x1004 \x0d
[57251.189052] AICWFDBG(LOGDEBUG)\x09rwnx_rx_handle_msg msg->id:0x1004 \x0d
[57251.190394] AICWFDBG(LOGDEBUG)\x09rwnx_rx_handle_msg msg->id:0x1004 \x0d
[57251.190686] AICWFDBG(LOGDEBUG)\x09rwnx_rx_handle_msg msg->id:0x4f \x0d
[57251.225700] AICWFDBG(LOGDEBUG)\x09rwnx_rx_handle_msg msg->id:0x4f \x0d
[57251.280736] AICWFDBG(LOGDEBUG)\x09rwnx_rx_handle_msg msg->id:0x4f \x0d
[57251.315750] AICWFDBG(LOGDEBUG)\x09rwnx_rx_handle_msg msg->id:0x4f \x0d
[57251.370893] AICWFDBG(LOGDEBUG)\x09rwnx_rx_handle_msg msg->id:0x4f \x0d
[57251.372846] AICWFDBG(LOGDEBUG)\x09rwnx_rx_handle_msg msg->id:0x1004 \x0d
[57251.391126] AICWFDBG(LOGDEBUG)\x09rwnx_rx_handle_msg msg->id:0x1004 \x0d
[57251.425828] AICWFDBG(LOGDEBUG)\x09rwnx_rx_handle_msg msg->id:0x4f \x0d
[57251.460784] AICWFDBG(LOGDEBUG)\x09rwnx_rx_handle_msg msg->id:0x4f \x0d
[57251.515882] AICWFDBG(LOGDEBUG)\x09rwnx_rx_handle_msg msg->id:0x4f \x0d
[57251.518352] AICWFDBG(LOGDEBUG)\x09rwnx_rx_handle_msg msg->id:0x1004 \x0d
[57251.550964] AICWFDBG(LOGDEBUG)\x09rwnx_rx_handle_msg msg->id:0x4f \x0d
[57251.585910] AICWFDBG(LOGDEBUG)\x09rwnx_rx_handle_msg msg->id:0x4f \x0d
[57251.620988] AICWFDBG(LOGDEBUG)\x09rwnx_rx_handle_msg msg->id:0x4f \x0d
[57251.655967] AICWFDBG(LOGDEBUG)\x09rwnx_rx_handle_msg msg->id:0x4f \x0d
[57251.691033] AICWFDBG(LOGDEBUG)\x09rwnx_rx_handle_msg msg->id:0x4f \x0d
[57251.725992] AICWFDBG(LOGDEBUG)\x09rwnx_rx_handle_msg msg->id:0x4f \x0d
[57251.781086] AICWFDBG(LOGDEBUG)\x09rwnx_rx_handle_msg msg->id:0x4f \x0d
[57251.836054] AICWFDBG(LOGDEBUG)\x09rwnx_rx_handle_msg msg->id:0x4f \x0d
[57251.891061] AICWFDBG(LOGDEBUG)\x09rwnx_rx_handle_msg msg->id:0x4f \x0d
[57251.938574] AICWFDBG(LOGDEBUG)\x09rwnx_rx_handle_msg msg->id:0x4f \x0d
[57251.938668] AICWFDBG(LOGDEBUG)\x09rwnx_rx_handle_msg msg->id:0x1001 \x0d
[57251.938703] AICWFDBG(LOGTRACE)\x09>>> rwnx_rx_scanu_start_cfm()
[57252.071464] read descriptors
[57252.071538] read strings
[57252.072884] init: processing action (sys.usb.config=adb && sys.usb.configfs=1 && sys.usb.ffs.ready=1) from (/system/etc/init/hw/init.usb.configfs.rc:21)
[57252.075180] init: Command 'symlink /config/usb_gadget/g1/functions/ffs.adb /config/usb_gadget/g1/configs/b.1/f1' action=sys.usb.config=adb && sys.usb.configfs=1 && sys.usb.ffs.ready=1 (/system/etc/init/hw/init.usb.configfs.rc:23) took 0ms and failed: symlink() failed: File exists
[57252.075645] init: Command 'write /config/usb_gadget/g1/UDC ${sys.usb.controller}' action=sys.usb.config=adb && sys.usb.configfs=1 && sys.usb.ffs.ready=1 (/system/etc/init/hw/init.usb.configfs.rc:24) took 0ms and failed: property 'sys.usb.controller' doesn't exist while expanding '${sys.usb.controller}'
[57253.131818] read descriptors
[57253.131927] read strings
[57253.133984] init: processing action (sys.usb.config=adb && sys.usb.configfs=1 && sys.usb.ffs.ready=1) from (/system/etc/init/hw/init.usb.configfs.rc:21)
[57254.181781] read descriptors
[57254.181883] read strings
[57255.235276] read descriptors
[57255.235377] read strings
[57255.237383] init: processing action (sys.usb.config=adb && sys.usb.configfs=1 && sys.usb.ffs.ready=1) from (/system/etc/init/hw/init.usb.configfs.rc:21)
[57255.241481] init: Command 'symlink /config/usb_gadget/g1/functions/ffs.adb /config/usb_gadget/g1/configs/b.1/f1' action=sys.usb.config=adb && sys.usb.configfs=1 && sys.usb.ffs.ready=1 (/system/etc/init/hw/init.usb.configfs.rc:23) took 1ms and failed: symlink() failed: File exists
[57255.242128] init: Command 'write /config/usb_gadget/g1/UDC ${sys.usb.controller}' action=sys.usb.config=adb && sys.usb.configfs=1 && sys.usb.ffs.ready=1 (/system/etc/init/hw/init.usb.configfs.rc:24) took 0ms and failed: property 'sys.usb.controller' doesn't exist while expanding '${sys.usb.controller}'
[57256.284746] read descriptors
[57256.284809] read strings
[57256.285964] init: processing action (sys.usb.config=adb && sys.usb.configfs=1 && sys.usb.ffs.ready=1) from (/system/etc/init/hw/init.usb.configfs.rc:21)
[57256.288026] init: Command 'symlink /config/usb_gadget/g1/functions/ffs.adb /config/usb_gadget/g1/configs/b.1/f1' action=sys.usb.config=adb && sys.usb.configfs=1 && sys.usb.ffs.ready=1 (/system/etc/init/hw/init.usb.configfs.rc:23) took 0ms and failed: symlink() failed: File exists
[57256.288390] init: Command 'write /config/usb_gadget/g1/UDC ${sys.usb.controller}' action=sys.usb.config=adb && sys.usb.configfs=1 && sys.usb.ffs.ready=1 (/system/etc/init/hw/init.usb.configfs.rc:24) took 0ms and failed: property 'sys.usb.controller' doesn't exist while expanding '${sys.usb.controller}'
[57257.325016] read descriptors
[57257.325117] read strings
[57257.327322] init: processing action (sys.usb.config=adb && sys.usb.configfs=1 && sys.usb.ffs.ready=1) from (/system/etc/init/hw/init.usb.configfs.rc:21)
[57257.331068] init: Command 'symlink /config/usb_gadget/g1/functions/ffs.adb /config/usb_gadget/g1/configs/b.1/f1' action=sys.usb.config=adb && sys.usb.configfs=1 && sys.usb.ffs.ready=1 (/system/etc/init/hw/init.usb.configfs.rc:23) took 1ms and failed: symlink() failed: File exists
[57257.331731] init: Command 'write /config/usb_gadget/g1/UDC ${sys.usb.controller}' action=sys.usb.config=adb && sys.usb.configfs=1 && sys.usb.ffs.ready=1 (/system/etc/init/hw/init.usb.configfs.rc:24) took 0ms and failed: property 'sys.usb.controller' doesn't exist while expanding '${sys.usb.controller}'
[57258.375217] read descriptors
[57258.375329] read strings
[57258.377302] init: processing action (sys.usb.config=adb && sys.usb.configfs=1 && sys.usb.ffs.ready=1) from (/system/etc/init/hw/init.usb.configfs.rc:21)
[57259.431709] read descriptors
[57259.431823] read strings
[57260.498508] read descriptors
[57260.498661] read strings
[57260.500598] init: processing action (sys.usb.config=adb && sys.usb.configfs=1 && sys.usb.ffs.ready=1) from (/system/etc/init/hw/init.usb.configfs.rc:21)
[57260.504651] init: Command 'symlink /config/usb_gadget/g1/functions/ffs.adb /config/usb_gadget/g1/configs/b.1/f1' action=sys.usb.config=adb && sys.usb.configfs=1 && sys.usb.ffs.ready=1 (/system/etc/init/hw/init.usb.configfs.rc:23) took 1ms and failed: symlink() failed: File exists
[57260.505324] init: Command 'write /config/usb_gadget/g1/UDC ${sys.usb.controller}' action=sys.usb.config=adb && sys.usb.configfs=1 && sys.usb.ffs.ready=1 (/system/etc/init/hw/init.usb.configfs.rc:24) took 0ms and failed: property 'sys.usb.controller' doesn't exist while expanding '${sys.usb.controller}'
[57260.836798] AICWFDBG(LOGTRACE)\x09>>> rwnx_cfg80211_scan()
[57260.836878] AICWFDBG(LOGTRACE)\x09>>> rwnx_send_scanu_req()
[57260.836901] AICWFDBG(LOGDEBUG)\x09scan channel:1(2412) \x0d
[57260.836919] AICWFDBG(LOGDEBUG)\x09scan channel:2(2417) \x0d
[57260.836944] AICWFDBG(LOGDEBUG)\x09scan channel:3(2422) \x0d
[57260.836960] AICWFDBG(LOGDEBUG)\x09scan channel:4(2427) \x0d
[57260.836976] AICWFDBG(LOGDEBUG)\x09scan channel:5(2432) \x0d
[57260.837002] AICWFDBG(LOGDEBUG)\x09scan channel:6(2437) \x0d
[57260.837016] AICWFDBG(LOGDEBUG)\x09scan channel:7(2442) \x0d
[57260.837031] AICWFDBG(LOGDEBUG)\x09scan channel:8(2447) \x0d
[57260.837046] AICWFDBG(LOGDEBUG)\x09scan channel:9(2452) \x0d
[57260.837071] AICWFDBG(LOGDEBUG)\x09scan channel:10(2457) \x0d
[57260.837086] AICWFDBG(LOGDEBUG)\x09scan channel:11(2462) \x0d
[57260.837101] AICWFDBG(LOGDEBUG)\x09scan channel:12(2467) \x0d
[57260.837116] AICWFDBG(LOGDEBUG)\x09scan channel:13(2472) \x0d
[57260.837133] AICWFDBG(LOGDEBUG)\x09scan channel:36(5180) \x0d
[57260.837148] AICWFDBG(LOGDEBUG)\x09scan channel:40(5200) \x0d
[57260.837162] AICWFDBG(LOGDEBUG)\x09scan channel:44(5220) \x0d
[57260.837178] AICWFDBG(LOGDEBUG)\x09scan channel:48(5240) \x0d
[57260.837201] AICWFDBG(LOGDEBUG)\x09scan channel:52(5260) \x0d
[57260.837216] AICWFDBG(LOGDEBUG)\x09scan channel:56(5280) \x0d
[57260.837231] AICWFDBG(LOGDEBUG)\x09scan channel:60(5300) \x0d
[57260.837245] AICWFDBG(LOGDEBUG)\x09scan channel:64(5320) \x0d
[57260.837264] AICWFDBG(LOGDEBUG)\x09scan channel:149(5745) \x0d
[57260.837279] AICWFDBG(LOGDEBUG)\x09scan channel:153(5765) \x0d
[57260.837294] AICWFDBG(LOGDEBUG)\x09scan channel:157(5785) \x0d
[57260.837310] AICWFDBG(LOGDEBUG)\x09scan channel:161(5805) \x0d
[57260.837328] AICWFDBG(LOGDEBUG)\x09scan channel:165(5825) \x0d
[57260.837349] AICWFDBG(LOGTRACE)\x09rwnx_send_msg (4105)SCANU_START_CFM_ADDTIONAL reqcfm:1 in_irq:0 in_softirq:0 in_atomic:0\x0d
[57260.837382] AICWFDBG(LOGTRACE)\x09rwnx_cmd_malloc get cmd_array[0]:00000000f100465a \x0d
[57260.838240] AICWFDBG(LOGDEBUG)\x09rwnx_rx_handle_msg msg->id:0x1009 \x0d
[57260.838347] AICWFDBG(LOGTRACE)\x09rwnx_cmd_free cmd_array[0]:00000000f100465a \x0d
[57260.879602] AICWFDBG(LOGDEBUG)\x09rwnx_rx_handle_msg msg->id:0x1004 \x0d
[57260.893401] AICWFDBG(LOGDEBUG)\x09rwnx_rx_handle_msg msg->id:0x4f \x0d
[57260.901353] AICWFDBG(LOGDEBUG)\x09rwnx_rx_handle_msg msg->id:0x1004 \x0d
[57260.906213] AICWFDBG(LOGDEBUG)\x09rwnx_rx_handle_msg msg->id:0x1004 \x0d
[57260.928430] AICWFDBG(LOGDEBUG)\x09rwnx_rx_handle_msg msg->id:0x4f \x0d
[57260.935277] AICWFDBG(LOGDEBUG)\x09rwnx_rx_handle_msg msg->id:0x1004 \x0d
[57260.963450] AICWFDBG(LOGDEBUG)\x09rwnx_rx_handle_msg msg->id:0x4f \x0d
[57260.998312] AICWFDBG(LOGDEBUG)\x09rwnx_rx_handle_msg msg->id:0x4f \x0d
[57261.033321] AICWFDBG(LOGDEBUG)\x09rwnx_rx_handle_msg msg->id:0x4f \x0d
[57261.088477] AICWFDBG(LOGDEBUG)\x09rwnx_rx_handle_msg msg->id:0x4f \x0d
[57261.123495] AICWFDBG(LOGDEBUG)\x09rwnx_rx_handle_msg msg->id:0x4f \x0d
[57261.158502] AICWFDBG(LOGDEBUG)\x09rwnx_rx_handle_msg msg->id:0x4f \x0d
[57261.162615] AICWFDBG(LOGDEBUG)\x09rwnx_rx_handle_msg msg->id:0x1004 \x0d
[57261.163479] AICWFDBG(LOGDEBUG)\x09rwnx_rx_handle_msg msg->id:0x1004 \x0d
[57261.166730] AICWFDBG(LOGDEBUG)\x09rwnx_rx_handle_msg msg->id:0x1004 \x0d
[57261.181773] AICWFDBG(LOGDEBUG)\x09rwnx_rx_handle_msg msg->id:0x1004 \x0d
[57261.193509] AICWFDBG(LOGDEBUG)\x09rwnx_rx_handle_msg msg->id:0x4f \x0d
[57261.228490] AICWFDBG(LOGDEBUG)\x09rwnx_rx_handle_msg msg->id:0x4f \x0d
[57261.237873] AICWFDBG(LOGDEBUG)\x09rwnx_rx_handle_msg msg->id:0x1004 \x0d
[57261.240401] AICWFDBG(LOGDEBUG)\x09rwnx_rx_handle_msg msg->id:0x1004 \x0d
[57261.245149] AICWFDBG(LOGDEBUG)\x09rwnx_rx_handle_msg msg->id:0x1004 \x0d
[57261.283549] AICWFDBG(LOGDEBUG)\x09rwnx_rx_handle_msg msg->id:0x4f \x0d
[57261.318451] AICWFDBG(LOGDEBUG)\x09rwnx_rx_handle_msg msg->id:0x4f \x0d
[57261.373601] AICWFDBG(LOGDEBUG)\x09rwnx_rx_handle_msg msg->id:0x4f \x0d
[57261.375708] AICWFDBG(LOGDEBUG)\x09rwnx_rx_handle_msg msg->id:0x1004 \x0d
[57261.425958] AICWFDBG(LOGDEBUG)\x09rwnx_rx_handle_msg msg->id:0x1004 \x0d
[57261.428609] AICWFDBG(LOGDEBUG)\x09rwnx_rx_handle_msg msg->id:0x4f \x0d
[57261.463665] AICWFDBG(LOGDEBUG)\x09rwnx_rx_handle_msg msg->id:0x4f \x0d
[57261.518750] AICWFDBG(LOGDEBUG)\x09rwnx_rx_handle_msg msg->id:0x4f \x0d
[57261.520936] AICWFDBG(LOGDEBUG)\x09rwnx_rx_handle_msg msg->id:0x1004 \x0d
[57261.553712] AICWFDBG(LOGDEBUG)\x09rwnx_rx_handle_msg msg->id:0x4f \x0d
[57261.565024] read descriptors
[57261.565132] read strings
[57261.567251] init: processing action (sys.usb.config=adb && sys.usb.configfs=1 && sys.usb.ffs.ready=1) from (/system/etc/init/hw/init.usb.configfs.rc:21)
[57261.571020] init: Command 'symlink /config/usb_gadget/g1/functions/ffs.adb /config/usb_gadget/g1/configs/b.1/f1' action=sys.usb.config=adb && sys.usb.configfs=1 && sys.usb.ffs.ready=1 (/system/etc/init/hw/init.usb.configfs.rc:23) took 1ms and failed: symlink() failed: File exists
[57261.571429] init: Command 'write /config/usb_gadget/g1/UDC ${sys.usb.controller}' action=sys.usb.config=adb && sys.usb.configfs=1 && sys.usb.ffs.ready=1 (/system/etc/init/hw/init.usb.configfs.rc:24) took 0ms and failed: property 'sys.usb.controller' doesn't exist while expanding '${sys.usb.controller}'
[57261.588601] AICWFDBG(LOGDEBUG)\x09rwnx_rx_handle_msg msg->id:0x4f \x0d
[57261.623642] AICWFDBG(LOGDEBUG)\x09rwnx_rx_handle_msg msg->id:0x4f \x0d
[57261.658802] AICWFDBG(LOGDEBUG)\x09rwnx_rx_handle_msg msg->id:0x4f \x0d
[57261.693792] AICWFDBG(LOGDEBUG)\x09rwnx_rx_handle_msg msg->id:0x4f \x0d
[57261.695383] AICWFDBG(LOGDEBUG)\x09rwnx_rx_handle_msg msg->id:0x1004 \x0d
[57261.728765] AICWFDBG(LOGDEBUG)\x09rwnx_rx_handle_msg msg->id:0x4f \x0d
[57261.783841] AICWFDBG(LOGDEBUG)\x09rwnx_rx_handle_msg msg->id:0x4f \x0d
[57261.838874] AICWFDBG(LOGDEBUG)\x09rwnx_rx_handle_msg msg->id:0x4f \x0d
[57261.893885] AICWFDBG(LOGDEBUG)\x09rwnx_rx_handle_msg msg->id:0x4f \x0d
[57261.928861] AICWFDBG(LOGDEBUG)\x09rwnx_rx_handle_msg msg->id:0x4f \x0d
[57261.928939] AICWFDBG(LOGDEBUG)\x09rwnx_rx_handle_msg msg->id:0x1001 \x0d
[57261.928969] AICWFDBG(LOGTRACE)\x09>>> rwnx_rx_scanu_start_cfm()
[57262.621775] read descriptors
[57262.621878] read strings
[57262.623879] init: processing action (sys.usb.config=adb && sys.usb.configfs=1 && sys.usb.ffs.ready=1) from (/system/etc/init/hw/init.usb.configfs.rc:21)
[57262.627850] init: Command 'symlink /config/usb_gadget/g1/functions/ffs.adb /config/usb_gadget/g1/configs/b.1/f1' action=sys.usb.config=adb && sys.usb.configfs=1 && sys.usb.ffs.ready=1 (/system/etc/init/hw/init.usb.configfs.rc:23) took 1ms and failed: symlink() failed: File exists
[57262.628475] init: Command 'write /config/usb_gadget/g1/UDC ${sys.usb.controller}' action=sys.usb.config=adb && sys.usb.configfs=1 && sys.usb.ffs.ready=1 (/system/etc/init/hw/init.usb.configfs.rc:24) took 0ms and failed: property 'sys.usb.controller' doesn't exist while expanding '${sys.usb.controller}'
[57263.661670] read descriptors
[57263.661779] read strings
[57263.663821] init: processing action (sys.usb.config=adb && sys.usb.configfs=1 && sys.usb.ffs.ready=1) from (/system/etc/init/hw/init.usb.configfs.rc:21)
[57264.745207] read descriptors
[57264.745321] read strings
[57265.787980] read descriptors
[57265.788038] read strings
[57265.789114] init: processing action (sys.usb.config=adb && sys.usb.configfs=1 && sys.usb.ffs.ready=1) from (/system/etc/init/hw/init.usb.configfs.rc:21)
[57265.791213] init: Command 'symlink /config/usb_gadget/g1/functions/ffs.adb /config/usb_gadget/g1/configs/b.1/f1' action=sys.usb.config=adb && sys.usb.configfs=1 && sys.usb.ffs.ready=1 (/system/etc/init/hw/init.usb.configfs.rc:23) took 0ms and failed: symlink() failed: File exists
[57265.791592] init: Command 'write /config/usb_gadget/g1/UDC ${sys.usb.controller}' action=sys.usb.config=adb && sys.usb.configfs=1 && sys.usb.ffs.ready=1 (/system/etc/init/hw/init.usb.configfs.rc:24) took 0ms and failed: property 'sys.usb.controller' doesn't exist while expanding '${sys.usb.controller}'
[57266.824990] read descriptors
[57266.825104] read strings
[57266.827191] init: processing action (sys.usb.config=adb && sys.usb.configfs=1 && sys.usb.ffs.ready=1) from (/system/etc/init/hw/init.usb.configfs.rc:21)
[57266.829474] init: Command 'symlink /config/usb_gadget/g1/functions/ffs.adb /config/usb_gadget/g1/configs/b.1/f1' action=sys.usb.config=adb && sys.usb.configfs=1 && sys.usb.ffs.ready=1 (/system/etc/init/hw/init.usb.configfs.rc:23) took 0ms and failed: symlink() failed: File exists
[57266.829808] init: Command 'write /config/usb_gadget/g1/UDC ${sys.usb.controller}' action=sys.usb.config=adb && sys.usb.configfs=1 && sys.usb.ffs.ready=1 (/system/etc/init/hw/init.usb.configfs.rc:24) took 0ms and failed: property 'sys.usb.controller' doesn't exist while expanding '${sys.usb.controller}'
[57267.884620] read descriptors
[57267.884669] read strings
[57267.885821] init: processing action (sys.usb.config=adb && sys.usb.configfs=1 && sys.usb.ffs.ready=1) from (/system/etc/init/hw/init.usb.configfs.rc:21)
[57267.887963] init: Command 'symlink /config/usb_gadget/g1/functions/ffs.adb /config/usb_gadget/g1/configs/b.1/f1' action=sys.usb.config=adb && sys.usb.configfs=1 && sys.usb.ffs.ready=1 (/system/etc/init/hw/init.usb.configfs.rc:23) took 0ms and failed: symlink() failed: File exists
[57267.888337] init: Command 'write /config/usb_gadget/g1/UDC ${sys.usb.controller}' action=sys.usb.config=adb && sys.usb.configfs=1 && sys.usb.ffs.ready=1 (/system/etc/init/hw/init.usb.configfs.rc:24) took 0ms and failed: property 'sys.usb.controller' doesn't exist while expanding '${sys.usb.controller}'
[57268.931678] read descriptors
[57268.931793] read strings
[57268.933834] init: processing action (sys.usb.config=adb && sys.usb.configfs=1 && sys.usb.ffs.ready=1) from (/system/etc/init/hw/init.usb.configfs.rc:21)
[57269.968016] read descriptors
[57269.968070] read strings
[57270.842533] AICWFDBG(LOGTRACE)\x09>>> rwnx_cfg80211_scan()
[57270.842620] AICWFDBG(LOGTRACE)\x09>>> rwnx_send_scanu_req()
[57270.842653] AICWFDBG(LOGDEBUG)\x09scan channel:1(2412) \x0d
[57270.842677] AICWFDBG(LOGDEBUG)\x09scan channel:2(2417) \x0d
[57270.842709] AICWFDBG(LOGDEBUG)\x09scan channel:3(2422) \x0d
[57270.842731] AICWFDBG(LOGDEBUG)\x09scan channel:4(2427) \x0d
[57270.842762] AICWFDBG(LOGDEBUG)\x09scan channel:5(2432) \x0d
[57270.842786] AICWFDBG(LOGDEBUG)\x09scan channel:6(2437) \x0d
[57270.842808] AICWFDBG(LOGDEBUG)\x09scan channel:7(2442) \x0d
[57270.842832] AICWFDBG(LOGDEBUG)\x09scan channel:8(2447) \x0d
[57270.842854] AICWFDBG(LOGDEBUG)\x09scan channel:9(2452) \x0d
[57270.842877] AICWFDBG(LOGDEBUG)\x09scan channel:10(2457) \x0d
[57270.842900] AICWFDBG(LOGDEBUG)\x09scan channel:11(2462) \x0d
[57270.842924] AICWFDBG(LOGDEBUG)\x09scan channel:12(2467) \x0d
[57270.842953] AICWFDBG(LOGDEBUG)\x09scan channel:13(2472) \x0d
[57270.842976] AICWFDBG(LOGDEBUG)\x09scan channel:36(5180) \x0d
[57270.842999] AICWFDBG(LOGDEBUG)\x09scan channel:40(5200) \x0d
[57270.843028] AICWFDBG(LOGDEBUG)\x09scan channel:44(5220) \x0d
[57270.843049] AICWFDBG(LOGDEBUG)\x09scan channel:48(5240) \x0d
[57270.843079] AICWFDBG(LOGDEBUG)\x09scan channel:52(5260) \x0d
[57270.843101] AICWFDBG(LOGDEBUG)\x09scan channel:56(5280) \x0d
[57270.843123] AICWFDBG(LOGDEBUG)\x09scan channel:60(5300) \x0d
[57270.843156] AICWFDBG(LOGDEBUG)\x09scan channel:64(5320) \x0d
[57270.843178] AICWFDBG(LOGDEBUG)\x09scan channel:149(5745) \x0d
[57270.843209] AICWFDBG(LOGDEBUG)\x09scan channel:153(5765) \x0d
[57270.843231] AICWFDBG(LOGDEBUG)\x09scan channel:157(5785) \x0d
[57270.843253] AICWFDBG(LOGDEBUG)\x09scan channel:161(5805) \x0d
[57270.843284] AICWFDBG(LOGDEBUG)\x09scan channel:165(5825) \x0d
[57270.843315] AICWFDBG(LOGTRACE)\x09rwnx_send_msg (4105)SCANU_START_CFM_ADDTIONAL reqcfm:1 in_irq:0 in_softirq:0 in_atomic:0\x0d
[57270.843357] AICWFDBG(LOGTRACE)\x09rwnx_cmd_malloc get cmd_array[0]:00000000f100465a \x0d
[57270.844320] AICWFDBG(LOGDEBUG)\x09rwnx_rx_handle_msg msg->id:0x1009 \x0d
[57270.844491] AICWFDBG(LOGTRACE)\x09rwnx_cmd_free cmd_array[0]:00000000f100465a \x0d
[57270.899312] AICWFDBG(LOGDEBUG)\x09rwnx_rx_handle_msg msg->id:0x4f \x0d
[57270.906468] AICWFDBG(LOGDEBUG)\x09rwnx_rx_handle_msg msg->id:0x1004 \x0d
[57270.927068] AICWFDBG(LOGDEBUG)\x09rwnx_rx_handle_msg msg->id:0x1004 \x0d
[57270.934363] AICWFDBG(LOGDEBUG)\x09rwnx_rx_handle_msg msg->id:0x4f \x0d
[57270.941230] AICWFDBG(LOGDEBUG)\x09rwnx_rx_handle_msg msg->id:0x1004 \x0d
[57270.969306] AICWFDBG(LOGDEBUG)\x09rwnx_rx_handle_msg msg->id:0x4f \x0d
[57271.004392] AICWFDBG(LOGDEBUG)\x09rwnx_rx_handle_msg msg->id:0x4f \x0d
[57271.011762] read descriptors
[57271.011887] read strings
[57271.013884] init: processing action (sys.usb.config=adb && sys.usb.configfs=1 && sys.usb.ffs.ready=1) from (/system/etc/init/hw/init.usb.configfs.rc:21)
[57271.017965] init: Command 'symlink /config/usb_gadget/g1/functions/ffs.adb /config/usb_gadget/g1/configs/b.1/f1' action=sys.usb.config=adb && sys.usb.configfs=1 && sys.usb.ffs.ready=1 (/system/etc/init/hw/init.usb.configfs.rc:23) took 1ms and failed: symlink() failed: File exists
[57271.018648] init: Command 'write /config/usb_gadget/g1/UDC ${sys.usb.controller}' action=sys.usb.config=adb && sys.usb.configfs=1 && sys.usb.ffs.ready=1 (/system/etc/init/hw/init.usb.configfs.rc:24) took 0ms and failed: property 'sys.usb.controller' doesn't exist while expanding '${sys.usb.controller}'
[57271.039436] AICWFDBG(LOGDEBUG)\x09rwnx_rx_handle_msg msg->id:0x4f \x0d
[57271.094431] AICWFDBG(LOGDEBUG)\x09rwnx_rx_handle_msg msg->id:0x4f \x0d
[57271.129295] AICWFDBG(LOGDEBUG)\x09rwnx_rx_handle_msg msg->id:0x4f \x0d
[57271.164522] AICWFDBG(LOGDEBUG)\x09rwnx_rx_handle_msg msg->id:0x4f \x0d
[57271.166813] AICWFDBG(LOGDEBUG)\x09rwnx_rx_handle_msg msg->id:0x1004 \x0d
[57271.167347] AICWFDBG(LOGDEBUG)\x09rwnx_rx_handle_msg msg->id:0x1004 \x0d
[57271.199466] AICWFDBG(LOGDEBUG)\x09rwnx_rx_handle_msg msg->id:0x4f \x0d
[57271.234479] AICWFDBG(LOGDEBUG)\x09rwnx_rx_handle_msg msg->id:0x4f \x0d
[57271.270294] AICWFDBG(LOGDEBUG)\x09rwnx_rx_handle_msg msg->id:0x1004 \x0d
[57271.289469] AICWFDBG(LOGDEBUG)\x09rwnx_rx_handle_msg msg->id:0x4f \x0d
[57271.324518] AICWFDBG(LOGDEBUG)\x09rwnx_rx_handle_msg msg->id:0x4f \x0d
[57271.379552] AICWFDBG(LOGDEBUG)\x09rwnx_rx_handle_msg msg->id:0x4f \x0d
[57271.381401] AICWFDBG(LOGDEBUG)\x09rwnx_rx_handle_msg msg->id:0x1004 \x0d
[57271.434603] AICWFDBG(LOGDEBUG)\x09rwnx_rx_handle_msg msg->id:0x4f \x0d
[57271.469570] AICWFDBG(LOGDEBUG)\x09rwnx_rx_handle_msg msg->id:0x4f \x0d
[57271.524639] AICWFDBG(LOGDEBUG)\x09rwnx_rx_handle_msg msg->id:0x4f \x0d
[57271.527071] AICWFDBG(LOGDEBUG)\x09rwnx_rx_handle_msg msg->id:0x1004 \x0d
[57271.547687] AICWFDBG(LOGDEBUG)\x09rwnx_rx_handle_msg msg->id:0x1004 \x0d
[57271.548242] AICWFDBG(LOGDEBUG)\x09rwnx_rx_handle_msg msg->id:0x1004 \x0d
[57271.559667] AICWFDBG(LOGDEBUG)\x09rwnx_rx_handle_msg msg->id:0x4f \x0d
[57271.594670] AICWFDBG(LOGDEBUG)\x09rwnx_rx_handle_msg msg->id:0x4f \x0d
[57271.629667] AICWFDBG(LOGDEBUG)\x09rwnx_rx_handle_msg msg->id:0x4f \x0d
[57271.664749] AICWFDBG(LOGDEBUG)\x09rwnx_rx_handle_msg msg->id:0x4f \x0d
[57271.699625] AICWFDBG(LOGDEBUG)\x09rwnx_rx_handle_msg msg->id:0x4f \x0d
[57271.730216] AICWFDBG(LOGDEBUG)\x09rwnx_rx_handle_msg msg->id:0x1004 \x0d
[57271.734628] AICWFDBG(LOGDEBUG)\x09rwnx_rx_handle_msg msg->id:0x4f \x0d
[57271.789774] AICWFDBG(LOGDEBUG)\x09rwnx_rx_handle_msg msg->id:0x4f \x0d
[57271.844819] AICWFDBG(LOGDEBUG)\x09rwnx_rx_handle_msg msg->id:0x4f \x0d
[57271.899821] AICWFDBG(LOGDEBUG)\x09rwnx_rx_handle_msg msg->id:0x4f \x0d
[57271.934824] AICWFDBG(LOGDEBUG)\x09rwnx_rx_handle_msg msg->id:0x4f \x0d
[57271.934909] AICWFDBG(LOGDEBUG)\x09rwnx_rx_handle_msg msg->id:0x1001 \x0d
[57271.934941] AICWFDBG(LOGTRACE)\x09>>> rwnx_rx_scanu_start_cfm()
[57272.071893] read descriptors
[57272.071997] read strings
[57272.074024] init: processing action (sys.usb.config=adb && sys.usb.configfs=1 && sys.usb.ffs.ready=1) from (/system/etc/init/hw/init.usb.configfs.rc:21)
[57272.077972] init: Command 'symlink /config/usb_gadget/g1/functions/ffs.adb /config/usb_gadget/g1/configs/b.1/f1' action=sys.usb.config=adb && sys.usb.configfs=1 && sys.usb.ffs.ready=1 (/system/etc/init/hw/init.usb.configfs.rc:23) took 1ms and failed: symlink() failed: File exists
[57272.078646] init: Command 'write /config/usb_gadget/g1/UDC ${sys.usb.controller}' action=sys.usb.config=adb && sys.usb.configfs=1 && sys.usb.ffs.ready=1 (/system/etc/init/hw/init.usb.configfs.rc:24) took 0ms and failed: property 'sys.usb.controller' doesn't exist while expanding '${sys.usb.controller}'
[57273.114975] read descriptors
[57273.115077] read strings
[57273.117018] init: processing action (sys.usb.config=adb && sys.usb.configfs=1 && sys.usb.ffs.ready=1) from (/system/etc/init/hw/init.usb.configfs.rc:21)
[57273.121118] init: Command 'symlink /config/usb_gadget/g1/functions/ffs.adb /config/usb_gadget/g1/configs/b.1/f1' action=sys.usb.config=adb && sys.usb.configfs=1 && sys.usb.ffs.ready=1 (/system/etc/init/hw/init.usb.configfs.rc:23) took 1ms and failed: symlink() failed: File exists
[57273.121817] init: Command 'write /config/usb_gadget/g1/UDC ${sys.usb.controller}' action=sys.usb.config=adb && sys.usb.configfs=1 && sys.usb.ffs.ready=1 (/system/etc/init/hw/init.usb.configfs.rc:24) took 0ms and failed: property 'sys.usb.controller' doesn't exist while expanding '${sys.usb.controller}'
[57274.175154] read descriptors
[57274.175267] read strings
[57274.177312] init: processing action (sys.usb.config=adb && sys.usb.configfs=1 && sys.usb.ffs.ready=1) from (/system/etc/init/hw/init.usb.configfs.rc:21)
[57275.225103] read descriptors
[57275.225208] read strings
[57276.265073] read descriptors
[57276.265186] read strings
[57276.267163] init: processing action (sys.usb.config=adb && sys.usb.configfs=1 && sys.usb.ffs.ready=1) from (/system/etc/init/hw/init.usb.configfs.rc:21)
[57276.270933] init: Command 'symlink /config/usb_gadget/g1/functions/ffs.adb /config/usb_gadget/g1/configs/b.1/f1' action=sys.usb.config=adb && sys.usb.configfs=1 && sys.usb.ffs.ready=1 (/system/etc/init/hw/init.usb.configfs.rc:23) took 1ms and failed: symlink() failed: File exists
[57276.271607] init: Command 'write /config/usb_gadget/g1/UDC ${sys.usb.controller}' action=sys.usb.config=adb && sys.usb.configfs=1 && sys.usb.ffs.ready=1 (/system/etc/init/hw/init.usb.configfs.rc:24) took 0ms and failed: property 'sys.usb.controller' doesn't exist while expanding '${sys.usb.controller}'
[57277.311668] read descriptors
[57277.311778] read strings
[57277.313676] init: processing action (sys.usb.config=adb && sys.usb.configfs=1 && sys.usb.ffs.ready=1) from (/system/etc/init/hw/init.usb.configfs.rc:21)
[57277.317985] init: Command 'symlink /config/usb_gadget/g1/functions/ffs.adb /config/usb_gadget/g1/configs/b.1/f1' action=sys.usb.config=adb && sys.usb.configfs=1 && sys.usb.ffs.ready=1 (/system/etc/init/hw/init.usb.configfs.rc:23) took 1ms and failed: symlink() failed: File exists
[57277.318670] init: Command 'write /config/usb_gadget/g1/UDC ${sys.usb.controller}' action=sys.usb.config=adb && sys.usb.configfs=1 && sys.usb.ffs.ready=1 (/system/etc/init/hw/init.usb.configfs.rc:24) took 0ms and failed: property 'sys.usb.controller' doesn't exist while expanding '${sys.usb.controller}'
[57278.375083] read descriptors
[57278.375206] read strings
[57278.377236] init: processing action (sys.usb.config=adb && sys.usb.configfs=1 && sys.usb.ffs.ready=1) from (/system/etc/init/hw/init.usb.configfs.rc:21)
[57278.381429] init: Command 'symlink /config/usb_gadget/g1/functions/ffs.adb /config/usb_gadget/g1/configs/b.1/f1' action=sys.usb.config=adb && sys.usb.configfs=1 && sys.usb.ffs.ready=1 (/system/etc/init/hw/init.usb.configfs.rc:23) took 1ms and failed: symlink() failed: File exists
[57278.382174] init: Command 'write /config/usb_gadget/g1/UDC ${sys.usb.controller}' action=sys.usb.config=adb && sys.usb.configfs=1 && sys.usb.ffs.ready=1 (/system/etc/init/hw/init.usb.configfs.rc:24) took 0ms and failed: property 'sys.usb.controller' doesn't exist while expanding '${sys.usb.controller}'
[57279.437984] read descriptors
[57279.438047] read strings
[57279.439090] init: processing action (sys.usb.config=adb && sys.usb.configfs=1 && sys.usb.ffs.ready=1) from (/system/etc/init/hw/init.usb.configfs.rc:21)
[57280.475048] read descriptors
[57280.475160] read strings
[57280.847241] AICWFDBG(LOGTRACE)\x09>>> rwnx_cfg80211_scan()
[57280.847315] AICWFDBG(LOGTRACE)\x09>>> rwnx_send_scanu_req()
[57280.847340] AICWFDBG(LOGDEBUG)\x09scan channel:1(2412) \x0d
[57280.847357] AICWFDBG(LOGDEBUG)\x09scan channel:2(2417) \x0d
[57280.847383] AICWFDBG(LOGDEBUG)\x09scan channel:3(2422) \x0d
[57280.847399] AICWFDBG(LOGDEBUG)\x09scan channel:4(2427) \x0d
[57280.847413] AICWFDBG(LOGDEBUG)\x09scan channel:5(2432) \x0d
[57280.847516] AICWFDBG(LOGDEBUG)\x09scan channel:6(2437) \x0d
[57280.847535] AICWFDBG(LOGDEBUG)\x09scan channel:7(2442) \x0d
[57280.847550] AICWFDBG(LOGDEBUG)\x09scan channel:8(2447) \x0d
[57280.847569] AICWFDBG(LOGDEBUG)\x09scan channel:9(2452) \x0d
[57280.847584] AICWFDBG(LOGDEBUG)\x09scan channel:10(2457) \x0d
[57280.847599] AICWFDBG(LOGDEBUG)\x09scan channel:11(2462) \x0d
[57280.847625] AICWFDBG(LOGDEBUG)\x09scan channel:12(2467) \x0d
[57280.847659] AICWFDBG(LOGDEBUG)\x09scan channel:13(2472) \x0d
[57280.847689] AICWFDBG(LOGDEBUG)\x09scan channel:36(5180) \x0d
[57280.847717] AICWFDBG(LOGDEBUG)\x09scan channel:40(5200) \x0d
[57280.847746] AICWFDBG(LOGDEBUG)\x09scan channel:44(5220) \x0d
[57280.847775] AICWFDBG(LOGDEBUG)\x09scan channel:48(5240) \x0d
[57280.847810] AICWFDBG(LOGDEBUG)\x09scan channel:52(5260) \x0d
[57280.847831] AICWFDBG(LOGDEBUG)\x09scan channel:56(5280) \x0d
[57280.847845] AICWFDBG(LOGDEBUG)\x09scan channel:60(5300) \x0d
[57280.847860] AICWFDBG(LOGDEBUG)\x09scan channel:64(5320) \x0d
[57280.847875] AICWFDBG(LOGDEBUG)\x09scan channel:149(5745) \x0d
[57280.847890] AICWFDBG(LOGDEBUG)\x09scan channel:153(5765) \x0d
[57280.847904] AICWFDBG(LOGDEBUG)\x09scan channel:157(5785) \x0d
[57280.847918] AICWFDBG(LOGDEBUG)\x09scan channel:161(5805) \x0d
[57280.847933] AICWFDBG(LOGDEBUG)\x09scan channel:165(5825) \x0d
[57280.847954] AICWFDBG(LOGTRACE)\x09rwnx_send_msg (4105)SCANU_START_CFM_ADDTIONAL reqcfm:1 in_irq:0 in_softirq:0 in_atomic:0\x0d
[57280.847979] AICWFDBG(LOGTRACE)\x09rwnx_cmd_malloc get cmd_array[0]:00000000f100465a \x0d
[57280.848679] AICWFDBG(LOGDEBUG)\x09rwnx_rx_handle_msg msg->id:0x1009 \x0d
[57280.848755] AICWFDBG(LOGTRACE)\x09rwnx_cmd_free cmd_array[0]:00000000f100465a \x0d
[57280.868879] AICWFDBG(LOGDEBUG)\x09rwnx_rx_handle_msg msg->id:0x1004 \x0d
[57280.870555] AICWFDBG(LOGDEBUG)\x09rwnx_rx_handle_msg msg->id:0x1004 \x0d
[57280.903861] AICWFDBG(LOGDEBUG)\x09rwnx_rx_handle_msg msg->id:0x4f \x0d
[57280.911008] AICWFDBG(LOGDEBUG)\x09rwnx_rx_handle_msg msg->id:0x1004 \x0d
[57280.914522] AICWFDBG(LOGDEBUG)\x09rwnx_rx_handle_msg msg->id:0x1004 \x0d
[57280.938769] AICWFDBG(LOGDEBUG)\x09rwnx_rx_handle_msg msg->id:0x4f \x0d
[57280.945677] AICWFDBG(LOGDEBUG)\x09rwnx_rx_handle_msg msg->id:0x1004 \x0d
[57280.950773] AICWFDBG(LOGDEBUG)\x09rwnx_rx_handle_msg msg->id:0x1004 \x0d
[57280.961897] AICWFDBG(LOGDEBUG)\x09rwnx_rx_handle_msg msg->id:0x1004 \x0d
[57280.966841] AICWFDBG(LOGDEBUG)\x09rwnx_rx_handle_msg msg->id:0x1004 \x0d
[57280.974013] AICWFDBG(LOGDEBUG)\x09rwnx_rx_handle_msg msg->id:0x4f \x0d
[57281.009120] AICWFDBG(LOGDEBUG)\x09rwnx_rx_handle_msg msg->id:0x4f \x0d
[57281.044249] AICWFDBG(LOGDEBUG)\x09rwnx_rx_handle_msg msg->id:0x4f \x0d
[57281.099222] AICWFDBG(LOGDEBUG)\x09rwnx_rx_handle_msg msg->id:0x4f \x0d
[57281.134264] AICWFDBG(LOGDEBUG)\x09rwnx_rx_handle_msg msg->id:0x4f \x0d
[57281.169206] AICWFDBG(LOGDEBUG)\x09rwnx_rx_handle_msg msg->id:0x4f \x0d
[57281.171996] AICWFDBG(LOGDEBUG)\x09rwnx_rx_handle_msg msg->id:0x1004 \x0d
[57281.172626] AICWFDBG(LOGDEBUG)\x09rwnx_rx_handle_msg msg->id:0x1004 \x0d
[57281.188673] AICWFDBG(LOGDEBUG)\x09rwnx_rx_handle_msg msg->id:0x1004 \x0d
[57281.194724] AICWFDBG(LOGDEBUG)\x09rwnx_rx_handle_msg msg->id:0x1004 \x0d
[57281.204335] AICWFDBG(LOGDEBUG)\x09rwnx_rx_handle_msg msg->id:0x4f \x0d
[57281.239175] AICWFDBG(LOGDEBUG)\x09rwnx_rx_handle_msg msg->id:0x4f \x0d
[57281.290665] AICWFDBG(LOGDEBUG)\x09rwnx_rx_handle_msg msg->id:0x1004 \x0d
[57281.294357] AICWFDBG(LOGDEBUG)\x09rwnx_rx_handle_msg msg->id:0x4f \x0d
[57281.329291] AICWFDBG(LOGDEBUG)\x09rwnx_rx_handle_msg msg->id:0x4f \x0d
[57281.384362] AICWFDBG(LOGDEBUG)\x09rwnx_rx_handle_msg msg->id:0x4f \x0d
[57281.386131] AICWFDBG(LOGDEBUG)\x09rwnx_rx_handle_msg msg->id:0x1004 \x0d
[57281.393519] AICWFDBG(LOGDEBUG)\x09rwnx_rx_handle_msg msg->id:0x1004 \x0d
[57281.439392] AICWFDBG(LOGDEBUG)\x09rwnx_rx_handle_msg msg->id:0x4f \x0d
[57281.474410] AICWFDBG(LOGDEBUG)\x09rwnx_rx_handle_msg msg->id:0x4f \x0d
[57281.529403] AICWFDBG(LOGDEBUG)\x09rwnx_rx_handle_msg msg->id:0x4f \x0d
[57281.531603] AICWFDBG(LOGDEBUG)\x09rwnx_rx_handle_msg msg->id:0x1004 \x0d
[57281.538459] read descriptors
[57281.538570] read strings
[57281.540660] init: processing action (sys.usb.config=adb && sys.usb.configfs=1 && sys.usb.ffs.ready=1) from (/system/etc/init/hw/init.usb.configfs.rc:21)
[57281.544677] init: Command 'symlink /config/usb_gadget/g1/functions/ffs.adb /config/usb_gadget/g1/configs/b.1/f1' action=sys.usb.config=adb && sys.usb.configfs=1 && sys.usb.ffs.ready=1 (/system/etc/init/hw/init.usb.configfs.rc:23) took 1ms and failed: symlink() failed: File exists
[57281.545374] init: Command 'write /config/usb_gadget/g1/UDC ${sys.usb.controller}' action=sys.usb.config=adb && sys.usb.configfs=1 && sys.usb.ffs.ready=1 (/system/etc/init/hw/init.usb.configfs.rc:24) took 0ms and failed: property 'sys.usb.controller' doesn't exist while expanding '${sys.usb.controller}'
[57281.564470] AICWFDBG(LOGDEBUG)\x09rwnx_rx_handle_msg msg->id:0x4f \x0d
[57281.599468] AICWFDBG(LOGDEBUG)\x09rwnx_rx_handle_msg msg->id:0x4f \x0d
[57281.634483] AICWFDBG(LOGDEBUG)\x09rwnx_rx_handle_msg msg->id:0x4f \x0d
[57281.669371] AICWFDBG(LOGDEBUG)\x09rwnx_rx_handle_msg msg->id:0x4f \x0d
[57281.704416] AICWFDBG(LOGDEBUG)\x09rwnx_rx_handle_msg msg->id:0x4f \x0d
[57281.739545] AICWFDBG(LOGDEBUG)\x09rwnx_rx_handle_msg msg->id:0x4f \x0d
[57281.794620] AICWFDBG(LOGDEBUG)\x09rwnx_rx_handle_msg msg->id:0x4f \x0d
[57281.849554] AICWFDBG(LOGDEBUG)\x09rwnx_rx_handle_msg msg->id:0x4f \x0d
[57281.904617] AICWFDBG(LOGDEBUG)\x09rwnx_rx_handle_msg msg->id:0x4f \x0d
[57281.939626] AICWFDBG(LOGDEBUG)\x09rwnx_rx_handle_msg msg->id:0x4f \x0d
[57281.939719] AICWFDBG(LOGDEBUG)\x09rwnx_rx_handle_msg msg->id:0x1001 \x0d
[57281.939748] AICWFDBG(LOGTRACE)\x09>>> rwnx_rx_scanu_start_cfm()
[57282.588418] read descriptors
[57282.588514] read strings
[57282.590448] init: processing action (sys.usb.config=adb && sys.usb.configfs=1 && sys.usb.ffs.ready=1) from (/system/etc/init/hw/init.usb.configfs.rc:21)
[57282.594414] init: Command 'symlink /config/usb_gadget/g1/functions/ffs.adb /config/usb_gadget/g1/configs/b.1/f1' action=sys.usb.config=adb && sys.usb.configfs=1 && sys.usb.ffs.ready=1 (/system/etc/init/hw/init.usb.configfs.rc:23) took 1ms and failed: symlink() failed: File exists
[57282.595095] init: Command 'write /config/usb_gadget/g1/UDC ${sys.usb.controller}' action=sys.usb.config=adb && sys.usb.configfs=1 && sys.usb.ffs.ready=1 (/system/etc/init/hw/init.usb.configfs.rc:24) took 0ms and failed: property 'sys.usb.controller' doesn't exist while expanding '${sys.usb.controller}'
[57283.628000] read descriptors
[57283.628053] read strings
[57283.629054] init: processing action (sys.usb.config=adb && sys.usb.configfs=1 && sys.usb.ffs.ready=1) from (/system/etc/init/hw/init.usb.configfs.rc:21)
[57283.631129] init: Command 'symlink /config/usb_gadget/g1/functions/ffs.adb /config/usb_gadget/g1/configs/b.1/f1' action=sys.usb.config=adb && sys.usb.configfs=1 && sys.usb.ffs.ready=1 (/system/etc/init/hw/init.usb.configfs.rc:23) took 0ms and failed: symlink() failed: File exists
[57283.631526] init: Command 'write /config/usb_gadget/g1/UDC ${sys.usb.controller}' action=sys.usb.config=adb && sys.usb.configfs=1 && sys.usb.ffs.ready=1 (/system/etc/init/hw/init.usb.configfs.rc:24) took 0ms and failed: property 'sys.usb.controller' doesn't exist while expanding '${sys.usb.controller}'
[57284.665121] read descriptors
[57284.665228] read strings
[57284.667217] init: processing action (sys.usb.config=adb && sys.usb.configfs=1 && sys.usb.ffs.ready=1) from (/system/etc/init/hw/init.usb.configfs.rc:21)
[57285.728566] read descriptors
[57285.728644] read strings
[57286.778299] read descriptors
[57286.778416] read strings
[57286.780309] init: processing action (sys.usb.config=adb && sys.usb.configfs=1 && sys.usb.ffs.ready=1) from (/system/etc/init/hw/init.usb.configfs.rc:21)
[57286.784329] init: Command 'symlink /config/usb_gadget/g1/functions/ffs.adb /config/usb_gadget/g1/configs/b.1/f1' action=sys.usb.config=adb && sys.usb.configfs=1 && sys.usb.ffs.ready=1 (/system/etc/init/hw/init.usb.configfs.rc:23) took 1ms and failed: symlink() failed: File exists
[57286.785000] init: Command 'write /config/usb_gadget/g1/UDC ${sys.usb.controller}' action=sys.usb.config=adb && sys.usb.configfs=1 && sys.usb.ffs.ready=1 (/system/etc/init/hw/init.usb.configfs.rc:24) took 0ms and failed: property 'sys.usb.controller' doesn't exist while expanding '${sys.usb.controller}'
[57287.835120] read descriptors
[57287.835238] read strings
[57287.837268] init: processing action (sys.usb.config=adb && sys.usb.configfs=1 && sys.usb.ffs.ready=1) from (/system/etc/init/hw/init.usb.configfs.rc:21)
[57287.841252] init: Command 'symlink /config/usb_gadget/g1/functions/ffs.adb /config/usb_gadget/g1/configs/b.1/f1' action=sys.usb.config=adb && sys.usb.configfs=1 && sys.usb.ffs.ready=1 (/system/etc/init/hw/init.usb.configfs.rc:23) took 1ms and failed: symlink() failed: File exists
[57287.841909] init: Command 'write /config/usb_gadget/g1/UDC ${sys.usb.controller}' action=sys.usb.config=adb && sys.usb.configfs=1 && sys.usb.ffs.ready=1 (/system/etc/init/hw/init.usb.configfs.rc:24) took 0ms and failed: property 'sys.usb.controller' doesn't exist while expanding '${sys.usb.controller}'
[57288.888273] read descriptors
[57288.888372] read strings
[57288.890138] init: processing action (sys.usb.config=adb && sys.usb.configfs=1 && sys.usb.ffs.ready=1) from (/system/etc/init/hw/init.usb.configfs.rc:21)
[57288.894034] init: Command 'symlink /config/usb_gadget/g1/functions/ffs.adb /config/usb_gadget/g1/configs/b.1/f1' action=sys.usb.config=adb && sys.usb.configfs=1 && sys.usb.ffs.ready=1 (/system/etc/init/hw/init.usb.configfs.rc:23) took 1ms and failed: symlink() failed: File exists
[57288.894963] init: Command 'write /config/usb_gadget/g1/UDC ${sys.usb.controller}' action=sys.usb.config=adb && sys.usb.configfs=1 && sys.usb.ffs.ready=1 (/system/etc/init/hw/init.usb.configfs.rc:24) took 0ms and failed: property 'sys.usb.controller' doesn't exist while expanding '${sys.usb.controller}'
[57289.958506] read descriptors
[57289.958620] read strings
[57289.960596] init: processing action (sys.usb.config=adb && sys.usb.configfs=1 && sys.usb.ffs.ready=1) from (/system/etc/init/hw/init.usb.configfs.rc:21)
[57290.848674] AICWFDBG(LOGTRACE)\x09>>> rwnx_cfg80211_scan()
[57290.848735] AICWFDBG(LOGTRACE)\x09>>> rwnx_send_scanu_req()
[57290.848763] AICWFDBG(LOGDEBUG)\x09scan channel:1(2412) \x0d
[57290.848780] AICWFDBG(LOGDEBUG)\x09scan channel:2(2417) \x0d
[57290.848795] AICWFDBG(LOGDEBUG)\x09scan channel:3(2422) \x0d
[57290.848810] AICWFDBG(LOGDEBUG)\x09scan channel:4(2427) \x0d
[57290.848824] AICWFDBG(LOGDEBUG)\x09scan channel:5(2432) \x0d
[57290.848839] AICWFDBG(LOGDEBUG)\x09scan channel:6(2437) \x0d
[57290.848854] AICWFDBG(LOGDEBUG)\x09scan channel:7(2442) \x0d
[57290.848869] AICWFDBG(LOGDEBUG)\x09scan channel:8(2447) \x0d
[57290.848884] AICWFDBG(LOGDEBUG)\x09scan channel:9(2452) \x0d
[57290.848899] AICWFDBG(LOGDEBUG)\x09scan channel:10(2457) \x0d
[57290.848913] AICWFDBG(LOGDEBUG)\x09scan channel:11(2462) \x0d
[57290.848928] AICWFDBG(LOGDEBUG)\x09scan channel:12(2467) \x0d
[57290.848943] AICWFDBG(LOGDEBUG)\x09scan channel:13(2472) \x0d
[57290.848958] AICWFDBG(LOGDEBUG)\x09scan channel:36(5180) \x0d
[57290.848973] AICWFDBG(LOGDEBUG)\x09scan channel:40(5200) \x0d
[57290.848989] AICWFDBG(LOGDEBUG)\x09scan channel:44(5220) \x0d
[57290.849004] AICWFDBG(LOGDEBUG)\x09scan channel:48(5240) \x0d
[57290.849021] AICWFDBG(LOGDEBUG)\x09scan channel:52(5260) \x0d
[57290.849037] AICWFDBG(LOGDEBUG)\x09scan channel:56(5280) \x0d
[57290.849052] AICWFDBG(LOGDEBUG)\x09scan channel:60(5300) \x0d
[57290.849067] AICWFDBG(LOGDEBUG)\x09scan channel:64(5320) \x0d
[57290.849082] AICWFDBG(LOGDEBUG)\x09scan channel:149(5745) \x0d
[57290.849097] AICWFDBG(LOGDEBUG)\x09scan channel:153(5765) \x0d
[57290.849112] AICWFDBG(LOGDEBUG)\x09scan channel:157(5785) \x0d
[57290.849128] AICWFDBG(LOGDEBUG)\x09scan channel:161(5805) \x0d
[57290.849142] AICWFDBG(LOGDEBUG)\x09scan channel:165(5825) \x0d
[57290.849163] AICWFDBG(LOGTRACE)\x09rwnx_send_msg (4105)SCANU_START_CFM_ADDTIONAL reqcfm:1 in_irq:0 in_softirq:0 in_atomic:0\x0d
[57290.849188] AICWFDBG(LOGTRACE)\x09rwnx_cmd_malloc get cmd_array[0]:00000000f100465a \x0d
[57290.849883] AICWFDBG(LOGDEBUG)\x09rwnx_rx_handle_msg msg->id:0x1009 \x0d
[57290.849966] AICWFDBG(LOGTRACE)\x09rwnx_cmd_free cmd_array[0]:00000000f100465a \x0d
[57290.903988] AICWFDBG(LOGDEBUG)\x09rwnx_rx_handle_msg msg->id:0x1004 \x0d
[57290.905048] AICWFDBG(LOGDEBUG)\x09rwnx_rx_handle_msg msg->id:0x4f \x0d
[57290.911914] AICWFDBG(LOGDEBUG)\x09rwnx_rx_handle_msg msg->id:0x1004 \x0d
[57290.938166] AICWFDBG(LOGDEBUG)\x09rwnx_rx_handle_msg msg->id:0x1004 \x0d
[57290.939995] AICWFDBG(LOGDEBUG)\x09rwnx_rx_handle_msg msg->id:0x4f \x0d
[57290.946918] AICWFDBG(LOGDEBUG)\x09rwnx_rx_handle_msg msg->id:0x1004 \x0d
[57290.952910] AICWFDBG(LOGDEBUG)\x09rwnx_rx_handle_msg msg->id:0x1004 \x0d
[57290.975086] AICWFDBG(LOGDEBUG)\x09rwnx_rx_handle_msg msg->id:0x4f \x0d
[57290.997015] AICWFDBG(LOGDEBUG)\x09rwnx_rx_handle_msg msg->id:0x1004 \x0d
[57291.010095] AICWFDBG(LOGDEBUG)\x09rwnx_rx_handle_msg msg->id:0x4f \x0d
[57291.025143] read descriptors
[57291.025252] read strings
[57291.045155] AICWFDBG(LOGDEBUG)\x09rwnx_rx_handle_msg msg->id:0x4f \x0d
[57291.100148] AICWFDBG(LOGDEBUG)\x09rwnx_rx_handle_msg msg->id:0x4f \x0d
[57291.135182] AICWFDBG(LOGDEBUG)\x09rwnx_rx_handle_msg msg->id:0x4f \x0d
[57291.170163] AICWFDBG(LOGDEBUG)\x09rwnx_rx_handle_msg msg->id:0x4f \x0d
[57291.172892] AICWFDBG(LOGDEBUG)\x09rwnx_rx_handle_msg msg->id:0x1004 \x0d
[57291.173348] AICWFDBG(LOGDEBUG)\x09rwnx_rx_handle_msg msg->id:0x1004 \x0d
[57291.184372] AICWFDBG(LOGDEBUG)\x09rwnx_rx_handle_msg msg->id:0x1004 \x0d
[57291.205201] AICWFDBG(LOGDEBUG)\x09rwnx_rx_handle_msg msg->id:0x4f \x0d
[57291.240211] AICWFDBG(LOGDEBUG)\x09rwnx_rx_handle_msg msg->id:0x4f \x0d
[57291.295256] AICWFDBG(LOGDEBUG)\x09rwnx_rx_handle_msg msg->id:0x4f \x0d
[57291.330209] AICWFDBG(LOGDEBUG)\x09rwnx_rx_handle_msg msg->id:0x4f \x0d
[57291.385278] AICWFDBG(LOGDEBUG)\x09rwnx_rx_handle_msg msg->id:0x4f \x0d
[57291.387098] AICWFDBG(LOGDEBUG)\x09rwnx_rx_handle_msg msg->id:0x1004 \x0d
[57291.428480] AICWFDBG(LOGDEBUG)\x09rwnx_rx_handle_msg msg->id:0x1004 \x0d
[57291.440338] AICWFDBG(LOGDEBUG)\x09rwnx_rx_handle_msg msg->id:0x4f \x0d
[57291.475359] AICWFDBG(LOGDEBUG)\x09rwnx_rx_handle_msg msg->id:0x4f \x0d
[57291.530386] AICWFDBG(LOGDEBUG)\x09rwnx_rx_handle_msg msg->id:0x4f \x0d
[57291.532507] AICWFDBG(LOGDEBUG)\x09rwnx_rx_handle_msg msg->id:0x1004 \x0d
[57291.565420] AICWFDBG(LOGDEBUG)\x09rwnx_rx_handle_msg msg->id:0x4f \x0d
[57291.600605] AICWFDBG(LOGDEBUG)\x09rwnx_rx_handle_msg msg->id:0x4f \x0d
[57291.635441] AICWFDBG(LOGDEBUG)\x09rwnx_rx_handle_msg msg->id:0x4f \x0d
[57291.671032] AICWFDBG(LOGDEBUG)\x09rwnx_rx_handle_msg msg->id:0x4f \x0d
[57291.709464] AICWFDBG(LOGDEBUG)\x09rwnx_rx_handle_msg msg->id:0x4f \x0d
[57291.740499] AICWFDBG(LOGDEBUG)\x09rwnx_rx_handle_msg msg->id:0x4f \x0d
[57291.795535] AICWFDBG(LOGDEBUG)\x09rwnx_rx_handle_msg msg->id:0x4f \x0d
[57291.850648] AICWFDBG(LOGDEBUG)\x09rwnx_rx_handle_msg msg->id:0x4f \x0d
[57291.905581] AICWFDBG(LOGDEBUG)\x09rwnx_rx_handle_msg msg->id:0x4f \x0d
[57291.940456] AICWFDBG(LOGDEBUG)\x09rwnx_rx_handle_msg msg->id:0x4f \x0d
[57291.940507] AICWFDBG(LOGDEBUG)\x09rwnx_rx_handle_msg msg->id:0x1001 \x0d
[57291.940519] AICWFDBG(LOGTRACE)\x09>>> rwnx_rx_scanu_start_cfm()
[57292.064915] read descriptors
[57292.064998] read strings
[57292.066614] init: processing action (sys.usb.config=adb && sys.usb.configfs=1 && sys.usb.ffs.ready=1) from (/system/etc/init/hw/init.usb.configfs.rc:21)
[57292.069407] init: Command 'symlink /config/usb_gadget/g1/functions/ffs.adb /config/usb_gadget/g1/configs/b.1/f1' action=sys.usb.config=adb && sys.usb.configfs=1 && sys.usb.ffs.ready=1 (/system/etc/init/hw/init.usb.configfs.rc:23) took 0ms and failed: symlink() failed: File exists
[57292.069899] init: Command 'write /config/usb_gadget/g1/UDC ${sys.usb.controller}' action=sys.usb.config=adb && sys.usb.configfs=1 && sys.usb.ffs.ready=1 (/system/etc/init/hw/init.usb.configfs.rc:24) took 0ms and failed: property 'sys.usb.controller' doesn't exist while expanding '${sys.usb.controller}'
[57293.121428] read descriptors
[57293.121492] read strings
[57293.122573] init: processing action (sys.usb.config=adb && sys.usb.configfs=1 && sys.usb.ffs.ready=1) from (/system/etc/init/hw/init.usb.configfs.rc:21)
[57293.124836] init: Command 'symlink /config/usb_gadget/g1/functions/ffs.adb /config/usb_gadget/g1/configs/b.1/f1' action=sys.usb.config=adb && sys.usb.configfs=1 && sys.usb.ffs.ready=1 (/system/etc/init/hw/init.usb.configfs.rc:23) took 0ms and failed: symlink() failed: File exists
[57293.125211] init: Command 'write /config/usb_gadget/g1/UDC ${sys.usb.controller}' action=sys.usb.config=adb && sys.usb.configfs=1 && sys.usb.ffs.ready=1 (/system/etc/init/hw/init.usb.configfs.rc:24) took 0ms and failed: property 'sys.usb.controller' doesn't exist while expanding '${sys.usb.controller}'
[57294.161642] read descriptors
[57294.161759] read strings
[57294.163710] init: processing action (sys.usb.config=adb && sys.usb.configfs=1 && sys.usb.ffs.ready=1) from (/system/etc/init/hw/init.usb.configfs.rc:21)
[57294.167691] init: Command 'symlink /config/usb_gadget/g1/functions/ffs.adb /config/usb_gadget/g1/configs/b.1/f1' action=sys.usb.config=adb && sys.usb.configfs=1 && sys.usb.ffs.ready=1 (/system/etc/init/hw/init.usb.configfs.rc:23) took 1ms and failed: symlink() failed: File exists
[57294.168324] init: Command 'write /config/usb_gadget/g1/UDC ${sys.usb.controller}' action=sys.usb.config=adb && sys.usb.configfs=1 && sys.usb.ffs.ready=1 (/system/etc/init/hw/init.usb.configfs.rc:24) took 0ms and failed: property 'sys.usb.controller' doesn't exist while expanding '${sys.usb.controller}'
[57295.211753] read descriptors
[57295.211868] read strings
[57295.213911] init: processing action (sys.usb.config=adb && sys.usb.configfs=1 && sys.usb.ffs.ready=1) from (/system/etc/init/hw/init.usb.configfs.rc:21)
[57296.268434] read descriptors
[57296.268529] read strings
[57297.311290] read descriptors
[57297.311371] read strings
[57297.312487] init: processing action (sys.usb.config=adb && sys.usb.configfs=1 && sys.usb.ffs.ready=1) from (/system/etc/init/hw/init.usb.configfs.rc:21)
[57297.314734] init: Command 'symlink /config/usb_gadget/g1/functions/ffs.adb /config/usb_gadget/g1/configs/b.1/f1' action=sys.usb.config=adb && sys.usb.configfs=1 && sys.usb.ffs.ready=1 (/system/etc/init/hw/init.usb.configfs.rc:23) took 0ms and failed: symlink() failed: File exists
[57297.315119] init: Command 'write /config/usb_gadget/g1/UDC ${sys.usb.controller}' action=sys.usb.config=adb && sys.usb.configfs=1 && sys.usb.ffs.ready=1 (/system/etc/init/hw/init.usb.configfs.rc:24) took 0ms and failed: property 'sys.usb.controller' doesn't exist while expanding '${sys.usb.controller}'
[57298.358418] read descriptors
[57298.358526] read strings
[57298.360561] init: processing action (sys.usb.config=adb && sys.usb.configfs=1 && sys.usb.ffs.ready=1) from (/system/etc/init/hw/init.usb.configfs.rc:21)
[57298.364568] init: Command 'symlink /config/usb_gadget/g1/functions/ffs.adb /config/usb_gadget/g1/configs/b.1/f1' action=sys.usb.config=adb && sys.usb.configfs=1 && sys.usb.ffs.ready=1 (/system/etc/init/hw/init.usb.configfs.rc:23) took 1ms and failed: symlink() failed: File exists
[57298.365221] init: Command 'write /config/usb_gadget/g1/UDC ${sys.usb.controller}' action=sys.usb.config=adb && sys.usb.configfs=1 && sys.usb.ffs.ready=1 (/system/etc/init/hw/init.usb.configfs.rc:24) took 0ms and failed: property 'sys.usb.controller' doesn't exist while expanding '${sys.usb.controller}'
[57299.401689] read descriptors
[57299.402174] read strings
[57299.404348] init: processing action (sys.usb.config=adb && sys.usb.configfs=1 && sys.usb.ffs.ready=1) from (/system/etc/init/hw/init.usb.configfs.rc:21)
[57299.408342] init: Command 'symlink /config/usb_gadget/g1/functions/ffs.adb /config/usb_gadget/g1/configs/b.1/f1' action=sys.usb.config=adb && sys.usb.configfs=1 && sys.usb.ffs.ready=1 (/system/etc/init/hw/init.usb.configfs.rc:23) took 1ms and failed: symlink() failed: File exists
[57299.408921] init: Command 'write /config/usb_gadget/g1/UDC ${sys.usb.controller}' action=sys.usb.config=adb && sys.usb.configfs=1 && sys.usb.ffs.ready=1 (/system/etc/init/hw/init.usb.configfs.rc:24) took 0ms and failed: property 'sys.usb.controller' doesn't exist while expanding '${sys.usb.controller}'
[57300.451813] read descriptors
[57300.451990] read strings
[57300.453971] init: processing action (sys.usb.config=adb && sys.usb.configfs=1 && sys.usb.ffs.ready=1) from (/system/etc/init/hw/init.usb.configfs.rc:21)
[57300.850236] AICWFDBG(LOGTRACE)\x09>>> rwnx_cfg80211_scan()
[57300.850421] AICWFDBG(LOGTRACE)\x09>>> rwnx_send_scanu_req()
[57300.850458] AICWFDBG(LOGDEBUG)\x09scan channel:1(2412) \x0d
[57300.850474] AICWFDBG(LOGDEBUG)\x09scan channel:2(2417) \x0d
[57300.850490] AICWFDBG(LOGDEBUG)\x09scan channel:3(2422) \x0d
[57300.850513] AICWFDBG(LOGDEBUG)\x09scan channel:4(2427) \x0d
[57300.850528] AICWFDBG(LOGDEBUG)\x09scan channel:5(2432) \x0d
[57300.850542] AICWFDBG(LOGDEBUG)\x09scan channel:6(2437) \x0d
[57300.850557] AICWFDBG(LOGDEBUG)\x09scan channel:7(2442) \x0d
[57300.850575] AICWFDBG(LOGDEBUG)\x09scan channel:8(2447) \x0d
[57300.850590] AICWFDBG(LOGDEBUG)\x09scan channel:9(2452) \x0d
[57300.850646] AICWFDBG(LOGDEBUG)\x09scan channel:10(2457) \x0d
[57300.850662] AICWFDBG(LOGDEBUG)\x09scan channel:11(2462) \x0d
[57300.850677] AICWFDBG(LOGDEBUG)\x09scan channel:12(2467) \x0d
[57300.850703] AICWFDBG(LOGDEBUG)\x09scan channel:13(2472) \x0d
[57300.850719] AICWFDBG(LOGDEBUG)\x09scan channel:36(5180) \x0d
[57300.850735] AICWFDBG(LOGDEBUG)\x09scan channel:40(5200) \x0d
[57300.850761] AICWFDBG(LOGDEBUG)\x09scan channel:44(5220) \x0d
[57300.850864] AICWFDBG(LOGDEBUG)\x09scan channel:48(5240) \x0d
[57300.850895] AICWFDBG(LOGDEBUG)\x09scan channel:52(5260) \x0d
[57300.850924] AICWFDBG(LOGDEBUG)\x09scan channel:56(5280) \x0d
[57300.850963] AICWFDBG(LOGDEBUG)\x09scan channel:60(5300) \x0d
[57300.850999] AICWFDBG(LOGDEBUG)\x09scan channel:64(5320) \x0d
[57300.851034] AICWFDBG(LOGDEBUG)\x09scan channel:149(5745) \x0d
[57300.851064] AICWFDBG(LOGDEBUG)\x09scan channel:153(5765) \x0d
[57300.851100] AICWFDBG(LOGDEBUG)\x09scan channel:157(5785) \x0d
[57300.851130] AICWFDBG(LOGDEBUG)\x09scan channel:161(5805) \x0d
[57300.851161] AICWFDBG(LOGDEBUG)\x09scan channel:165(5825) \x0d
[57300.851182] AICWFDBG(LOGTRACE)\x09rwnx_send_msg (4105)SCANU_START_CFM_ADDTIONAL reqcfm:1 in_irq:0 in_softirq:0 in_atomic:0\x0d
[57300.851220] AICWFDBG(LOGTRACE)\x09rwnx_cmd_malloc get cmd_array[0]:00000000f100465a \x0d
[57300.852061] AICWFDBG(LOGDEBUG)\x09rwnx_rx_handle_msg msg->id:0x1009 \x0d
[57300.852247] AICWFDBG(LOGTRACE)\x09rwnx_cmd_free cmd_array[0]:00000000f100465a \x0d
[57300.907429] AICWFDBG(LOGDEBUG)\x09rwnx_rx_handle_msg msg->id:0x4f \x0d
[57300.914261] AICWFDBG(LOGDEBUG)\x09rwnx_rx_handle_msg msg->id:0x1004 \x0d
[57300.929499] AICWFDBG(LOGDEBUG)\x09rwnx_rx_handle_msg msg->id:0x1004 \x0d
[57300.938842] AICWFDBG(LOGDEBUG)\x09rwnx_rx_handle_msg msg->id:0x1004 \x0d
[57300.942073] AICWFDBG(LOGDEBUG)\x09rwnx_rx_handle_msg msg->id:0x4f \x0d
[57300.948931] AICWFDBG(LOGDEBUG)\x09rwnx_rx_handle_msg msg->id:0x1004 \x0d
[57300.977212] AICWFDBG(LOGDEBUG)\x09rwnx_rx_handle_msg msg->id:0x4f \x0d
[57301.012332] AICWFDBG(LOGDEBUG)\x09rwnx_rx_handle_msg msg->id:0x4f \x0d
[57301.047161] AICWFDBG(LOGDEBUG)\x09rwnx_rx_handle_msg msg->id:0x4f \x0d
